ISO-10303-21;
HEADER;
FILE_DESCRIPTION (( 'STEP AP203' ),
    '1' );
FILE_NAME ('Bidirectional shoulder_Default_sldprt.STEP',
    '2025-04-07T11:13:12',
    ( '' ),
    ( '' ),
    'SwSTEP 2.0',
    'SolidWorks 2023',
    '' );
FILE_SCHEMA (( 'CONFIG_CONTROL_DESIGN' ));
ENDSEC;

DATA;
#1 = VERTEX_POINT ( 'NONE', #6254 ) ;
#2 = DIRECTION ( 'NONE',  ( -0.01437157008667970005, 0.000000000000000000, -0.9998967236536200343 ) ) ;
#3 = CARTESIAN_POINT ( 'NONE',  ( 14.08057142857140143, 1.930000000000000160, 1.878272675864170127 ) ) ;
#4 = VERTEX_POINT ( 'NONE', #3565 ) ;
#5 = ORIENTED_EDGE ( 'NONE', *, *, #3229, .F. ) ;
#6 = DIRECTION ( 'NONE',  ( 0.000000000000000000, 0.000000000000000000, -1.000000000000000000 ) ) ;
#7 = DIRECTION ( 'NONE',  ( 0.000000000000000000, 0.000000000000000000, 1.000000000000000000 ) ) ;
#8 = CARTESIAN_POINT ( 'NONE',  ( -2.194937784320832197, 1.986910120865800655, -2.497993213080481389 ) ) ;
#9 = EDGE_CURVE ( 'NONE', #1884, #4154, #6639, .T. ) ;
#10 = CC_DESIGN_DATE_AND_TIME_ASSIGNMENT ( #1599, #979, ( #702 ) ) ;
#11 = AXIS2_PLACEMENT_3D ( 'NONE', #175, #2355, #6664 ) ;
#12 = DIRECTION ( 'NONE',  ( 0.000000000000000000, 0.000000000000000000, -1.000000000000000000 ) ) ;
#13 = CARTESIAN_POINT ( 'NONE',  ( 1.549130159674929841, 0.5999999999999999778, -2.272156629369010084 ) ) ;
#14 = ORIENTED_EDGE ( 'NONE', *, *, #5958, .T. ) ;
#15 = EDGE_LOOP ( 'NONE', ( #2042, #3318, #6940, #5646 ) ) ;
#16 = TOROIDAL_SURFACE ( 'NONE', #4181, 0.7699999999999999067, 0.1200000000000000094 ) ;
#17 = ADVANCED_FACE ( 'NONE', ( #181 ), #147, .F. ) ;
#18 = ADVANCED_FACE ( 'NONE', ( #5007 ), #5579, .T. ) ;
#19 = ORIENTED_EDGE ( 'NONE', *, *, #3174, .F. ) ;
#20 = EDGE_CURVE ( 'NONE', #5405, #2486, #1414, .T. ) ;
#21 = DIRECTION ( 'NONE',  ( 0.000000000000000000, -1.000000000000000000, 0.000000000000000000 ) ) ;
#22 = CARTESIAN_POINT ( 'NONE',  ( 0.4387970903225810182, 0.5999999999999999778, 2.583568165547140083 ) ) ;
#23 = DIRECTION ( 'NONE',  ( 0.6346615560562418601, 0.000000000000000000, -0.7727902103833029779 ) ) ;
#24 = TOROIDAL_SURFACE ( 'NONE', #2610, 0.7699999999999999067, 0.1200000000000000094 ) ;
#25 = ORIENTED_EDGE ( 'NONE', *, *, #6393, .T. ) ;
#26 = ORIENTED_EDGE ( 'NONE', *, *, #6231, .F. ) ;
#27 = CARTESIAN_POINT ( 'NONE',  ( -2.495244324181649542, 2.050000000000000266, 2.375243305987679854 ) ) ;
#28 = CIRCLE ( 'NONE', #1494, 2.100000000000000089 ) ;
#29 = ORIENTED_EDGE ( 'NONE', *, *, #6357, .T. ) ;
#30 = AXIS2_PLACEMENT_3D ( 'NONE', #1578, #6516, #3825 ) ;
#31 = DIRECTION ( 'NONE',  ( 0.000000000000000000, 1.000000000000000000, 0.000000000000000000 ) ) ;
#32 = DIRECTION ( 'NONE',  ( 0.000000000000000000, -1.000000000000000000, 0.000000000000000000 ) ) ;
#33 = ORIENTED_EDGE ( 'NONE', *, *, #2989, .F. ) ;
#34 = LINE ( 'NONE', #1112, #1142 ) ;
#35 = CARTESIAN_POINT ( 'NONE',  ( 0.000000000000000000, 2.050000000000000266, 0.000000000000000000 ) ) ;
#36 = ORIENTED_EDGE ( 'NONE', *, *, #1521, .T. ) ;
#37 = ORIENTED_EDGE ( 'NONE', *, *, #995, .F. ) ;
#38 = DIRECTION ( 'NONE',  ( -0.6894755605189183401, -2.491769668634271462E-15, -0.7243089475128163812 ) ) ;
#39 = VECTOR ( 'NONE', #6818, 1000.000000000000114 ) ;
#40 = LINE ( 'NONE', #2142, #1173 ) ;
#41 = CARTESIAN_POINT ( 'NONE',  ( -2.237085513683249705, 1.969347400333439690, -2.501136137133439963 ) ) ;
#42 = AXIS2_PLACEMENT_3D ( 'NONE', #276, #2383, #3021 ) ;
#43 = CARTESIAN_POINT ( 'NONE',  ( 14.25000000000000000, 1.930000000000000160, 0.7699999999999999067 ) ) ;
#44 = LINE ( 'NONE', #4975, #6208 ) ;
#45 = ORIENTED_EDGE ( 'NONE', *, *, #57, .T. ) ;
#46 = AXIS2_PLACEMENT_3D ( 'NONE', #6703, #6169, #5640 ) ;
#47 = ADVANCED_FACE ( 'NONE', ( #6673 ), #3415, .F. ) ;
#48 = DIRECTION ( 'NONE',  ( 1.000000000000000000, -0.000000000000000000, 1.224646799147353207E-16 ) ) ;
#49 = VERTEX_POINT ( 'NONE', #635 ) ;
#50 = ORIENTED_EDGE ( 'NONE', *, *, #326, .F. ) ;
#51 = FACE_OUTER_BOUND ( 'NONE', #2240, .T. ) ;
#52 = VECTOR ( 'NONE', #1758, 999.9999999999998863 ) ;
#53 = CARTESIAN_POINT ( 'NONE',  ( 14.25000000000000000, 0.1200000000000000094, 0.000000000000000000 ) ) ;
#54 = CARTESIAN_POINT ( 'NONE',  ( 8.250000000000000000, 1.930000000000000160, 0.6500000000000000222 ) ) ;
#55 = ORIENTED_EDGE ( 'NONE', *, *, #3067, .F. ) ;
#56 = EDGE_CURVE ( 'NONE', #4054, #2273, #1831, .T. ) ;
#57 = EDGE_CURVE ( 'NONE', #5279, #6761, #782, .T. ) ;
#58 = DIRECTION ( 'NONE',  ( 1.000000000000000000, 0.000000000000000000, 0.000000000000000000 ) ) ;
#59 = EDGE_CURVE ( 'NONE', #1746, #1954, #6117, .T. ) ;
#60 = VERTEX_POINT ( 'NONE', #6559 ) ;
#61 = CARTESIAN_POINT ( 'NONE',  ( -2.164710469765287026, 0.04635172751234650085, 2.523822181866644865 ) ) ;
#62 = ORIENTED_EDGE ( 'NONE', *, *, #453, .F. ) ;
#63 = ORIENTED_EDGE ( 'NONE', *, *, #4060, .T. ) ;
#64 = DIRECTION ( 'NONE',  ( 0.06039099147351189439, 0.000000000000000000, -0.9981747983939718294 ) ) ;
#65 = CARTESIAN_POINT ( 'NONE',  ( 2.161544889411496584, 1.994772268760174327, 2.526531202637213092 ) ) ;
#66 = CARTESIAN_POINT ( 'NONE',  ( -2.067586916831949839, 0.000000000000000000, -1.576415028266780149 ) ) ;
#67 = EDGE_LOOP ( 'NONE', ( #1372, #6122 ) ) ;
#68 = AXIS2_PLACEMENT_3D ( 'NONE', #900, #6868, #2022 ) ;
#69 = DIRECTION ( 'NONE',  ( 0.000000000000000000, -1.000000000000000000, 0.000000000000000000 ) ) ;
#70 = DIRECTION ( 'NONE',  ( 0.000000000000000000, 0.000000000000000000, 1.000000000000000000 ) ) ;
#71 = ORIENTED_EDGE ( 'NONE', *, *, #9, .F. ) ;
#72 = LINE ( 'NONE', #2319, #192 ) ;
#73 = AXIS2_PLACEMENT_3D ( 'NONE', #6222, #3531, #1912 ) ;
#74 = VERTEX_POINT ( 'NONE', #1719 ) ;
#75 = EDGE_CURVE ( 'NONE', #2685, #2231, #6028, .T. ) ;
#76 = DIRECTION ( 'NONE',  ( 0.000000000000000000, 0.000000000000000000, 1.000000000000000000 ) ) ;
#77 = CARTESIAN_POINT ( 'NONE',  ( -2.186779462265844298, 2.046859563610331723, 2.504728462957400925 ) ) ;
#78 = FACE_OUTER_BOUND ( 'NONE', #4788, .T. ) ;
#79 = DIRECTION ( 'NONE',  ( 0.000000000000000000, 0.000000000000000000, -1.000000000000000000 ) ) ;
#80 = AXIS2_PLACEMENT_3D ( 'NONE', #5216, #1934, #2500 ) ;
#81 = DIRECTION ( 'NONE',  ( -0.2084867079878839069, 0.000000000000000000, 0.9780252003871754418 ) ) ;
#82 = AXIS2_PLACEMENT_3D ( 'NONE', #1745, #133, #5416 ) ;
#83 = CARTESIAN_POINT ( 'NONE',  ( -8.250000000000000000, 0.1200000000000000094, 0.000000000000000000 ) ) ;
#84 = ORIENTED_EDGE ( 'NONE', *, *, #1306, .T. ) ;
#85 = DIRECTION ( 'NONE',  ( 0.000000000000000000, 0.000000000000000000, 1.000000000000000000 ) ) ;
#86 = VERTEX_POINT ( 'NONE', #5503 ) ;
#87 = CIRCLE ( 'NONE', #5834, 2.100000000000000089 ) ;
#88 = CYLINDRICAL_SURFACE ( 'NONE', #6461, 2.100000000000000089 ) ;
#89 = DIRECTION ( 'NONE',  ( 0.000000000000000000, 1.000000000000000000, 0.000000000000000000 ) ) ;
#90 = CARTESIAN_POINT ( 'NONE',  ( -14.08057142857140143, 2.050000000000000266, -1.878272675864170127 ) ) ;
#91 = EDGE_LOOP ( 'NONE', ( #4434, #5683, #4580, #510 ) ) ;
#92 = CIRCLE ( 'NONE', #4033, 0.6500000000000000222 ) ;
#93 = ORIENTED_EDGE ( 'NONE', *, *, #3758, .T. ) ;
#94 = DIRECTION ( 'NONE',  ( 0.000000000000000000, -1.000000000000000000, 0.000000000000000000 ) ) ;
#95 = ORIENTED_EDGE ( 'NONE', *, *, #6144, .F. ) ;
#96 = VERTEX_POINT ( 'NONE', #671 ) ;
#97 = EDGE_CURVE ( 'NONE', #2161, #5274, #4655, .T. ) ;
#98 = CARTESIAN_POINT ( 'NONE',  ( -14.25000000000000000, 1.930000000000000160, 0.6500000000000000222 ) ) ;
#99 = CARTESIAN_POINT ( 'NONE',  ( 2.032268409600510140, 0.5999999999999999778, -0.5290416914949120919 ) ) ;
#100 = CARTESIAN_POINT ( 'NONE',  ( 1.549130159674929841, 0.000000000000000000, -2.272156629369010084 ) ) ;
#101 = CIRCLE ( 'NONE', #3237, 0.6500000000000000222 ) ;
#102 = ORIENTED_EDGE ( 'NONE', *, *, #1996, .F. ) ;
#103 = CARTESIAN_POINT ( 'NONE',  ( 1.549130159674929841, -2.200000000000000178, -2.272156629369010084 ) ) ;
#104 = CARTESIAN_POINT ( 'NONE',  ( 0.000000000000000000, 0.000000000000000000, 1.375000000000000000 ) ) ;
#105 = DIRECTION ( 'NONE',  ( 0.000000000000000000, -1.000000000000000000, 0.000000000000000000 ) ) ;
#106 = ORIENTED_EDGE ( 'NONE', *, *, #228, .F. ) ;
#107 = EDGE_CURVE ( 'NONE', #5418, #2231, #2501, .T. ) ;
#108 = DIRECTION ( 'NONE',  ( 0.000000000000000000, 0.000000000000000000, 1.000000000000000000 ) ) ;
#109 = EDGE_CURVE ( 'NONE', #6967, #874, #2688, .T. ) ;
#110 = EDGE_CURVE ( 'NONE', #3200, #96, #1010, .T. ) ;
#111 = EDGE_LOOP ( 'NONE', ( #102, #5879, #5438, #4873 ) ) ;
#112 = CARTESIAN_POINT ( 'NONE',  ( 0.000000000000000000, 2.050000000000000266, 0.000000000000000000 ) ) ;
#113 = CARTESIAN_POINT ( 'NONE',  ( -2.408327250480109871, 2.169999999999999929, 2.292506238725410039 ) ) ;
#114 = DIRECTION ( 'NONE',  ( 0.000000000000000000, 1.000000000000000000, 0.000000000000000000 ) ) ;
#115 = CARTESIAN_POINT ( 'NONE',  ( 1.193180282573300222, 0.000000000000000000, 2.477664386731639912 ) ) ;
#116 = CARTESIAN_POINT ( 'NONE',  ( 1.680720077974450000, 0.5999999999999999778, 1.259039324045750030 ) ) ;
#117 = LINE ( 'NONE', #5469, #1242 ) ;
#118 = ORIENTED_EDGE ( 'NONE', *, *, #6476, .F. ) ;
#119 = LINE ( 'NONE', #3806, #5214 ) ;
#120 = ORIENTED_EDGE ( 'NONE', *, *, #5437, .F. ) ;
#121 = DIRECTION ( 'NONE',  ( 0.000000000000000000, 1.000000000000000000, 0.000000000000000000 ) ) ;
#122 = LINE ( 'NONE', #6644, #5589 ) ;
#123 = CARTESIAN_POINT ( 'NONE',  ( 1.683889348827610506E-16, 0.000000000000000000, -1.375000000000000000 ) ) ;
#124 = ORIENTED_EDGE ( 'NONE', *, *, #4932, .F. ) ;
#125 = AXIS2_PLACEMENT_3D ( 'NONE', #852, #1316, #1238 ) ;
#126 = ORIENTED_EDGE ( 'NONE', *, *, #1860, .F. ) ;
#127 = DIRECTION ( 'NONE',  ( 0.000000000000000000, 1.000000000000000000, 0.000000000000000000 ) ) ;
#128 = ORIENTED_EDGE ( 'NONE', *, *, #6783, .F. ) ;
#129 = ORIENTED_EDGE ( 'NONE', *, *, #586, .T. ) ;
#130 = CARTESIAN_POINT ( 'NONE',  ( 0.000000000000000000, 0.5999999999999999778, 0.000000000000000000 ) ) ;
#131 = DIRECTION ( 'NONE',  ( 0.000000000000000000, 0.000000000000000000, 1.000000000000000000 ) ) ;
#132 = AXIS2_PLACEMENT_3D ( 'NONE', #5154, #917, #3003 ) ;
#133 = DIRECTION ( 'NONE',  ( 0.000000000000000000, 1.000000000000000000, 0.000000000000000000 ) ) ;
#134 = EDGE_LOOP ( 'NONE', ( #1143, #6438, #6437, #2687, #1933, #3938, #1551, #3361 ) ) ;
#135 = DIRECTION ( 'NONE',  ( 0.08905375999728329384, 0.000000000000000000, 0.9960268208388498579 ) ) ;
#136 = EDGE_CURVE ( 'NONE', #5622, #6603, #1514, .T. ) ;
#137 = DIRECTION ( 'NONE',  ( 0.000000000000000000, -1.000000000000000000, 0.000000000000000000 ) ) ;
#138 = AXIS2_PLACEMENT_3D ( 'NONE', #5991, #38, #4827 ) ;
#139 = FACE_OUTER_BOUND ( 'NONE', #3680, .T. ) ;
#140 = ORIENTED_EDGE ( 'NONE', *, *, #2469, .F. ) ;
#141 = LINE ( 'NONE', #3410, #3115 ) ;
#142 = TOROIDAL_SURFACE ( 'NONE', #1037, 0.7699999999999999067, 0.1200000000000000094 ) ;
#143 = ORIENTED_EDGE ( 'NONE', *, *, #5842, .T. ) ;
#144 = ADVANCED_FACE ( 'NONE', ( #392, #6812 ), #4052, .T. ) ;
#145 = DIRECTION ( 'NONE',  ( 0.000000000000000000, 1.000000000000000000, 0.000000000000000000 ) ) ;
#146 = ADVANCED_FACE ( 'NONE', ( #3065 ), #5821, .F. ) ;
#147 = PLANE ( 'NONE',  #2239 ) ;
#148 = EDGE_CURVE ( 'NONE', #4573, #732, #845, .T. ) ;
#149 = CYLINDRICAL_SURFACE ( 'NONE', #3997, 2.100000000000000089 ) ;
#150 = DIRECTION ( 'NONE',  ( -0.4208905919592591527, 0.000000000000000000, 0.9071114096957354489 ) ) ;
#151 = PLANE ( 'NONE',  #1087 ) ;
#152 = CARTESIAN_POINT ( 'NONE',  ( 0.000000000000000000, 0.5999999999999999778, 0.000000000000000000 ) ) ;
#153 = CIRCLE ( 'NONE', #4656, 0.1199999999999999956 ) ;
#154 = ORIENTED_EDGE ( 'NONE', *, *, #4107, .F. ) ;
#155 = VECTOR ( 'NONE', #4980, 1000.000000000000000 ) ;
#156 = CYLINDRICAL_SURFACE ( 'NONE', #2397, 2.600000000000000089 ) ;
#157 = ORIENTED_EDGE ( 'NONE', *, *, #4015, .T. ) ;
#158 = DIRECTION ( 'NONE',  ( 0.000000000000000000, -1.000000000000000000, 0.000000000000000000 ) ) ;
#159 = LINE ( 'NONE', #3320, #4338 ) ;
#160 = PLANE ( 'NONE',  #1321 ) ;
#161 = CIRCLE ( 'NONE', #3992, 2.100000000000000089 ) ;
#162 = ORIENTED_EDGE ( 'NONE', *, *, #2388, .T. ) ;
#163 = EDGE_CURVE ( 'NONE', #3773, #2186, #450, .T. ) ;
#164 = ORIENTED_EDGE ( 'NONE', *, *, #2260, .F. ) ;
#165 = DIRECTION ( 'NONE',  ( 0.000000000000000000, 0.000000000000000000, 1.000000000000000000 ) ) ;
#166 = ORIENTED_EDGE ( 'NONE', *, *, #5666, .F. ) ;
#167 = AXIS2_PLACEMENT_3D ( 'NONE', #1178, #579, #2162 ) ;
#168 = ORIENTED_EDGE ( 'NONE', *, *, #3756, .T. ) ;
#169 = DIRECTION ( 'NONE',  ( 0.000000000000000000, -1.000000000000000000, 0.000000000000000000 ) ) ;
#170 = LINE ( 'NONE', #730, #2263 ) ;
#171 = CARTESIAN_POINT ( 'NONE',  ( 0.7654626712879000205, 0.5999999999999999778, -2.569555337238609738 ) ) ;
#172 = ORIENTED_EDGE ( 'NONE', *, *, #3536, .F. ) ;
#173 = DIRECTION ( 'NONE',  ( 0.000000000000000000, 0.000000000000000000, 1.000000000000000000 ) ) ;
#174 = FACE_OUTER_BOUND ( 'NONE', #4606, .T. ) ;
#175 = CARTESIAN_POINT ( 'NONE',  ( 2.228777735894150069, 1.930000000000000160, 2.626894517102379645 ) ) ;
#176 = ORIENTED_EDGE ( 'NONE', *, *, #1816, .T. ) ;
#177 = DIRECTION ( 'NONE',  ( -0.9865867320159830145, 0.000000000000000000, -0.1632379251584109847 ) ) ;
#178 = ORIENTED_EDGE ( 'NONE', *, *, #2107, .T. ) ;
#179 = CARTESIAN_POINT ( 'NONE',  ( 6.250000000000000000, 0.1200000000000000094, -0.6500000000000000222 ) ) ;
#180 = CYLINDRICAL_SURFACE ( 'NONE', #1027, 2.274999999999999911 ) ;
#181 = FACE_OUTER_BOUND ( 'NONE', #3433, .T. ) ;
#182 = CARTESIAN_POINT ( 'NONE',  ( -0.8202942746994060785, 0.000000000000000000, -2.467208402809820011 ) ) ;
#183 = DIRECTION ( 'NONE',  ( 0.000000000000000000, 1.000000000000000000, 0.000000000000000000 ) ) ;
#184 = AXIS2_PLACEMENT_3D ( 'NONE', #5870, #3743, #5341 ) ;
#185 = EDGE_LOOP ( 'NONE', ( #4219, #739, #1129, #6851 ) ) ;
#186 = EDGE_CURVE ( 'NONE', #4747, #513, #4165, .T. ) ;
#187 = ADVANCED_FACE ( 'NONE', ( #2467 ), #4191, .T. ) ;
#188 = DIRECTION ( 'NONE',  ( 0.000000000000000000, -1.000000000000000000, 0.000000000000000000 ) ) ;
#189 = ADVANCED_FACE ( 'NONE', ( #2003 ), #6776, .F. ) ;
#190 = LINE ( 'NONE', #6754, #2220 ) ;
#191 = DIRECTION ( 'NONE',  ( 0.000000000000000000, 0.000000000000000000, -1.000000000000000000 ) ) ;
#192 = VECTOR ( 'NONE', #6097, 1000.000000000000000 ) ;
#193 = DIRECTION ( 'NONE',  ( 0.000000000000000000, 1.000000000000000000, 0.000000000000000000 ) ) ;
#194 = VERTEX_POINT ( 'NONE', #5284 ) ;
#195 = EDGE_CURVE ( 'NONE', #361, #5873, #5290, .T. ) ;
#196 = CARTESIAN_POINT ( 'NONE',  ( -8.250000000000000000, 1.930000000000000160, -0.7699999999999999067 ) ) ;
#197 = CIRCLE ( 'NONE', #1541, 0.7699999999999999067 ) ;
#198 = LINE ( 'NONE', #6189, #4360 ) ;
#199 = EDGE_CURVE ( 'NONE', #3652, #465, #3248, .T. ) ;
#200 = ORIENTED_EDGE ( 'NONE', *, *, #3448, .T. ) ;
#201 = ORIENTED_EDGE ( 'NONE', *, *, #4961, .F. ) ;
#202 = B_SPLINE_CURVE_WITH_KNOTS ( 'NONE', 3,
 ( #4957, #3861, #1670, #2877, #2312, #587, #1184, #622 ),
 .UNSPECIFIED., .F., .F.,
 ( 4, 2, 2, 4 ),
 ( 0.000000000000000000, 0.5000000000000011102, 0.7500000000000006661, 1.000000000000000000 ),
 .UNSPECIFIED. ) ;
#203 = CARTESIAN_POINT ( 'NONE',  ( 0.000000000000000000, 0.5999999999999999778, 0.000000000000000000 ) ) ;
#204 = EDGE_LOOP ( 'NONE', ( #3220, #5278 ) ) ;
#205 = VECTOR ( 'NONE', #4001, 1000.000000000000227 ) ;
#206 = ORIENTED_EDGE ( 'NONE', *, *, #1124, .T. ) ;
#207 = DIRECTION ( 'NONE',  ( 0.000000000000000000, 1.000000000000000000, 0.000000000000000000 ) ) ;
#208 = CARTESIAN_POINT ( 'NONE',  ( -14.25000000000000000, 2.050000000000000266, 0.000000000000000000 ) ) ;
#209 = LINE ( 'NONE', #3898, #5033 ) ;
#210 = VERTEX_POINT ( 'NONE', #5716 ) ;
#211 = CIRCLE ( 'NONE', #1335, 2.100000000000000089 ) ;
#212 = DIRECTION ( 'NONE',  ( 0.000000000000000000, 0.000000000000000000, 1.000000000000000000 ) ) ;
#213 = CARTESIAN_POINT ( 'NONE',  ( 14.08057142857140143, 2.050000000000000266, 1.878272675864170127 ) ) ;
#214 = CARTESIAN_POINT ( 'NONE',  ( -2.151101476921260414, 1.970682988009732295, 2.535426496661110196 ) ) ;
#215 = DIRECTION ( 'NONE',  ( 0.000000000000000000, -1.000000000000000000, 0.000000000000000000 ) ) ;
#216 = VERTEX_POINT ( 'NONE', #4687 ) ;
#217 = AXIS2_PLACEMENT_3D ( 'NONE', #3534, #1287, #792 ) ;
#218 = DIRECTION ( 'NONE',  ( 0.000000000000000000, 1.000000000000000000, 0.000000000000000000 ) ) ;
#219 = VERTEX_POINT ( 'NONE', #4157 ) ;
#220 = DIRECTION ( 'NONE',  ( 0.000000000000000000, 1.000000000000000000, 0.000000000000000000 ) ) ;
#221 = LOCAL_TIME ( 13, 13, 12.00000000000000000, #6578 ) ;
#222 = CARTESIAN_POINT ( 'NONE',  ( -2.312423058778764862, 2.150997727801097437, 2.389282901184458741 ) ) ;
#223 = DIRECTION ( 'NONE',  ( 0.000000000000000000, 0.000000000000000000, -1.000000000000000000 ) ) ;
#224 = CARTESIAN_POINT ( 'NONE',  ( -2.408327262351748654, 2.170062718970839022, -2.292506250026110859 ) ) ;
#225 = DIRECTION ( 'NONE',  ( 0.000000000000000000, 1.000000000000000000, 0.000000000000000000 ) ) ;
#226 = LINE ( 'NONE', #333, #3025 ) ;
#227 = LINE ( 'NONE', #4030, #1807 ) ;
#228 = EDGE_CURVE ( 'NONE', #4380, #4657, #2370, .T. ) ;
#229 = FACE_OUTER_BOUND ( 'NONE', #1989, .T. ) ;
#230 = ORIENTED_EDGE ( 'NONE', *, *, #57, .F. ) ;
#231 = LINE ( 'NONE', #3960, #205 ) ;
#232 = LINE ( 'NONE', #4036, #4712 ) ;
#233 = ORIENTED_EDGE ( 'NONE', *, *, #1353, .T. ) ;
#234 = EDGE_CURVE ( 'NONE', #465, #2192, #1917, .T. ) ;
#235 = ORIENTED_EDGE ( 'NONE', *, *, #4159, .F. ) ;
#236 = ADVANCED_FACE ( 'NONE', ( #2032 ), #6342, .F. ) ;
#237 = CARTESIAN_POINT ( 'NONE',  ( -2.355408060322971675, -0.1200574169701080079, 2.348099009211891186 ) ) ;
#238 = EDGE_LOOP ( 'NONE', ( #441, #6831, #835, #6591 ) ) ;
#239 = EDGE_CURVE ( 'NONE', #5550, #3016, #3162, .T. ) ;
#240 = ORIENTED_EDGE ( 'NONE', *, *, #5429, .F. ) ;
#241 = LINE ( 'NONE', #4643, #1840 ) ;
#242 = DIRECTION ( 'NONE',  ( 0.000000000000000000, -1.000000000000000000, 0.000000000000000000 ) ) ;
#243 = DIRECTION ( 'NONE',  ( 0.000000000000000000, 0.000000000000000000, -1.000000000000000000 ) ) ;
#244 = AXIS2_PLACEMENT_3D ( 'NONE', #736, #4438, #3941 ) ;
#245 = VERTEX_POINT ( 'NONE', #3259 ) ;
#246 = LINE ( 'NONE', #3300, #6287 ) ;
#247 = DIRECTION ( 'NONE',  ( 0.04285714285713609212, 0.000000000000000000, -0.9990812105660494824 ) ) ;
#248 = CARTESIAN_POINT ( 'NONE',  ( -2.237262477650820092, 1.969501085018899644, 2.501056944821389738 ) ) ;
#249 = AXIS2_PLACEMENT_3D ( 'NONE', #5547, #2972, #3996 ) ;
#250 = ORIENTED_EDGE ( 'NONE', *, *, #59, .F. ) ;
#251 = CARTESIAN_POINT ( 'NONE',  ( 2.223635173115270369, 0.09965351321339799284, -2.507004759207259958 ) ) ;
#252 = AXIS2_PLACEMENT_3D ( 'NONE', #277, #5774, #5703 ) ;
#253 = ORIENTED_EDGE ( 'NONE', *, *, #6557, .T. ) ;
#254 = AXIS2_PLACEMENT_3D ( 'NONE', #4194, #359, #6313 ) ;
#255 = CARTESIAN_POINT ( 'NONE',  ( 14.25000000000000000, -2.200000000000000178, 0.000000000000000000 ) ) ;
#256 = ORIENTED_EDGE ( 'NONE', *, *, #6479, .T. ) ;
#257 = CYLINDRICAL_SURFACE ( 'NONE', #569, 0.1199999999999997319 ) ;
#258 = DIRECTION ( 'NONE',  ( 0.000000000000000000, 0.000000000000000000, 1.000000000000000000 ) ) ;
#259 = AXIS2_PLACEMENT_3D ( 'NONE', #4927, #6949, #6480 ) ;
#260 = DIRECTION ( 'NONE',  ( 0.000000000000000000, 1.000000000000000000, 0.000000000000000000 ) ) ;
#261 = LINE ( 'NONE', #6716, #2942 ) ;
#262 = CIRCLE ( 'NONE', #3734, 2.600000000000000089 ) ;
#263 = DIRECTION ( 'NONE',  ( 0.000000000000000000, 1.000000000000000000, 0.000000000000000000 ) ) ;
#264 = ORIENTED_EDGE ( 'NONE', *, *, #5623, .F. ) ;
#265 = DIRECTION ( 'NONE',  ( 0.000000000000000000, 0.000000000000000000, -1.000000000000000000 ) ) ;
#266 = AXIS2_PLACEMENT_3D ( 'NONE', #1941, #711, #4059 ) ;
#267 = CARTESIAN_POINT ( 'NONE',  ( 2.322139482117987264, -0.02216960142991122526, 2.380723423415899376 ) ) ;
#268 = EDGE_CURVE ( 'NONE', #1015, #1071, #920, .T. ) ;
#269 = CARTESIAN_POINT ( 'NONE',  ( -1.786042650225290185, -2.200000000000000178, -1.104559483041190004 ) ) ;
#270 = ORIENTED_EDGE ( 'NONE', *, *, #3496, .T. ) ;
#271 = AXIS2_PLACEMENT_3D ( 'NONE', #6421, #2112, #1582 ) ;
#272 = CARTESIAN_POINT ( 'NONE',  ( 1.234942045101850017, 0.000000000000000000, 1.698504679192750055 ) ) ;
#273 = ORIENTED_EDGE ( 'NONE', *, *, #5615, .F. ) ;
#274 = EDGE_LOOP ( 'NONE', ( #3471, #5064, #5087, #4681 ) ) ;
#275 = VECTOR ( 'NONE', #2739, 1000.000000000000000 ) ;
#276 = CARTESIAN_POINT ( 'NONE',  ( -4.250000000000000000, 2.050000000000000266, 0.000000000000000000 ) ) ;
#277 = CARTESIAN_POINT ( 'NONE',  ( 0.000000000000000000, 2.230000000000000426, 0.000000000000000000 ) ) ;
#278 = FACE_OUTER_BOUND ( 'NONE', #4429, .T. ) ;
#279 = EDGE_CURVE ( 'NONE', #4054, #1324, #2167, .T. ) ;
#280 = EDGE_CURVE ( 'NONE', #6471, #6401, #680, .T. ) ;
#281 = VERTEX_POINT ( 'NONE', #4357 ) ;
#282 = LINE ( 'NONE', #2494, #2008 ) ;
#283 = AXIS2_PLACEMENT_3D ( 'NONE', #1623, #121, #4874 ) ;
#284 = CARTESIAN_POINT ( 'NONE',  ( -10.25000000000000000, -2.200000000000000178, 0.000000000000000000 ) ) ;
#285 = CARTESIAN_POINT ( 'NONE',  ( -2.559902808771560068, 0.000000000000000000, -1.004687817007580142 ) ) ;
#286 = EDGE_LOOP ( 'NONE', ( #1065, #6406, #5598, #1546 ) ) ;
#287 = CARTESIAN_POINT ( 'NONE',  ( 2.439278249353149963, -4.117913675080889029E-15, -2.405245050716230182 ) ) ;
#288 = EDGE_LOOP ( 'NONE', ( #2873, #2401, #140, #4491, #2878, #4343 ) ) ;
#289 = DIRECTION ( 'NONE',  ( 0.9990812105660493714, 0.000000000000000000, 0.04285714285714280897 ) ) ;
#290 = ORIENTED_EDGE ( 'NONE', *, *, #891, .F. ) ;
#291 = FACE_OUTER_BOUND ( 'NONE', #6652, .T. ) ;
#292 = DIRECTION ( 'NONE',  ( 0.000000000000000000, -1.000000000000000000, 0.000000000000000000 ) ) ;
#293 = EDGE_CURVE ( 'NONE', #1431, #4439, #5379, .T. ) ;
#294 = DIRECTION ( 'NONE',  ( 0.000000000000000000, 1.000000000000000000, 0.000000000000000000 ) ) ;
#295 = LINE ( 'NONE', #5016, #1130 ) ;
#296 = AXIS2_PLACEMENT_3D ( 'NONE', #4280, #1535, #446 ) ;
#297 = CARTESIAN_POINT ( 'NONE',  ( -0.8105767296299890567, -2.200000000000000178, -2.627825215911889778 ) ) ;
#298 = ORIENTED_EDGE ( 'NONE', *, *, #4592, .F. ) ;
#299 = DIRECTION ( 'NONE',  ( 0.9998967236536199232, 0.000000000000000000, -0.01437157008667969832 ) ) ;
#300 = AXIS2_PLACEMENT_3D ( 'NONE', #4634, #1388, #929 ) ;
#301 = DIRECTION ( 'NONE',  ( -1.000000000000000000, 0.000000000000000000, 0.000000000000000000 ) ) ;
#302 = AXIS2_PLACEMENT_3D ( 'NONE', #3482, #4550, #6667 ) ;
#303 = DIRECTION ( 'NONE',  ( -1.000000000000000000, 0.000000000000000000, 0.000000000000000000 ) ) ;
#304 = ORIENTED_EDGE ( 'NONE', *, *, #1900, .T. ) ;
#305 = CARTESIAN_POINT ( 'NONE',  ( -2.230118976453059787, 0.02127608888180408317, 2.466594491214110008 ) ) ;
#306 = ORIENTED_EDGE ( 'NONE', *, *, #3199, .F. ) ;
#307 = AXIS2_PLACEMENT_3D ( 'NONE', #3298, #6056, #4920 ) ;
#308 = ORIENTED_EDGE ( 'NONE', *, *, #268, .F. ) ;
#309 = CARTESIAN_POINT ( 'NONE',  ( 10.25000000000000000, 1.930000000000000160, 0.000000000000000000 ) ) ;
#310 = DIRECTION ( 'NONE',  ( 0.9512380230706051210, 0.000000000000000000, 0.3084578147246829771 ) ) ;
#311 = CARTESIAN_POINT ( 'NONE',  ( 2.312423058765231687, 2.150997727801097881, -2.389282901197557152 ) ) ;
#312 = ORIENTED_EDGE ( 'NONE', *, *, #6219, .T. ) ;
#313 = DIRECTION ( 'NONE',  ( 0.000000000000000000, 0.000000000000000000, 1.000000000000000000 ) ) ;
#314 = AXIS2_PLACEMENT_3D ( 'NONE', #1163, #4941, #6033 ) ;
#315 = LINE ( 'NONE', #349, #4372 ) ;
#316 = DIRECTION ( 'NONE',  ( 0.000000000000000000, 0.000000000000000000, 1.000000000000000000 ) ) ;
#317 = CARTESIAN_POINT ( 'NONE',  ( -2.276541277376340044, 2.000449171444499630, 2.483406930441729887 ) ) ;
#318 = EDGE_CURVE ( 'NONE', #3016, #5145, #4282, .T. ) ;
#319 = EDGE_LOOP ( 'NONE', ( #3186, #2771, #2410, #5857 ) ) ;
#320 = FACE_BOUND ( 'NONE', #412, .T. ) ;
#321 = DIRECTION ( 'NONE',  ( 0.000000000000000000, 0.000000000000000000, -1.000000000000000000 ) ) ;
#322 = VECTOR ( 'NONE', #714, 1000.000000000000114 ) ;
#323 = ORIENTED_EDGE ( 'NONE', *, *, #6184, .T. ) ;
#324 = DIRECTION ( 'NONE',  ( 0.000000000000000000, 0.000000000000000000, 1.000000000000000000 ) ) ;
#325 = EDGE_LOOP ( 'NONE', ( #6353, #5974, #3661, #95 ) ) ;
#326 = EDGE_CURVE ( 'NONE', #2950, #6204, #1241, .T. ) ;
#327 = AXIS2_PLACEMENT_3D ( 'NONE', #2440, #3489, #5619 ) ;
#328 = CARTESIAN_POINT ( 'NONE',  ( -10.25000000000000000, 1.930000000000000160, 0.7699999999999999067 ) ) ;
#329 = CARTESIAN_POINT ( 'NONE',  ( -1.076809640470870022, 0.000000000000000000, 2.366533540474120123 ) ) ;
#330 = ADVANCED_FACE ( 'NONE', ( #549 ), #1633, .F. ) ;
#331 = ADVANCED_FACE ( 'NONE', ( #3785 ), #5317, .F. ) ;
#332 = AXIS2_PLACEMENT_3D ( 'NONE', #1915, #2940, #4637 ) ;
#333 = CARTESIAN_POINT ( 'NONE',  ( -14.08571428571429962, 1.930000000000000160, 1.998162421132100075 ) ) ;
#334 = CARTESIAN_POINT ( 'NONE',  ( -12.25000000000000000, 0.1200000000000000094, -0.6500000000000000222 ) ) ;
#335 = CARTESIAN_POINT ( 'NONE',  ( -2.060553155526509972, 0.5999999999999999778, -0.4051181225886280046 ) ) ;
#336 = EDGE_LOOP ( 'NONE', ( #933, #767, #4717, #5668 ) ) ;
#337 = FACE_OUTER_BOUND ( 'NONE', #728, .T. ) ;
#338 = CARTESIAN_POINT ( 'NONE',  ( 2.355642294822929639, -0.1201080196017179219, 2.347852991120960020 ) ) ;
#339 = CYLINDRICAL_SURFACE ( 'NONE', #5945, 2.600000000000000089 ) ;
#340 = ORIENTED_EDGE ( 'NONE', *, *, #497, .F. ) ;
#341 = CARTESIAN_POINT ( 'NONE',  ( 0.000000000000000000, 0.5999999999999999778, -2.750000000000000000 ) ) ;
#342 = ORIENTED_EDGE ( 'NONE', *, *, #3238, .F. ) ;
#343 = ORIENTED_EDGE ( 'NONE', *, *, #647, .F. ) ;
#344 = FACE_OUTER_BOUND ( 'NONE', #6312, .T. ) ;
#345 = CARTESIAN_POINT ( 'NONE',  ( -2.150036576787090148, -2.200000000000000178, -1.714596955111509891 ) ) ;
#346 = CARTESIAN_POINT ( 'NONE',  ( 1.193180282573300222, 0.5999999999999999778, 2.477664386731639912 ) ) ;
#347 = ORIENTED_EDGE ( 'NONE', *, *, #4785, .T. ) ;
#348 = CARTESIAN_POINT ( 'NONE',  ( 1.601467981016760023, 0.5999999999999999778, 1.358418310307279997 ) ) ;
#349 = CARTESIAN_POINT ( 'NONE',  ( 12.25000000000000000, -2.200000000000000178, -0.6500000000000000222 ) ) ;
#350 = DIRECTION ( 'NONE',  ( 0.000000000000000000, -1.000000000000000000, 0.000000000000000000 ) ) ;
#351 = CARTESIAN_POINT ( 'NONE',  ( 2.150036576787059950, 0.000000000000000000, -1.714596955111539867 ) ) ;
#352 = AXIS2_PLACEMENT_3D ( 'NONE', #3197, #3296, #4750 ) ;
#353 = EDGE_LOOP ( 'NONE', ( #2633, #3778, #120, #1413, #2731, #6863 ) ) ;
#354 = CARTESIAN_POINT ( 'NONE',  ( 2.223634878751290067, 0.1200000000000000094, -2.507004771834460133 ) ) ;
#355 = DIRECTION ( 'NONE',  ( 0.000000000000000000, -1.000000000000000000, 0.000000000000000000 ) ) ;
#356 = CIRCLE ( 'NONE', #562, 0.1199999999999999956 ) ;
#357 = ORIENTED_EDGE ( 'NONE', *, *, #4396, .F. ) ;
#358 = EDGE_CURVE ( 'NONE', #3880, #6024, #517, .T. ) ;
#359 = DIRECTION ( 'NONE',  ( 0.000000000000000000, 1.000000000000000000, 0.000000000000000000 ) ) ;
#360 = VECTOR ( 'NONE', #4696, 999.9999999999998863 ) ;
#361 = VERTEX_POINT ( 'NONE', #2667 ) ;
#362 = DIRECTION ( 'NONE',  ( -1.000000000000000000, 0.000000000000000000, 0.000000000000000000 ) ) ;
#363 = DIRECTION ( 'NONE',  ( 0.000000000000000000, 0.000000000000000000, -1.000000000000000000 ) ) ;
#364 = EDGE_CURVE ( 'NONE', #4890, #2017, #2256, .T. ) ;
#365 = ADVANCED_FACE ( 'NONE', ( #2635 ), #4783, .F. ) ;
#366 = DIRECTION ( 'NONE',  ( 0.000000000000000000, -1.000000000000000000, 0.000000000000000000 ) ) ;
#367 = EDGE_CURVE ( 'NONE', #1954, #1181, #1046, .T. ) ;
#368 = CARTESIAN_POINT ( 'NONE',  ( 2.201288466400951993, 2.070951599047178959, -2.492100303843190812 ) ) ;
#369 = CARTESIAN_POINT ( 'NONE',  ( -1.234942045101830033, 0.000000000000000000, 1.698504679192770261 ) ) ;
#370 = AXIS2_PLACEMENT_3D ( 'NONE', #5884, #2, #1053 ) ;
#371 = CARTESIAN_POINT ( 'NONE',  ( 0.000000000000000000, 1.449999999999999956, 0.000000000000000000 ) ) ;
#372 = CARTESIAN_POINT ( 'NONE',  ( -1.849597897417329939, 0.000000000000000000, -0.9944785658169870146 ) ) ;
#373 = CARTESIAN_POINT ( 'NONE',  ( 4.250000000000000000, 0.000000000000000000, 0.000000000000000000 ) ) ;
#374 = AXIS2_PLACEMENT_3D ( 'NONE', #470, #2013, #2113 ) ;
#375 = VERTEX_POINT ( 'NONE', #6445 ) ;
#376 = CARTESIAN_POINT ( 'NONE',  ( -2.381569860407199979, -2.200000000000000178, 1.375000000000000000 ) ) ;
#377 = ORIENTED_EDGE ( 'NONE', *, *, #110, .F. ) ;
#378 = AXIS2_PLACEMENT_3D ( 'NONE', #4900, #150, #2822 ) ;
#379 = ORIENTED_EDGE ( 'NONE', *, *, #5616, .T. ) ;
#380 = CARTESIAN_POINT ( 'NONE',  ( 2.151120578021742169, 1.930000000000000382, 2.535410278945310569 ) ) ;
#381 = CARTESIAN_POINT ( 'NONE',  ( 0.000000000000000000, 0.000000000000000000, 0.000000000000000000 ) ) ;
#382 = CARTESIAN_POINT ( 'NONE',  ( 2.742310442248239610, 0.000000000000000000, -0.2055077573626959975 ) ) ;
#383 = EDGE_CURVE ( 'NONE', #49, #1, #472, .T. ) ;
#384 = EDGE_LOOP ( 'NONE', ( #1264, #2194, #5587, #416 ) ) ;
#385 = DIRECTION ( 'NONE',  ( 0.000000000000000000, 0.000000000000000000, 1.000000000000000000 ) ) ;
#386 = VECTOR ( 'NONE', #4928, 1000.000000000000000 ) ;
#387 = CARTESIAN_POINT ( 'NONE',  ( -2.237085513683249705, 1.969347400333439690, -2.501136137133439963 ) ) ;
#388 = CARTESIAN_POINT ( 'NONE',  ( -2.164033424128170680, 0.04096942070475009801, -2.524518604558872781 ) ) ;
#389 = CIRCLE ( 'NONE', #4991, 0.1200000000000001343 ) ;
#390 = ORIENTED_EDGE ( 'NONE', *, *, #5185, .T. ) ;
#391 = CARTESIAN_POINT ( 'NONE',  ( 2.190082047064133786, -0.002480564969885407870, -2.501857441251192249 ) ) ;
#392 = FACE_BOUND ( 'NONE', #4259, .T. ) ;
#393 = AXIS2_PLACEMENT_3D ( 'NONE', #2497, #5180, #1859 ) ;
#394 = ORIENTED_EDGE ( 'NONE', *, *, #4751, .F. ) ;
#395 = DIRECTION ( 'NONE',  ( 0.000000000000000000, 1.000000000000000000, 0.000000000000000000 ) ) ;
#396 = VERTEX_POINT ( 'NONE', #4919 ) ;
#397 = CARTESIAN_POINT ( 'NONE',  ( -12.25000000000000000, 0.1200000000000000094, 0.6500000000000000222 ) ) ;
#398 = CARTESIAN_POINT ( 'NONE',  ( -0.6794339920680259048, -2.200000000000000178, 1.987050439828470294 ) ) ;
#399 = FACE_OUTER_BOUND ( 'NONE', #4706, .T. ) ;
#400 = CARTESIAN_POINT ( 'NONE',  ( 2.164033424128159133, 2.009030579295268737, -2.524518604558872337 ) ) ;
#401 = FACE_OUTER_BOUND ( 'NONE', #5113, .T. ) ;
#402 = EDGE_CURVE ( 'NONE', #4115, #5606, #3835, .T. ) ;
#403 = EDGE_CURVE ( 'NONE', #1044, #4229, #5311, .T. ) ;
#404 = DIRECTION ( 'NONE',  ( 0.000000000000000000, -1.000000000000000000, 0.000000000000000000 ) ) ;
#405 = FACE_BOUND ( 'NONE', #1012, .T. ) ;
#406 = FACE_OUTER_BOUND ( 'NONE', #5162, .T. ) ;
#407 = ORIENTED_EDGE ( 'NONE', *, *, #2151, .T. ) ;
#408 = ORIENTED_EDGE ( 'NONE', *, *, #1310, .T. ) ;
#409 = EDGE_CURVE ( 'NONE', #5866, #2029, #170, .T. ) ;
#410 = EDGE_CURVE ( 'NONE', #5986, #3644, #4520, .T. ) ;
#411 = TOROIDAL_SURFACE ( 'NONE', #3211, 0.7699999999999999067, 0.1200000000000000094 ) ;
#412 = EDGE_LOOP ( 'NONE', ( #4742, #3899 ) ) ;
#413 = EDGE_CURVE ( 'NONE', #1884, #1009, #1252, .T. ) ;
#414 = CARTESIAN_POINT ( 'NONE',  ( 2.380549763303420274, 2.040965369878069868, 2.434603292245270278 ) ) ;
#415 = DIRECTION ( 'NONE',  ( 0.000000000000000000, 0.000000000000000000, 1.000000000000000000 ) ) ;
#416 = ORIENTED_EDGE ( 'NONE', *, *, #606, .F. ) ;
#417 = LINE ( 'NONE', #5743, #4150 ) ;
#418 = DIRECTION ( 'NONE',  ( 0.000000000000000000, -1.000000000000000000, 0.000000000000000000 ) ) ;
#419 = CARTESIAN_POINT ( 'NONE',  ( -2.182491175196871414, 0.1199999999999999400, -2.508769695008121303 ) ) ;
#420 = AXIS2_PLACEMENT_3D ( 'NONE', #4401, #6025, #5460 ) ;
#421 = EDGE_CURVE ( 'NONE', #6468, #1561, #2946, .T. ) ;
#422 = ORIENTED_EDGE ( 'NONE', *, *, #5235, .F. ) ;
#423 = DIRECTION ( 'NONE',  ( 0.000000000000000000, 1.000000000000000000, 0.000000000000000000 ) ) ;
#424 = CARTESIAN_POINT ( 'NONE',  ( 1.381119163458450094, 0.5999999999999999778, -1.581932317239849839 ) ) ;
#425 = AXIS2_PLACEMENT_3D ( 'NONE', #2660, #4145, #2126 ) ;
#426 = ORIENTED_EDGE ( 'NONE', *, *, #1170, .F. ) ;
#427 = FACE_OUTER_BOUND ( 'NONE', #6936, .T. ) ;
#428 = ORIENTED_EDGE ( 'NONE', *, *, #864, .F. ) ;
#429 = CYLINDRICAL_SURFACE ( 'NONE', #6451, 2.100000000000000089 ) ;
#430 = CIRCLE ( 'NONE', #3687, 0.6500000000000000222 ) ;
#431 = ORIENTED_EDGE ( 'NONE', *, *, #4196, .F. ) ;
#432 = VERTEX_POINT ( 'NONE', #2916 ) ;
#433 = DIRECTION ( 'NONE',  ( -0.9255270872672883842, 0.000000000000000000, -0.3786814106006911596 ) ) ;
#434 = LINE ( 'NONE', #3704, #6665 ) ;
#435 = VECTOR ( 'NONE', #4791, 1000.000000000000114 ) ;
#436 = CARTESIAN_POINT ( 'NONE',  ( -6.250000000000000000, -2.200000000000000178, -0.6500000000000000222 ) ) ;
#437 = VECTOR ( 'NONE', #707, 1000.000000000000000 ) ;
#438 = CARTESIAN_POINT ( 'NONE',  ( 0.9679997763004509759, 0.000000000000000000, -1.863592346271650158 ) ) ;
#439 = CARTESIAN_POINT ( 'NONE',  ( -2.521610255635959863, 2.050000000000000266, 0.6336258506970470217 ) ) ;
#440 = DIRECTION ( 'NONE',  ( 0.000000000000000000, 1.000000000000000000, 0.000000000000000000 ) ) ;
#441 = ORIENTED_EDGE ( 'NONE', *, *, #6519, .F. ) ;
#442 = EDGE_CURVE ( 'NONE', #3697, #6967, #1131, .T. ) ;
#443 = VERTEX_POINT ( 'NONE', #3860 ) ;
#444 = ORIENTED_EDGE ( 'NONE', *, *, #2081, .T. ) ;
#445 = CARTESIAN_POINT ( 'NONE',  ( 2.276613085301959938, 2.000519965696089919, 2.483374988984719867 ) ) ;
#446 = DIRECTION ( 'NONE',  ( 0.000000000000000000, 0.000000000000000000, -1.000000000000000000 ) ) ;
#447 = CARTESIAN_POINT ( 'NONE',  ( -2.352428868018896946, -0.1152494319502754411, -2.350126839038261473 ) ) ;
#448 = EDGE_LOOP ( 'NONE', ( #5921, #6725, #4370, #4676 ) ) ;
#449 = EDGE_CURVE ( 'NONE', #4380, #3234, #3399, .T. ) ;
#450 = CIRCLE ( 'NONE', #4382, 0.1199999999999999956 ) ;
#451 = EDGE_CURVE ( 'NONE', #5338, #1137, #4538, .T. ) ;
#452 = APPROVAL_STATUS ( 'not_yet_approved' ) ;
#453 = EDGE_CURVE ( 'NONE', #1848, #2351, #3436, .T. ) ;
#454 = ORIENTED_EDGE ( 'NONE', *, *, #4015, .F. ) ;
#455 = FACE_OUTER_BOUND ( 'NONE', #2911, .T. ) ;
#456 = VERTEX_POINT ( 'NONE', #5029 ) ;
#457 = CARTESIAN_POINT ( 'NONE',  ( -14.25000000000000000, 0.000000000000000000, 0.000000000000000000 ) ) ;
#458 = DIRECTION ( 'NONE',  ( 0.000000000000000000, 1.000000000000000000, 0.000000000000000000 ) ) ;
#459 = EDGE_CURVE ( 'NONE', #3264, #3018, #4956, .T. ) ;
#460 = DIRECTION ( 'NONE',  ( 0.000000000000000000, 0.000000000000000000, 1.000000000000000000 ) ) ;
#461 = ORIENTED_EDGE ( 'NONE', *, *, #2805, .T. ) ;
#462 = CARTESIAN_POINT ( 'NONE',  ( 8.250000000000000000, 0.1200000000000000094, 0.7699999999999999067 ) ) ;
#463 = ORIENTED_EDGE ( 'NONE', *, *, #6659, .F. ) ;
#464 = PRODUCT ( 'Bidirectional shoulder_Default_sldprt', 'Bidirectional shoulder_Default_sldprt', '', ( #2193 ) ) ;
#465 = VERTEX_POINT ( 'NONE', #5066 ) ;
#466 = EDGE_CURVE ( 'NONE', #4305, #775, #3953, .T. ) ;
#467 = CARTESIAN_POINT ( 'NONE',  ( 0.000000000000000000, 2.050000000000000266, 0.000000000000000000 ) ) ;
#468 = VECTOR ( 'NONE', #4137, 1000.000000000000000 ) ;
#469 = FACE_OUTER_BOUND ( 'NONE', #2472, .T. ) ;
#470 = CARTESIAN_POINT ( 'NONE',  ( -2.742310442248250268, 0.5999999999999999778, -0.2055077573626570009 ) ) ;
#471 = FACE_OUTER_BOUND ( 'NONE', #4611, .T. ) ;
#472 = CIRCLE ( 'NONE', #3615, 2.600000000000000089 ) ;
#473 = CARTESIAN_POINT ( 'NONE',  ( 2.559902808771549854, -2.200000000000000178, -1.004687817007609896 ) ) ;
#474 = ORIENTED_EDGE ( 'NONE', *, *, #5758, .F. ) ;
#475 = AXIS2_PLACEMENT_3D ( 'NONE', #4298, #526, #5501 ) ;
#476 = EDGE_LOOP ( 'NONE', ( #1168, #1538, #595, #5917 ) ) ;
#477 = ORIENTED_EDGE ( 'NONE', *, *, #3842, .T. ) ;
#478 = CARTESIAN_POINT ( 'NONE',  ( 0.8142287025627419350, 0.000000000000000000, -2.567463442458869594 ) ) ;
#479 = DIRECTION ( 'NONE',  ( 0.000000000000000000, 1.000000000000000000, 0.000000000000000000 ) ) ;
#480 = CIRCLE ( 'NONE', #6332, 2.600000000000000089 ) ;
#481 = FACE_BOUND ( 'NONE', #4246, .T. ) ;
#482 = EDGE_LOOP ( 'NONE', ( #4287, #6264, #3472, #454 ) ) ;
#483 = PERSON_AND_ORGANIZATION_ROLE ( 'design_supplier' ) ;
#484 = DIRECTION ( 'NONE',  ( 0.000000000000000000, 0.000000000000000000, 1.000000000000000000 ) ) ;
#485 = AXIS2_PLACEMENT_3D ( 'NONE', #6772, #1930, #6239 ) ;
#486 = ORIENTED_EDGE ( 'NONE', *, *, #6199, .T. ) ;
#487 = EDGE_CURVE ( 'NONE', #245, #1742, #809, .T. ) ;
#488 = DIRECTION ( 'NONE',  ( 0.6894755605189196723, 0.000000000000000000, -0.7243089475128147159 ) ) ;
#489 = CARTESIAN_POINT ( 'NONE',  ( -2.681051758500009985, -2.200000000000000178, 0.6119325683798749749 ) ) ;
#490 = EDGE_CURVE ( 'NONE', #1586, #6118, #2379, .T. ) ;
#491 = CIRCLE ( 'NONE', #4545, 0.6500000000000000222 ) ;
#492 = ORIENTED_EDGE ( 'NONE', *, *, #6259, .T. ) ;
#493 = AXIS2_PLACEMENT_3D ( 'NONE', #6615, #1883, #1776 ) ;
#494 = FACE_OUTER_BOUND ( 'NONE', #476, .T. ) ;
#495 = CARTESIAN_POINT ( 'NONE',  ( -1.178850596882419888, 0.000000000000000000, 2.317393205787479982 ) ) ;
#496 = ORIENTED_EDGE ( 'NONE', *, *, #6705, .T. ) ;
#497 = EDGE_CURVE ( 'NONE', #6081, #1258, #5417, .T. ) ;
#498 = AXIS2_PLACEMENT_3D ( 'NONE', #130, #3365, #1400 ) ;
#499 = VERTEX_POINT ( 'NONE', #1744 ) ;
#500 = LINE ( 'NONE', #2543, #1555 ) ;
#501 = CARTESIAN_POINT ( 'NONE',  ( 2.408327292419079058, 2.170117883352721044, -2.292506278647442830 ) ) ;
#502 = AXIS2_PLACEMENT_3D ( 'NONE', #1066, #3216, #2690 ) ;
#503 = LINE ( 'NONE', #6261, #5789 ) ;
#504 = FACE_OUTER_BOUND ( 'NONE', #1464, .T. ) ;
#505 = EDGE_CURVE ( 'NONE', #1586, #6788, #3897, .T. ) ;
#506 = CARTESIAN_POINT ( 'NONE',  ( 0.000000000000000000, -0.1200000000000000094, 0.000000000000000000 ) ) ;
#507 = CARTESIAN_POINT ( 'NONE',  ( -2.742310442248250268, -2.200000000000000178, -0.2055077573626570009 ) ) ;
#508 = VERTEX_POINT ( 'NONE', #2456 ) ;
#509 = ORIENTED_EDGE ( 'NONE', *, *, #148, .F. ) ;
#510 = ORIENTED_EDGE ( 'NONE', *, *, #3546, .F. ) ;
#511 = CARTESIAN_POINT ( 'NONE',  ( 6.250000000000000000, 0.000000000000000000, 0.000000000000000000 ) ) ;
#512 = LINE ( 'NONE', #6371, #5927 ) ;
#513 = VERTEX_POINT ( 'NONE', #4078 ) ;
#514 = CYLINDRICAL_SURFACE ( 'NONE', #4826, 0.1199999999999997319 ) ;
#515 = AXIS2_PLACEMENT_3D ( 'NONE', #511, #2590, #2658 ) ;
#516 = ORIENTED_EDGE ( 'NONE', *, *, #358, .F. ) ;
#517 = LINE ( 'NONE', #489, #5303 ) ;
#518 = VECTOR ( 'NONE', #5624, 1000.000000000000227 ) ;
#519 = ORIENTED_EDGE ( 'NONE', *, *, #1017, .T. ) ;
#520 = EDGE_CURVE ( 'NONE', #1586, #96, #4850, .T. ) ;
#521 = DIRECTION ( 'NONE',  ( 0.000000000000000000, -1.000000000000000000, 0.000000000000000000 ) ) ;
#522 = DIRECTION ( 'NONE',  ( -0.7907112651547801851, 0.000000000000000000, -0.6121892641637280974 ) ) ;
#523 = EDGE_LOOP ( 'NONE', ( #4871, #1155, #641, #5291 ) ) ;
#524 = ORIENTED_EDGE ( 'NONE', *, *, #6396, .T. ) ;
#525 = EDGE_CURVE ( 'NONE', #1646, #281, #3609, .T. ) ;
#526 = DIRECTION ( 'NONE',  ( 0.000000000000000000, -1.000000000000000000, 0.000000000000000000 ) ) ;
#527 = ADVANCED_FACE ( 'NONE', ( #6299 ), #4184, .T. ) ;
#528 = AXIS2_PLACEMENT_3D ( 'NONE', #1651, #3210, #12 ) ;
#529 = EDGE_CURVE ( 'NONE', #4779, #2701, #6323, .T. ) ;
#530 = CARTESIAN_POINT ( 'NONE',  ( -10.25000000000000000, 0.1200000000000000094, -0.7699999999999999067 ) ) ;
#531 = CARTESIAN_POINT ( 'NONE',  ( -2.182505571256508681, 1.959380712795679491, -2.508768861521819549 ) ) ;
#532 = DIRECTION ( 'NONE',  ( -1.000000000000000000, 0.000000000000000000, 0.000000000000000000 ) ) ;
#533 = VECTOR ( 'NONE', #1553, 1000.000000000000000 ) ;
#534 = DIRECTION ( 'NONE',  ( 0.000000000000000000, 1.000000000000000000, 0.000000000000000000 ) ) ;
#535 = ORIENTED_EDGE ( 'NONE', *, *, #2593, .F. ) ;
#536 = ADVANCED_FACE ( 'NONE', ( #4608 ), #4044, .F. ) ;
#537 = EDGE_LOOP ( 'NONE', ( #1542, #543, #509, #6066, #4499, #426 ) ) ;
#538 = AXIS2_PLACEMENT_3D ( 'NONE', #6224, #3015, #5091 ) ;
#539 = ORIENTED_EDGE ( 'NONE', *, *, #5520, .F. ) ;
#540 = CARTESIAN_POINT ( 'NONE',  ( 0.000000000000000000, 0.5999999999999999778, 0.000000000000000000 ) ) ;
#541 = DIRECTION ( 'NONE',  ( 0.000000000000000000, -1.000000000000000000, 0.000000000000000000 ) ) ;
#542 = DIRECTION ( 'NONE',  ( 0.000000000000000000, 1.000000000000000000, 0.000000000000000000 ) ) ;
#543 = ORIENTED_EDGE ( 'NONE', *, *, #5865, .T. ) ;
#544 =( NAMED_UNIT ( * ) PLANE_ANGLE_UNIT ( ) SI_UNIT ( $, .RADIAN. ) );
#545 = EDGE_LOOP ( 'NONE', ( #1217, #5343, #2540, #4478 ) ) ;
#546 = FACE_OUTER_BOUND ( 'NONE', #1387, .T. ) ;
#547 = ORIENTED_EDGE ( 'NONE', *, *, #4365, .F. ) ;
#548 = LINE ( 'NONE', #4887, #4770 ) ;
#549 = FACE_OUTER_BOUND ( 'NONE', #758, .T. ) ;
#550 = VECTOR ( 'NONE', #3346, 1000.000000000000000 ) ;
#551 = ORIENTED_EDGE ( 'NONE', *, *, #1357, .T. ) ;
#552 = CARTESIAN_POINT ( 'NONE',  ( 0.000000000000000000, 0.5999999999999999778, 0.000000000000000000 ) ) ;
#553 = CARTESIAN_POINT ( 'NONE',  ( 0.000000000000000000, 0.5999999999999999778, 0.000000000000000000 ) ) ;
#554 = ORIENTED_EDGE ( 'NONE', *, *, #3939, .T. ) ;
#555 = ADVANCED_FACE ( 'NONE', ( #3506 ), #1694, .T. ) ;
#556 = ORIENTED_EDGE ( 'NONE', *, *, #2471, .F. ) ;
#557 = DIRECTION ( 'NONE',  ( 0.000000000000000000, -1.000000000000000000, 0.000000000000000000 ) ) ;
#558 = CARTESIAN_POINT ( 'NONE',  ( -2.032268409600519909, 0.000000000000000000, -0.5290416914948830041 ) ) ;
#559 = CARTESIAN_POINT ( 'NONE',  ( -2.224978760723121063, 2.095113408615651540, -2.471081547191388950 ) ) ;
#560 = ADVANCED_FACE ( 'NONE', ( #939 ), #4455, .T. ) ;
#561 = EDGE_CURVE ( 'NONE', #432, #5310, #2762, .T. ) ;
#562 = AXIS2_PLACEMENT_3D ( 'NONE', #2825, #2257, #3385 ) ;
#563 = CARTESIAN_POINT ( 'NONE',  ( -6.250000000000000000, -2.200000000000000178, 0.000000000000000000 ) ) ;
#564 = EDGE_CURVE ( 'NONE', #4342, #4386, #2560, .T. ) ;
#565 = CARTESIAN_POINT ( 'NONE',  ( -1.809541211016129969, 0.000000000000000000, 1.866965614475610158 ) ) ;
#566 = ORIENTED_EDGE ( 'NONE', *, *, #4149, .T. ) ;
#567 = LINE ( 'NONE', #6604, #1043 ) ;
#568 = ORIENTED_EDGE ( 'NONE', *, *, #6829, .T. ) ;
#569 = AXIS2_PLACEMENT_3D ( 'NONE', #778, #885, #1974 ) ;
#570 = VECTOR ( 'NONE', #2490, 1000.000000000000000 ) ;
#571 = VERTEX_POINT ( 'NONE', #4708 ) ;
#572 = CARTESIAN_POINT ( 'NONE',  ( -2.495244324181649542, 2.050000000000000266, 2.375243305987670084 ) ) ;
#573 = CARTESIAN_POINT ( 'NONE',  ( -4.250000000000000000, 0.1200000000000000094, 0.000000000000000000 ) ) ;
#574 = DIRECTION ( 'NONE',  ( 0.000000000000000000, 0.000000000000000000, 1.000000000000000000 ) ) ;
#575 = AXIS2_PLACEMENT_3D ( 'NONE', #2819, #2141, #2785 ) ;
#576 = ORIENTED_EDGE ( 'NONE', *, *, #4358, .F. ) ;
#577 = PERSON_AND_ORGANIZATION_ROLE ( 'design_owner' ) ;
#578 = ORIENTED_EDGE ( 'NONE', *, *, #234, .T. ) ;
#579 = DIRECTION ( 'NONE',  ( 0.000000000000000000, 1.000000000000000000, 0.000000000000000000 ) ) ;
#580 = EDGE_LOOP ( 'NONE', ( #6710, #846, #3232, #2057 ) ) ;
#581 = CIRCLE ( 'NONE', #705, 2.100000000000000089 ) ;
#582 = ORIENTED_EDGE ( 'NONE', *, *, #5520, .T. ) ;
#583 = CIRCLE ( 'NONE', #1686, 2.100000000000000089 ) ;
#584 = DIRECTION ( 'NONE',  ( 0.000000000000000000, 0.000000000000000000, 1.000000000000000000 ) ) ;
#585 = DIRECTION ( 'NONE',  ( 0.08905375999726938829, 0.000000000000000000, -0.9960268208388509681 ) ) ;
#586 = EDGE_CURVE ( 'NONE', #3888, #6471, #3577, .T. ) ;
#587 = CARTESIAN_POINT ( 'NONE',  ( -2.237262477650820092, 0.08049891498111000354, -2.501056944821399508 ) ) ;
#588 = ORIENTED_EDGE ( 'NONE', *, *, #6519, .T. ) ;
#589 = AXIS2_PLACEMENT_3D ( 'NONE', #6150, #5196, #2478 ) ;
#590 = DIRECTION ( 'NONE',  ( 1.224646799147355672E-16, 0.000000000000000000, -1.000000000000000000 ) ) ;
#591 = CARTESIAN_POINT ( 'NONE',  ( 0.000000000000000000, -2.079999999999999627, 0.000000000000000000 ) ) ;
#592 = ORIENTED_EDGE ( 'NONE', *, *, #1868, .T. ) ;
#593 = CARTESIAN_POINT ( 'NONE',  ( 14.25000000000000000, 0.1200000000000000094, -0.7699999999999999067 ) ) ;
#594 = CIRCLE ( 'NONE', #4548, 0.1199999999999999956 ) ;
#595 = ORIENTED_EDGE ( 'NONE', *, *, #2988, .T. ) ;
#596 = CARTESIAN_POINT ( 'NONE',  ( -1.809541211016129969, 0.5999999999999999778, 1.866965614475610158 ) ) ;
#597 = AXIS2_PLACEMENT_3D ( 'NONE', #3263, #105, #4363 ) ;
#598 = FACE_OUTER_BOUND ( 'NONE', #1445, .T. ) ;
#599 = CARTESIAN_POINT ( 'NONE',  ( 0.9679997763004520861, -2.200000000000000178, -1.863592346271650158 ) ) ;
#600 = CIRCLE ( 'NONE', #4212, 0.1199999999999999956 ) ;
#601 = CARTESIAN_POINT ( 'NONE',  ( -2.151142517227300210, 1.930000000000000160, -2.535391660193160313 ) ) ;
#602 = EDGE_LOOP ( 'NONE', ( #4024, #2425, #93, #1126 ) ) ;
#603 = AXIS2_PLACEMENT_3D ( 'NONE', #2129, #1572, #484 ) ;
#604 = EDGE_CURVE ( 'NONE', #3652, #6368, #6598, .T. ) ;
#605 = CARTESIAN_POINT ( 'NONE',  ( 0.000000000000000000, 2.050000000000000266, 0.000000000000000000 ) ) ;
#606 = EDGE_CURVE ( 'NONE', #4855, #2834, #5247, .T. ) ;
#607 = VERTEX_POINT ( 'NONE', #5137 ) ;
#608 = ORIENTED_EDGE ( 'NONE', *, *, #1598, .F. ) ;
#609 = CARTESIAN_POINT ( 'NONE',  ( 8.250000000000000000, -2.200000000000000178, 0.6500000000000000222 ) ) ;
#610 = CIRCLE ( 'NONE', #5805, 0.6500000000000000222 ) ;
#611 = DIRECTION ( 'NONE',  ( 0.000000000000000000, 0.000000000000000000, 1.000000000000000000 ) ) ;
#612 = DIRECTION ( 'NONE',  ( 0.000000000000000000, -1.000000000000000000, 0.000000000000000000 ) ) ;
#613 = ORIENTED_EDGE ( 'NONE', *, *, #2133, .T. ) ;
#614 = EDGE_CURVE ( 'NONE', #761, #5873, #4179, .T. ) ;
#615 = ORIENTED_EDGE ( 'NONE', *, *, #1212, .T. ) ;
#616 = EDGE_CURVE ( 'NONE', #5425, #2826, #3474, .T. ) ;
#617 = ORIENTED_EDGE ( 'NONE', *, *, #6467, .F. ) ;
#618 = EDGE_CURVE ( 'NONE', #6024, #2382, #5635, .T. ) ;
#619 = VERTEX_POINT ( 'NONE', #1961 ) ;
#620 = CARTESIAN_POINT ( 'NONE',  ( 2.223635094200690165, 0.09966595887838279599, 2.507004762592420555 ) ) ;
#621 = DIRECTION ( 'NONE',  ( 0.000000000000000000, 0.000000000000000000, 1.000000000000000000 ) ) ;
#622 = CARTESIAN_POINT ( 'NONE',  ( -2.223634878751290067, 0.1200000000000000094, -2.507004771834460133 ) ) ;
#623 = ORIENTED_EDGE ( 'NONE', *, *, #2509, .F. ) ;
#624 = DIRECTION ( 'NONE',  ( 0.000000000000000000, 0.000000000000000000, 1.000000000000000000 ) ) ;
#625 = AXIS2_PLACEMENT_3D ( 'NONE', #3055, #2986, #4644 ) ;
#626 = DIRECTION ( 'NONE',  ( 0.000000000000000000, 0.000000000000000000, 1.000000000000000000 ) ) ;
#627 = EDGE_CURVE ( 'NONE', #2780, #5037, #4789, .T. ) ;
#628 = DIRECTION ( 'NONE',  ( 0.000000000000000000, -1.000000000000000000, 0.000000000000000000 ) ) ;
#629 = EDGE_LOOP ( 'NONE', ( #3509, #6497, #6613, #235 ) ) ;
#630 = CARTESIAN_POINT ( 'NONE',  ( -0.05662845856655999294, 0.5999999999999999778, -2.599383237939410396 ) ) ;
#631 = VECTOR ( 'NONE', #3144, 1000.000000000000227 ) ;
#632 = VECTOR ( 'NONE', #177, 1000.000000000000000 ) ;
#633 = EDGE_LOOP ( 'NONE', ( #2851, #5205, #3762, #2229 ) ) ;
#634 = CARTESIAN_POINT ( 'NONE',  ( -1.549130159674960039, 0.5999999999999999778, -2.272156629368980330 ) ) ;
#635 = CARTESIAN_POINT ( 'NONE',  ( -1.511073344723080192, 0.000000000000000000, -2.115811273924830260 ) ) ;
#636 = DIRECTION ( 'NONE',  ( 0.000000000000000000, 0.000000000000000000, 1.000000000000000000 ) ) ;
#637 = VECTOR ( 'NONE', #6044, 1000.000000000000000 ) ;
#638 = CARTESIAN_POINT ( 'NONE',  ( 12.25000000000000000, 0.1200000000000000094, -0.7699999999999999067 ) ) ;
#639 = AXIS2_PLACEMENT_3D ( 'NONE', #3358, #1135, #646 ) ;
#640 = PLANE ( 'NONE',  #4857 ) ;
#641 = ORIENTED_EDGE ( 'NONE', *, *, #5799, .F. ) ;
#642 = FACE_OUTER_BOUND ( 'NONE', #6666, .T. ) ;
#643 = ORIENTED_EDGE ( 'NONE', *, *, #3198, .T. ) ;
#644 = TOROIDAL_SURFACE ( 'NONE', #2331, 3.445000000000000284, 0.1200000000000000094 ) ;
#645 = DIRECTION ( 'NONE',  ( 0.000000000000000000, 0.000000000000000000, -1.000000000000000000 ) ) ;
#646 = DIRECTION ( 'NONE',  ( 0.000000000000000000, 0.000000000000000000, 1.000000000000000000 ) ) ;
#647 = EDGE_CURVE ( 'NONE', #4531, #1606, #5817, .T. ) ;
#648 = ORIENTED_EDGE ( 'NONE', *, *, #5957, .F. ) ;
#649 = AXIS2_PLACEMENT_3D ( 'NONE', #1383, #6785, #5014 ) ;
#650 = EDGE_LOOP ( 'NONE', ( #652, #5814, #6889, #390 ) ) ;
#651 = CARTESIAN_POINT ( 'NONE',  ( -14.25000000000000000, 0.000000000000000000, 0.7699999999999999067 ) ) ;
#652 = ORIENTED_EDGE ( 'NONE', *, *, #6661, .F. ) ;
#653 = EDGE_LOOP ( 'NONE', ( #4622, #2841, #6798 ) ) ;
#654 = FACE_OUTER_BOUND ( 'NONE', #653, .T. ) ;
#655 = DIRECTION ( 'NONE',  ( 0.000000000000000000, 0.000000000000000000, -1.000000000000000000 ) ) ;
#656 = DIRECTION ( 'NONE',  ( 0.000000000000000000, 0.000000000000000000, 1.000000000000000000 ) ) ;
#657 = EDGE_CURVE ( 'NONE', #5338, #5672, #2728, .T. ) ;
#658 = VECTOR ( 'NONE', #1428, 1000.000000000000000 ) ;
#659 = EDGE_CURVE ( 'NONE', #2725, #3771, #4217, .T. ) ;
#660 = EDGE_LOOP ( 'NONE', ( #1570, #240, #3505, #5531 ) ) ;
#661 = EDGE_CURVE ( 'NONE', #5037, #2780, #6032, .T. ) ;
#662 = FACE_OUTER_BOUND ( 'NONE', #1867, .T. ) ;
#663 = CARTESIAN_POINT ( 'NONE',  ( -2.150036576787090148, 0.5999999999999999778, -1.714596955111509891 ) ) ;
#664 = APPROVAL_PERSON_ORGANIZATION ( #1070, #2715, #2595 ) ;
#665 = DIRECTION ( 'NONE',  ( 0.000000000000000000, 0.000000000000000000, 1.000000000000000000 ) ) ;
#666 = ORIENTED_EDGE ( 'NONE', *, *, #3635, .F. ) ;
#667 = DIRECTION ( 'NONE',  ( 0.000000000000000000, -1.000000000000000000, 0.000000000000000000 ) ) ;
#668 = ADVANCED_FACE ( 'NONE', ( #4875 ), #411, .T. ) ;
#669 = ORIENTED_EDGE ( 'NONE', *, *, #2399, .T. ) ;
#670 = CARTESIAN_POINT ( 'NONE',  ( 0.000000000000000000, 0.000000000000000000, 0.000000000000000000 ) ) ;
#671 = CARTESIAN_POINT ( 'NONE',  ( -4.250000000000000000, 0.000000000000000000, -0.7699999999999999067 ) ) ;
#672 = CARTESIAN_POINT ( 'NONE',  ( 12.25000000000000000, 0.000000000000000000, -0.7699999999999999067 ) ) ;
#673 = CARTESIAN_POINT ( 'NONE',  ( -0.4098662319844609825, 0.5999999999999999778, 2.719284772119110016 ) ) ;
#674 = ADVANCED_FACE ( 'NONE', ( #3126 ), #4775, .F. ) ;
#675 = FACE_OUTER_BOUND ( 'NONE', #6010, .T. ) ;
#676 = CARTESIAN_POINT ( 'NONE',  ( 0.000000000000000000, 2.050000000000000266, 0.000000000000000000 ) ) ;
#677 = ORIENTED_EDGE ( 'NONE', *, *, #4497, .F. ) ;
#678 = CARTESIAN_POINT ( 'NONE',  ( 0.000000000000000000, -2.200000000000000178, 3.205000000000000071 ) ) ;
#679 = ORIENTED_EDGE ( 'NONE', *, *, #6427, .T. ) ;
#680 = CIRCLE ( 'NONE', #352, 0.1199999999999999678 ) ;
#681 = CARTESIAN_POINT ( 'NONE',  ( 4.250000000000000000, 0.000000000000000000, -0.7699999999999999067 ) ) ;
#682 = DIRECTION ( 'NONE',  ( 0.000000000000000000, 0.000000000000000000, 1.000000000000000000 ) ) ;
#683 = CARTESIAN_POINT ( 'NONE',  ( -2.495244324181649542, 0.000000000000000000, 2.375243305987679854 ) ) ;
#684 = EDGE_LOOP ( 'NONE', ( #4484, #4454, #2502, #6744 ) ) ;
#685 = AXIS2_PLACEMENT_3D ( 'NONE', #6148, #3008, #2899 ) ;
#686 = ORIENTED_EDGE ( 'NONE', *, *, #2172, .F. ) ;
#687 = CARTESIAN_POINT ( 'NONE',  ( 6.250000000000000000, 0.1200000000000000094, 0.000000000000000000 ) ) ;
#688 = ORIENTED_EDGE ( 'NONE', *, *, #1079, .F. ) ;
#689 = EDGE_LOOP ( 'NONE', ( #6513, #4354, #6947, #3395 ) ) ;
#690 = CARTESIAN_POINT ( 'NONE',  ( 0.000000000000000000, 0.000000000000000000, 0.000000000000000000 ) ) ;
#691 = CARTESIAN_POINT ( 'NONE',  ( -2.190082047063424575, 2.052480564969351384, -2.501857441251811309 ) ) ;
#692 = CIRCLE ( 'NONE', #475, 2.100000000000000089 ) ;
#693 = DIRECTION ( 'NONE',  ( 0.000000000000000000, -1.000000000000000000, 0.000000000000000000 ) ) ;
#694 = ORIENTED_EDGE ( 'NONE', *, *, #1079, .T. ) ;
#695 = DIRECTION ( 'NONE',  ( 0.000000000000000000, 0.000000000000000000, 1.000000000000000000 ) ) ;
#696 = DIRECTION ( 'NONE',  ( 0.9990812105660495934, -7.744301232038114901E-17, 0.04285714285713617538 ) ) ;
#697 = CIRCLE ( 'NONE', #5544, 0.1200000000000001343 ) ;
#698 = ADVANCED_FACE ( 'NONE', ( #2691 ), #968, .T. ) ;
#699 = FACE_OUTER_BOUND ( 'NONE', #6764, .T. ) ;
#700 = EDGE_CURVE ( 'NONE', #2644, #1576, #1864, .T. ) ;
#701 = ORIENTED_EDGE ( 'NONE', *, *, #186, .F. ) ;
#702 = PRODUCT_DEFINITION ( 'UNKNOWN', '', #890, #6029 ) ;
#703 = LINE ( 'NONE', #5423, #4694 ) ;
#704 = APPLICATION_CONTEXT ( 'configuration controlled 3d designs of mechanical parts and assemblies' ) ;
#705 = AXIS2_PLACEMENT_3D ( 'NONE', #1407, #5930, #2300 ) ;
#706 = ORIENTED_EDGE ( 'NONE', *, *, #163, .F. ) ;
#707 = DIRECTION ( 'NONE',  ( 0.000000000000000000, -1.000000000000000000, 0.000000000000000000 ) ) ;
#708 = CARTESIAN_POINT ( 'NONE',  ( 0.000000000000000000, 2.230000000000000426, 0.000000000000000000 ) ) ;
#709 = CARTESIAN_POINT ( 'NONE',  ( -2.234852747579897603, 2.102426776683867793, 2.461992375853407022 ) ) ;
#710 = FACE_OUTER_BOUND ( 'NONE', #629, .T. ) ;
#711 = DIRECTION ( 'NONE',  ( 0.000000000000000000, 1.000000000000000000, 0.000000000000000000 ) ) ;
#712 = AXIS2_PLACEMENT_3D ( 'NONE', #926, #4206, #3143 ) ;
#713 = EDGE_CURVE ( 'NONE', #5515, #2273, #4250, .T. ) ;
#714 = DIRECTION ( 'NONE',  ( 0.9597102123655167905, 0.000000000000000000, 0.2809916516221340199 ) ) ;
#715 = LINE ( 'NONE', #13, #910 ) ;
#716 = AXIS2_PLACEMENT_3D ( 'NONE', #6449, #5495, #665 ) ;
#717 = CYLINDRICAL_SURFACE ( 'NONE', #1023, 2.100000000000000089 ) ;
#718 = DIRECTION ( 'NONE',  ( 0.000000000000000000, 0.000000000000000000, 1.000000000000000000 ) ) ;
#719 = ORIENTED_EDGE ( 'NONE', *, *, #6357, .F. ) ;
#720 = CYLINDRICAL_SURFACE ( 'NONE', #3005, 2.600000000000000089 ) ;
#721 = DIRECTION ( 'NONE',  ( 0.000000000000000000, 0.000000000000000000, 1.000000000000000000 ) ) ;
#722 = AXIS2_PLACEMENT_3D ( 'NONE', #2226, #2797, #1695 ) ;
#723 = ORIENTED_EDGE ( 'NONE', *, *, #3124, .T. ) ;
#724 = VERTEX_POINT ( 'NONE', #1568 ) ;
#725 = DIRECTION ( 'NONE',  ( 0.9255270872672830551, 0.000000000000000000, -0.3786814106007040381 ) ) ;
#726 = ORIENTED_EDGE ( 'NONE', *, *, #6144, .T. ) ;
#727 = AXIS2_PLACEMENT_3D ( 'NONE', #6049, #4388, #4987 ) ;
#728 = EDGE_LOOP ( 'NONE', ( #6556, #2966, #4394, #797 ) ) ;
#729 = DIRECTION ( 'NONE',  ( 0.000000000000000000, 0.000000000000000000, 1.000000000000000000 ) ) ;
#730 = CARTESIAN_POINT ( 'NONE',  ( -2.742310442248250268, -2.200000000000000178, -0.2055077573626570009 ) ) ;
#731 = DIRECTION ( 'NONE',  ( 0.000000000000000000, 0.000000000000000000, 1.000000000000000000 ) ) ;
#732 = VERTEX_POINT ( 'NONE', #6971 ) ;
#733 = CARTESIAN_POINT ( 'NONE',  ( 0.8105767296299509761, -2.200000000000000178, -2.627825215911899548 ) ) ;
#734 = CARTESIAN_POINT ( 'NONE',  ( -4.250000000000000000, -2.200000000000000178, 0.000000000000000000 ) ) ;
#735 = CARTESIAN_POINT ( 'NONE',  ( 14.08571428571429962, 0.000000000000000000, 1.998162421132100075 ) ) ;
#736 = CARTESIAN_POINT ( 'NONE',  ( -4.250000000000000000, 1.930000000000000160, 0.7699999999999999067 ) ) ;
#737 = ORIENTED_EDGE ( 'NONE', *, *, #5580, .F. ) ;
#738 = CARTESIAN_POINT ( 'NONE',  ( 0.000000000000000000, 0.5999999999999999778, 0.000000000000000000 ) ) ;
#739 = ORIENTED_EDGE ( 'NONE', *, *, #5397, .T. ) ;
#740 = EDGE_CURVE ( 'NONE', #4229, #4233, #3775, .T. ) ;
#741 = CARTESIAN_POINT ( 'NONE',  ( -2.559902808771560068, 0.5999999999999999778, -1.004687817007580142 ) ) ;
#742 = DIRECTION ( 'NONE',  ( 0.000000000000000000, 1.000000000000000000, 0.000000000000000000 ) ) ;
#743 = DIRECTION ( 'NONE',  ( -0.8731217488881942712, 0.000000000000000000, 0.4875022170394932575 ) ) ;
#744 = DIRECTION ( 'NONE',  ( 0.000000000000000000, -1.000000000000000000, 0.000000000000000000 ) ) ;
#745 = CARTESIAN_POINT ( 'NONE',  ( -2.495244324181649542, 2.050000000000000266, -2.375243305987679854 ) ) ;
#746 = VECTOR ( 'NONE', #3022, 1000.000000000000227 ) ;
#747 = DIRECTION ( 'NONE',  ( 0.000000000000000000, -1.000000000000000000, 0.000000000000000000 ) ) ;
#748 = ADVANCED_FACE ( 'NONE', ( #2156 ), #4839, .T. ) ;
#749 = LINE ( 'NONE', #2898, #3463 ) ;
#750 = EDGE_CURVE ( 'NONE', #6643, #4342, #6938, .T. ) ;
#751 = DIRECTION ( 'NONE',  ( 0.06039099147351189439, 0.000000000000000000, -0.9981747983939718294 ) ) ;
#752 = CARTESIAN_POINT ( 'NONE',  ( 0.000000000000000000, 1.449999999999999956, 2.274999999999999911 ) ) ;
#753 = ORIENTED_EDGE ( 'NONE', *, *, #1537, .F. ) ;
#754 = CARTESIAN_POINT ( 'NONE',  ( -2.381569860407199979, 0.5999999999999999778, 1.375000000000000000 ) ) ;
#755 = CIRCLE ( 'NONE', #82, 0.6500000000000000222 ) ;
#756 = DIRECTION ( 'NONE',  ( -1.000000000000000000, 0.000000000000000000, 0.000000000000000000 ) ) ;
#757 = DIRECTION ( 'NONE',  ( 0.000000000000000000, -1.000000000000000000, 0.000000000000000000 ) ) ;
#758 = EDGE_LOOP ( 'NONE', ( #2444, #6587, #3539, #6258 ) ) ;
#759 = ORIENTED_EDGE ( 'NONE', *, *, #1861, .T. ) ;
#760 = FACE_OUTER_BOUND ( 'NONE', #4510, .T. ) ;
#761 = VERTEX_POINT ( 'NONE', #6434 ) ;
#762 = AXIS2_PLACEMENT_3D ( 'NONE', #3047, #5199, #3114 ) ;
#763 = ORIENTED_EDGE ( 'NONE', *, *, #6793, .T. ) ;
#764 = FACE_OUTER_BOUND ( 'NONE', #1767, .T. ) ;
#765 = DIRECTION ( 'NONE',  ( 0.000000000000000000, 1.000000000000000000, 0.000000000000000000 ) ) ;
#766 = CARTESIAN_POINT ( 'NONE',  ( 2.299313802183987843, 2.145059517738947097, -2.401894052350659337 ) ) ;
#767 = ORIENTED_EDGE ( 'NONE', *, *, #6649, .T. ) ;
#768 = AXIS2_PLACEMENT_3D ( 'NONE', #3458, #3562, #4521 ) ;
#769 = CARTESIAN_POINT ( 'NONE',  ( 6.250000000000000000, 0.1200000000000000094, 0.000000000000000000 ) ) ;
#770 = CARTESIAN_POINT ( 'NONE',  ( -1.870475028870020040, -2.200000000000000178, 2.015892647532030235 ) ) ;
#771 = CARTESIAN_POINT ( 'NONE',  ( -2.182491175196867417, 1.929999999999997939, 2.508769695008118195 ) ) ;
#772 = ORIENTED_EDGE ( 'NONE', *, *, #3166, .F. ) ;
#773 = VECTOR ( 'NONE', #4116, 1000.000000000000114 ) ;
#774 = CARTESIAN_POINT ( 'NONE',  ( -8.250000000000000000, 0.000000000000000000, 0.7699999999999999067 ) ) ;
#775 = VERTEX_POINT ( 'NONE', #1100 ) ;
#776 = LINE ( 'NONE', #2288, #5656 ) ;
#777 = CARTESIAN_POINT ( 'NONE',  ( -2.200392083972035451, 2.065825938177276555, 2.492778052216866325 ) ) ;
#778 = CARTESIAN_POINT ( 'NONE',  ( 14.08057142857140143, 1.930000000000000160, -1.878272675864170127 ) ) ;
#779 = DIRECTION ( 'NONE',  ( 0.000000000000000000, -1.000000000000000000, 0.000000000000000000 ) ) ;
#780 = EDGE_CURVE ( 'NONE', #1848, #2725, #1528, .T. ) ;
#781 = CARTESIAN_POINT ( 'NONE',  ( 14.00000000000000000, 2.050000000000000266, 0.000000000000000000 ) ) ;
#782 = CIRCLE ( 'NONE', #3145, 2.100000000000000089 ) ;
#783 = CARTESIAN_POINT ( 'NONE',  ( -2.399008919802570361, 0.000000000000000000, -1.002375280375410016 ) ) ;
#784 = CARTESIAN_POINT ( 'NONE',  ( 14.25000000000000000, -2.200000000000000178, 0.000000000000000000 ) ) ;
#785 = LINE ( 'NONE', #2409, #4535 ) ;
#786 = EDGE_LOOP ( 'NONE', ( #1772, #524, #3895, #6496 ) ) ;
#787 = EDGE_CURVE ( 'NONE', #2521, #2860, #5466, .T. ) ;
#788 = EDGE_CURVE ( 'NONE', #2620, #6351, #1748, .T. ) ;
#789 = EDGE_CURVE ( 'NONE', #2826, #3462, #4232, .T. ) ;
#790 = DIRECTION ( 'NONE',  ( 0.000000000000000000, -1.000000000000000000, 0.000000000000000000 ) ) ;
#791 = CARTESIAN_POINT ( 'NONE',  ( 0.3365388798724370245, 0.5999999999999999778, 2.587954690573569749 ) ) ;
#792 = DIRECTION ( 'NONE',  ( 0.000000000000000000, 0.000000000000000000, 1.000000000000000000 ) ) ;
#793 = ORIENTED_EDGE ( 'NONE', *, *, #1566, .F. ) ;
#794 = ORIENTED_EDGE ( 'NONE', *, *, #1679, .F. ) ;
#795 = CARTESIAN_POINT ( 'NONE',  ( 2.223634878751290067, 1.930000000000000160, -2.507004771834460133 ) ) ;
#796 = ORIENTED_EDGE ( 'NONE', *, *, #2150, .T. ) ;
#797 = ORIENTED_EDGE ( 'NONE', *, *, #4489, .F. ) ;
#798 = FACE_OUTER_BOUND ( 'NONE', #6814, .T. ) ;
#799 = DIRECTION ( 'NONE',  ( 0.000000000000000000, 0.000000000000000000, 1.000000000000000000 ) ) ;
#800 = AXIS2_PLACEMENT_3D ( 'NONE', #6364, #5836, #1000 ) ;
#801 = ORIENTED_EDGE ( 'NONE', *, *, #497, .T. ) ;
#802 = CARTESIAN_POINT ( 'NONE',  ( 8.250000000000000000, 0.1200000000000000094, 0.000000000000000000 ) ) ;
#803 = CARTESIAN_POINT ( 'NONE',  ( 14.00000000000000000, 0.000000000000000000, 0.000000000000000000 ) ) ;
#804 = CARTESIAN_POINT ( 'NONE',  ( 2.559902808771549854, -2.200000000000000178, -1.004687817007609896 ) ) ;
#805 = ADVANCED_FACE ( 'NONE', ( #1504 ), #3650, .T. ) ;
#806 = VECTOR ( 'NONE', #1485, 1000.000000000000000 ) ;
#807 = ORIENTED_EDGE ( 'NONE', *, *, #421, .F. ) ;
#808 = DIRECTION ( 'NONE',  ( -0.000000000000000000, 1.000000000000000000, 0.000000000000000000 ) ) ;
#809 = CIRCLE ( 'NONE', #5980, 0.7699999999999999067 ) ;
#810 = EDGE_LOOP ( 'NONE', ( #124, #5596, #3570, #737 ) ) ;
#811 = AXIS2_PLACEMENT_3D ( 'NONE', #2214, #1614, #1118 ) ;
#812 = CARTESIAN_POINT ( 'NONE',  ( 0.000000000000000000, 1.449999999999999956, 0.000000000000000000 ) ) ;
#813 = VERTEX_POINT ( 'NONE', #5969 ) ;
#814 = DIRECTION ( 'NONE',  ( 0.000000000000000000, 1.000000000000000000, 0.000000000000000000 ) ) ;
#815 = DIRECTION ( 'NONE',  ( 0.000000000000000000, -1.000000000000000000, 0.000000000000000000 ) ) ;
#816 = AXIS2_PLACEMENT_3D ( 'NONE', #663, #6589, #2811 ) ;
#817 = DIRECTION ( 'NONE',  ( 0.3519251759597359919, 0.000000000000000000, -0.9360281355417200411 ) ) ;
#818 = VECTOR ( 'NONE', #4698, 1000.000000000000000 ) ;
#819 = LINE ( 'NONE', #5161, #6909 ) ;
#820 = VERTEX_POINT ( 'NONE', #1734 ) ;
#821 = DIRECTION ( 'NONE',  ( 0.000000000000000000, 1.000000000000000000, 0.000000000000000000 ) ) ;
#822 = VECTOR ( 'NONE', #2474, 1000.000000000000000 ) ;
#823 = CARTESIAN_POINT ( 'NONE',  ( 2.301618416106629983, 0.03741834724071250312, 2.471931045067589761 ) ) ;
#824 = DIRECTION ( 'NONE',  ( 0.000000000000000000, 1.000000000000000000, 0.000000000000000000 ) ) ;
#825 = ORIENTED_EDGE ( 'NONE', *, *, #4587, .T. ) ;
#826 = AXIS2_PLACEMENT_3D ( 'NONE', #4566, #6193, #5595 ) ;
#827 = EDGE_CURVE ( 'NONE', #2524, #3701, #3885, .T. ) ;
#828 = CARTESIAN_POINT ( 'NONE',  ( -2.371499619222928512, -0.01841700679245790451, 2.331124368061363583 ) ) ;
#829 = ORIENTED_EDGE ( 'NONE', *, *, #3156, .T. ) ;
#830 = EDGE_LOOP ( 'NONE', ( #5526, #772, #3713, #6050 ) ) ;
#831 = AXIS2_PLACEMENT_3D ( 'NONE', #5028, #3435, #6196 ) ;
#832 = CYLINDRICAL_SURFACE ( 'NONE', #6352, 0.1199999999999999678 ) ;
#833 = DIRECTION ( 'NONE',  ( 0.000000000000000000, -1.000000000000000000, 0.000000000000000000 ) ) ;
#834 = PLANE ( 'NONE',  #2782 ) ;
#835 = ORIENTED_EDGE ( 'NONE', *, *, #3076, .F. ) ;
#836 = EDGE_CURVE ( 'NONE', #2685, #3933, #2372, .T. ) ;
#837 = CARTESIAN_POINT ( 'NONE',  ( 0.000000000000000000, 0.000000000000000000, 0.000000000000000000 ) ) ;
#838 = EDGE_CURVE ( 'NONE', #3656, #1185, #122, .T. ) ;
#839 = EDGE_CURVE ( 'NONE', #4126, #4689, #2545, .T. ) ;
#840 = VECTOR ( 'NONE', #3256, 1000.000000000000114 ) ;
#841 = DIRECTION ( 'NONE',  ( -1.000000000000000000, 0.000000000000000000, 0.000000000000000000 ) ) ;
#842 = DIRECTION ( 'NONE',  ( 0.000000000000000000, -1.000000000000000000, 0.000000000000000000 ) ) ;
#843 = EDGE_LOOP ( 'NONE', ( #5025, #5846, #4101, #5253 ) ) ;
#844 = CARTESIAN_POINT ( 'NONE',  ( 2.163884449861600334, 0.04129019031975332543, -2.524647801257638324 ) ) ;
#845 = LINE ( 'NONE', #1935, #4946 ) ;
#846 = ORIENTED_EDGE ( 'NONE', *, *, #6088, .T. ) ;
#847 = CARTESIAN_POINT ( 'NONE',  ( 1.849597897417310177, -2.200000000000000178, -0.9944785658170119946 ) ) ;
#848 = EDGE_LOOP ( 'NONE', ( #643, #3408 ) ) ;
#849 = DIRECTION ( 'NONE',  ( 0.000000000000000000, 1.000000000000000000, 0.000000000000000000 ) ) ;
#850 = CARTESIAN_POINT ( 'NONE',  ( -6.250000000000000000, 0.1200000000000000094, 0.000000000000000000 ) ) ;
#851 = LINE ( 'NONE', #4029, #2569 ) ;
#852 = CARTESIAN_POINT ( 'NONE',  ( 14.25000000000000000, 1.930000000000000160, 0.000000000000000000 ) ) ;
#853 = VECTOR ( 'NONE', #6802, 1000.000000000000114 ) ;
#854 = CARTESIAN_POINT ( 'NONE',  ( 6.250000000000000000, 1.930000000000000160, 0.000000000000000000 ) ) ;
#855 = EDGE_LOOP ( 'NONE', ( #6848, #2833, #377, #5972 ) ) ;
#856 = AXIS2_PLACEMENT_3D ( 'NONE', #6152, #2938, #1320 ) ;
#857 = DIRECTION ( 'NONE',  ( -0.000000000000000000, 1.000000000000000000, 0.000000000000000000 ) ) ;
#858 = AXIS2_PLACEMENT_3D ( 'NONE', #1827, #3982, #3064 ) ;
#859 = DIRECTION ( 'NONE',  ( 0.000000000000000000, 0.000000000000000000, 1.000000000000000000 ) ) ;
#860 = ORIENTED_EDGE ( 'NONE', *, *, #6297, .T. ) ;
#861 = CARTESIAN_POINT ( 'NONE',  ( -2.163884449861600334, 0.04129019031974802412, 2.524647801257638324 ) ) ;
#862 = ORIENTED_EDGE ( 'NONE', *, *, #2191, .F. ) ;
#863 = ORIENTED_EDGE ( 'NONE', *, *, #1440, .T. ) ;
#864 = EDGE_CURVE ( 'NONE', #5366, #5738, #1803, .T. ) ;
#865 = CARTESIAN_POINT ( 'NONE',  ( 0.000000000000000000, 0.5999999999999999778, 0.000000000000000000 ) ) ;
#866 = CARTESIAN_POINT ( 'NONE',  ( -2.742310442248250268, 0.000000000000000000, -0.2055077573626570009 ) ) ;
#867 = CARTESIAN_POINT ( 'NONE',  ( 2.234852747574276766, 2.102426776675602405, -2.461992375858568227 ) ) ;
#868 = ORIENTED_EDGE ( 'NONE', *, *, #4234, .F. ) ;
#869 = DIRECTION ( 'NONE',  ( -0.5513875319727800095, 0.000000000000000000, -0.8342492370898320075 ) ) ;
#870 = AXIS2_PLACEMENT_3D ( 'NONE', #1426, #301, #2939 ) ;
#871 = LINE ( 'NONE', #6771, #1222 ) ;
#872 = DIRECTION ( 'NONE',  ( 0.000000000000000000, 0.000000000000000000, 1.000000000000000000 ) ) ;
#873 = CARTESIAN_POINT ( 'NONE',  ( -1.129918426019240085, 0.000000000000000000, 1.770108570269689929 ) ) ;
#874 = VERTEX_POINT ( 'NONE', #6042 ) ;
#875 = EDGE_CURVE ( 'NONE', #361, #761, #1209, .T. ) ;
#876 = DIRECTION ( 'NONE',  ( 0.000000000000000000, -1.000000000000000000, 0.000000000000000000 ) ) ;
#877 = DIRECTION ( 'NONE',  ( 0.04285714285713609212, 0.000000000000000000, 0.9990812105660494824 ) ) ;
#878 = ADVANCED_FACE ( 'NONE', ( #5551 ), #4981, .F. ) ;
#879 = EDGE_CURVE ( 'NONE', #5098, #3686, #3886, .T. ) ;
#880 = AXIS2_PLACEMENT_3D ( 'NONE', #6214, #2475, #1278 ) ;
#881 = ORIENTED_EDGE ( 'NONE', *, *, #4424, .F. ) ;
#882 = FACE_BOUND ( 'NONE', #134, .T. ) ;
#883 = ORIENTED_EDGE ( 'NONE', *, *, #2191, .T. ) ;
#884 = VECTOR ( 'NONE', #4479, 1000.000000000000000 ) ;
#885 = DIRECTION ( 'NONE',  ( 0.9990812105660492604, 0.000000000000000000, 0.04285714285714280203 ) ) ;
#886 = DIRECTION ( 'NONE',  ( 0.000000000000000000, 0.000000000000000000, 1.000000000000000000 ) ) ;
#887 = ORGANIZATION ( 'UNSPECIFIED', 'UNSPECIFIED', '' ) ;
#888 = CYLINDRICAL_SURFACE ( 'NONE', #649, 2.600000000000000089 ) ;
#889 = CARTESIAN_POINT ( 'NONE',  ( -2.742310442248250268, 0.5999999999999999778, -0.2055077573626570009 ) ) ;
#890 = PRODUCT_DEFINITION_FORMATION_WITH_SPECIFIED_SOURCE ( 'ANY', '', #464, .NOT_KNOWN. ) ;
#891 = EDGE_CURVE ( 'NONE', #4092, #1283, #3357, .T. ) ;
#892 = CARTESIAN_POINT ( 'NONE',  ( 0.000000000000000000, -2.200000000000000178, 0.000000000000000000 ) ) ;
#893 = PLANE ( 'NONE',  #762 ) ;
#894 = CARTESIAN_POINT ( 'NONE',  ( -0.8105767296299890567, -2.200000000000000178, -2.627825215911889778 ) ) ;
#895 = ORIENTED_EDGE ( 'NONE', *, *, #3674, .T. ) ;
#896 = DIRECTION ( 'NONE',  ( 0.000000000000000000, 1.000000000000000000, 0.000000000000000000 ) ) ;
#897 = ORIENTED_EDGE ( 'NONE', *, *, #1171, .T. ) ;
#898 = ORIENTED_EDGE ( 'NONE', *, *, #5909, .F. ) ;
#899 = CARTESIAN_POINT ( 'NONE',  ( 2.230118976453058455, 2.028723911118201162, 2.466594491214100682 ) ) ;
#900 = CARTESIAN_POINT ( 'NONE',  ( 8.250000000000000000, 0.000000000000000000, 0.000000000000000000 ) ) ;
#901 = CARTESIAN_POINT ( 'NONE',  ( 10.25000000000000000, 1.930000000000000160, 0.7699999999999999067 ) ) ;
#902 = ORIENTED_EDGE ( 'NONE', *, *, #2033, .F. ) ;
#903 = DIRECTION ( 'NONE',  ( 0.000000000000000000, -1.000000000000000000, 0.000000000000000000 ) ) ;
#904 = CARTESIAN_POINT ( 'NONE',  ( -2.439278249353139749, 2.050000000000000266, -2.405245050716199984 ) ) ;
#905 = CARTESIAN_POINT ( 'NONE',  ( -2.322139482117969056, -0.02216960142990951135, -2.380723423415917583 ) ) ;
#906 = AXIS2_PLACEMENT_3D ( 'NONE', #3034, #5183, #6309 ) ;
#907 = EDGE_LOOP ( 'NONE', ( #428, #4415, #6532, #5172, #4638, #1808 ) ) ;
#908 = CARTESIAN_POINT ( 'NONE',  ( 2.224978760723117954, -0.04511340861564003962, -2.471081547191388950 ) ) ;
#909 = DIRECTION ( 'NONE',  ( 0.000000000000000000, 1.000000000000000000, 0.000000000000000000 ) ) ;
#910 = VECTOR ( 'NONE', #2146, 1000.000000000000000 ) ;
#911 = EDGE_LOOP ( 'NONE', ( #4322, #6340, #6921, #686 ) ) ;
#912 = ADVANCED_FACE ( 'NONE', ( #5441 ), #5700, .T. ) ;
#913 = FACE_OUTER_BOUND ( 'NONE', #1689, .T. ) ;
#914 = AXIS2_PLACEMENT_3D ( 'NONE', #2473, #5222, #5722 ) ;
#915 = EDGE_LOOP ( 'NONE', ( #4924, #2342, #3206, #461, #3058, #3514 ) ) ;
#916 = ADVANCED_FACE ( 'NONE', ( #2867 ), #1628, .T. ) ;
#917 = DIRECTION ( 'NONE',  ( -0.9960268208388510791, 0.000000000000000000, -0.08905375999726940217 ) ) ;
#918 = DIRECTION ( 'NONE',  ( -1.000000000000000000, 0.000000000000000000, 0.000000000000000000 ) ) ;
#919 = AXIS2_PLACEMENT_3D ( 'NONE', #1183, #4432, #6544 ) ;
#920 = B_SPLINE_CURVE_WITH_KNOTS ( 'NONE', 3,
 ( #4888, #5977, #3754, #65, #1014, #6945, #2132, #1145, #3226, #4324, #1544, #1575, #2740, #4847 ),
 .UNSPECIFIED., .F., .F.,
 ( 4, 2, 2, 2, 2, 2, 4 ),
 ( 0.000000000000000000, 0.1249999999999995004, 0.1874999999999989175, 0.2499999999999983347, 0.3749999999999985567, 0.4999999999999987788, 1.000000000000000000 ),
 .UNSPECIFIED. ) ;
#921 = VECTOR ( 'NONE', #4552, 1000.000000000000114 ) ;
#922 = CARTESIAN_POINT ( 'NONE',  ( 14.08571428571429962, 1.930000000000000160, -1.998162421132100075 ) ) ;
#923 = EDGE_CURVE ( 'NONE', #5823, #6618, #159, .T. ) ;
#924 = CARTESIAN_POINT ( 'NONE',  ( 8.250000000000000000, 0.1200000000000000094, -0.7699999999999999067 ) ) ;
#925 = EDGE_CURVE ( 'NONE', #2653, #499, #2315, .T. ) ;
#926 = CARTESIAN_POINT ( 'NONE',  ( 0.000000000000000000, 0.5999999999999999778, 0.000000000000000000 ) ) ;
#927 = CIRCLE ( 'NONE', #5424, 2.100000000000000089 ) ;
#928 = AXIS2_PLACEMENT_3D ( 'NONE', #83, #4339, #2755 ) ;
#929 = DIRECTION ( 'NONE',  ( 0.000000000000000000, 0.000000000000000000, 1.000000000000000000 ) ) ;
#930 = DIRECTION ( 'NONE',  ( 0.000000000000000000, 0.000000000000000000, 1.000000000000000000 ) ) ;
#931 = LINE ( 'NONE', #1062, #3378 ) ;
#932 = AXIS2_PLACEMENT_3D ( 'NONE', #3209, #6422, #3178 ) ;
#933 = ORIENTED_EDGE ( 'NONE', *, *, #3585, .F. ) ;
#934 = EDGE_CURVE ( 'NONE', #4041, #4050, #4458, .T. ) ;
#935 = ORIENTED_EDGE ( 'NONE', *, *, #4796, .F. ) ;
#936 = AXIS2_PLACEMENT_3D ( 'NONE', #5009, #2326, #4483 ) ;
#937 = VERTEX_POINT ( 'NONE', #1284 ) ;
#938 = CARTESIAN_POINT ( 'NONE',  ( 6.250000000000000000, 0.1200000000000000094, 0.000000000000000000 ) ) ;
#939 = FACE_OUTER_BOUND ( 'NONE', #6669, .T. ) ;
#940 = PLANE ( 'NONE',  #4916 ) ;
#941 = AXIS2_PLACEMENT_3D ( 'NONE', #530, #1119, #2485 ) ;
#942 = ORIENTED_EDGE ( 'NONE', *, *, #3030, .F. ) ;
#943 = DIRECTION ( 'NONE',  ( 0.000000000000000000, 0.000000000000000000, 1.000000000000000000 ) ) ;
#944 = VECTOR ( 'NONE', #5793, 1000.000000000000000 ) ;
#945 = CARTESIAN_POINT ( 'NONE',  ( -1.996972384009489732, 0.000000000000000000, -1.664962851688730039 ) ) ;
#946 = CARTESIAN_POINT ( 'NONE',  ( 8.250000000000000000, 0.000000000000000000, 0.000000000000000000 ) ) ;
#947 = AXIS2_PLACEMENT_3D ( 'NONE', #1780, #3935, #584 ) ;
#948 = ORIENTED_EDGE ( 'NONE', *, *, #1095, .F. ) ;
#949 = CARTESIAN_POINT ( 'NONE',  ( -2.381569860407199979, 0.5999999999999999778, 1.375000000000000000 ) ) ;
#950 = DIRECTION ( 'NONE',  ( -0.9990812105660495934, 7.744301232038114901E-17, 0.04285714285713617538 ) ) ;
#951 = VECTOR ( 'NONE', #6842, 999.9999999999998863 ) ;
#952 = EDGE_LOOP ( 'NONE', ( #1021, #6328, #6506, #3123 ) ) ;
#953 = DIRECTION ( 'NONE',  ( 0.000000000000000000, 1.000000000000000000, 0.000000000000000000 ) ) ;
#954 = ORIENTED_EDGE ( 'NONE', *, *, #3277, .F. ) ;
#955 = CARTESIAN_POINT ( 'NONE',  ( -0.06355524719201660622, 0.5999999999999999778, 2.099038048858179906 ) ) ;
#956 = CARTESIAN_POINT ( 'NONE',  ( 2.380549763303420274, 0.009034630121923039464, -2.434603292245270278 ) ) ;
#957 = AXIS2_PLACEMENT_3D ( 'NONE', #4797, #1088, #7 ) ;
#958 = ADVANCED_FACE ( 'NONE', ( #2798 ), #720, .T. ) ;
#959 = CC_DESIGN_PERSON_AND_ORGANIZATION_ASSIGNMENT ( #5373, #4220, ( #2230 ) ) ;
#960 = CARTESIAN_POINT ( 'NONE',  ( -2.439278249353160177, -4.239885633450819524E-15, 2.405245050716230182 ) ) ;
#961 = DIRECTION ( 'NONE',  ( 0.000000000000000000, 0.000000000000000000, 1.000000000000000000 ) ) ;
#962 = CARTESIAN_POINT ( 'NONE',  ( 0.000000000000000000, -2.200000000000000178, 0.000000000000000000 ) ) ;
#963 = EDGE_CURVE ( 'NONE', #1742, #6804, #6263, .T. ) ;
#964 = FACE_OUTER_BOUND ( 'NONE', #1093, .T. ) ;
#965 = ADVANCED_FACE ( 'NONE', ( #5057 ), #6601, .T. ) ;
#966 = DIRECTION ( 'NONE',  ( 0.000000000000000000, 1.000000000000000000, 0.000000000000000000 ) ) ;
#967 = EDGE_CURVE ( 'NONE', #6643, #4386, #2195, .T. ) ;
#968 = TOROIDAL_SURFACE ( 'NONE', #4901, 0.7699999999999999067, 0.1200000000000000094 ) ;
#969 = CARTESIAN_POINT ( 'NONE',  ( -1.996972384009489732, 0.5999999999999999778, -1.664962851688730039 ) ) ;
#970 = EDGE_LOOP ( 'NONE', ( #3590, #33, #3245, #4883 ) ) ;
#971 = VERTEX_POINT ( 'NONE', #5089 ) ;
#972 = VECTOR ( 'NONE', #299, 1000.000000000000114 ) ;
#973 = ORIENTED_EDGE ( 'NONE', *, *, #3041, .F. ) ;
#974 = DIRECTION ( 'NONE',  ( 0.04285714285714280897, 0.000000000000000000, 0.9990812105660493714 ) ) ;
#975 = ADVANCED_FACE ( 'NONE', ( #337 ), #4000, .T. ) ;
#976 = FACE_BOUND ( 'NONE', #6091, .T. ) ;
#977 = VERTEX_POINT ( 'NONE', #4599 ) ;
#978 = CARTESIAN_POINT ( 'NONE',  ( 14.25000000000000000, 0.000000000000000000, 0.000000000000000000 ) ) ;
#979 = DATE_TIME_ROLE ( 'creation_date' ) ;
#980 = DIRECTION ( 'NONE',  ( 0.000000000000000000, 0.000000000000000000, 1.000000000000000000 ) ) ;
#981 = AXIS2_PLACEMENT_3D ( 'NONE', #3132, #2598, #4257 ) ;
#982 = ORIENTED_EDGE ( 'NONE', *, *, #1816, .F. ) ;
#983 = CARTESIAN_POINT ( 'NONE',  ( 2.172264346982829775, 0.02887764033386296461, -2.517323465592138820 ) ) ;
#984 = DIRECTION ( 'NONE',  ( 0.000000000000000000, 0.000000000000000000, 1.000000000000000000 ) ) ;
#985 = AXIS2_PLACEMENT_3D ( 'NONE', #5490, #693, #3786 ) ;
#986 = DIRECTION ( 'NONE',  ( 0.000000000000000000, 0.000000000000000000, 1.000000000000000000 ) ) ;
#987 = ORIENTED_EDGE ( 'NONE', *, *, #5754, .T. ) ;
#988 = DIRECTION ( 'NONE',  ( 0.000000000000000000, 0.000000000000000000, 1.000000000000000000 ) ) ;
#989 = CIRCLE ( 'NONE', #2215, 0.6500000000000000222 ) ;
#990 = ORIENTED_EDGE ( 'NONE', *, *, #4870, .T. ) ;
#991 = EDGE_LOOP ( 'NONE', ( #2573, #2587, #2577 ) ) ;
#992 = CYLINDRICAL_SURFACE ( 'NONE', #4141, 2.100000000000000089 ) ;
#993 = CARTESIAN_POINT ( 'NONE',  ( 2.223635094200719919, 1.950334041121619899, -2.507004762592420555 ) ) ;
#994 = AXIS2_PLACEMENT_3D ( 'NONE', #6700, #5456, #212 ) ;
#995 = EDGE_CURVE ( 'NONE', #6334, #5134, #2411, .T. ) ;
#996 = DIRECTION ( 'NONE',  ( 0.000000000000000000, 0.000000000000000000, 1.000000000000000000 ) ) ;
#997 = AXIS2_PLACEMENT_3D ( 'NONE', #5779, #3545, #1472 ) ;
#998 = CARTESIAN_POINT ( 'NONE',  ( 0.000000000000000000, -2.200000000000000178, -2.750000000000000000 ) ) ;
#999 = LINE ( 'NONE', #6930, #3787 ) ;
#1000 = DIRECTION ( 'NONE',  ( 0.000000000000000000, 0.000000000000000000, 1.000000000000000000 ) ) ;
#1001 = ORIENTED_EDGE ( 'NONE', *, *, #827, .F. ) ;
#1002 = EDGE_CURVE ( 'NONE', #4160, #3018, #5694, .T. ) ;
#1003 = EDGE_CURVE ( 'NONE', #5672, #3374, #5764, .T. ) ;
#1004 = EDGE_LOOP ( 'NONE', ( #1973, #4819, #6691, #6769 ) ) ;
#1005 = EDGE_CURVE ( 'NONE', #1334, #2555, #6034, .T. ) ;
#1006 = EDGE_LOOP ( 'NONE', ( #2318, #6711, #2750, #3247 ) ) ;
#1007 = CARTESIAN_POINT ( 'NONE',  ( 2.201373494853030355, 2.071068324484839795, 2.492026715981311646 ) ) ;
#1008 = CARTESIAN_POINT ( 'NONE',  ( -2.234852747575100995, -0.05242677667702660277, -2.461992375857809723 ) ) ;
#1009 = VERTEX_POINT ( 'NONE', #1878 ) ;
#1010 = CIRCLE ( 'NONE', #6523, 0.7699999999999999067 ) ;
#1011 = DIRECTION ( 'NONE',  ( 0.000000000000000000, -1.000000000000000000, 0.000000000000000000 ) ) ;
#1012 = EDGE_LOOP ( 'NONE', ( #5255, #4915 ) ) ;
#1013 = FACE_OUTER_BOUND ( 'NONE', #952, .T. ) ;
#1014 = CARTESIAN_POINT ( 'NONE',  ( 2.164710469765293244, 2.003648272489055415, 2.523822181866638648 ) ) ;
#1015 = VERTEX_POINT ( 'NONE', #1843 ) ;
#1016 = FACE_OUTER_BOUND ( 'NONE', #6460, .T. ) ;
#1017 = EDGE_CURVE ( 'NONE', #1742, #245, #6379, .T. ) ;
#1018 = ORIENTED_EDGE ( 'NONE', *, *, #4110, .T. ) ;
#1019 = DIRECTION ( 'NONE',  ( 0.000000000000000000, 0.000000000000000000, 1.000000000000000000 ) ) ;
#1020 = EDGE_LOOP ( 'NONE', ( #1667, #5337, #3492, #4274 ) ) ;
#1021 = ORIENTED_EDGE ( 'NONE', *, *, #3842, .F. ) ;
#1022 = LINE ( 'NONE', #922, #6503 ) ;
#1023 = AXIS2_PLACEMENT_3D ( 'NONE', #5620, #2407, #191 ) ;
#1024 = CARTESIAN_POINT ( 'NONE',  ( 2.182113259286820206, 0.1200000000000000094, -2.508785906299029644 ) ) ;
#1025 = CARTESIAN_POINT ( 'NONE',  ( 0.06355524719204760919, 0.5999999999999999778, 2.099038048858179906 ) ) ;
#1026 = FACE_OUTER_BOUND ( 'NONE', #1417, .T. ) ;
#1027 = AXIS2_PLACEMENT_3D ( 'NONE', #812, #742, #5076 ) ;
#1028 = B_SPLINE_CURVE_WITH_KNOTS ( 'NONE', 3,
 ( #2912, #3017, #2415, #1395, #3537, #2380, #2981, #795 ),
 .UNSPECIFIED., .F., .F.,
 ( 4, 2, 2, 4 ),
 ( 0.000000000000000000, 0.5000000000000001110, 0.7499999999999992228, 1.000000000000000000 ),
 .UNSPECIFIED. ) ;
#1029 = CARTESIAN_POINT ( 'NONE',  ( 0.000000000000000000, 1.449999999999999956, 0.000000000000000000 ) ) ;
#1030 = DIRECTION ( 'NONE',  ( 0.000000000000000000, 0.000000000000000000, 1.000000000000000000 ) ) ;
#1031 = ORIENTED_EDGE ( 'NONE', *, *, #3693, .T. ) ;
#1032 = AXIS2_PLACEMENT_3D ( 'NONE', #3870, #557, #76 ) ;
#1033 = ORIENTED_EDGE ( 'NONE', *, *, #3229, .T. ) ;
#1034 = VERTEX_POINT ( 'NONE', #4034 ) ;
#1035 = CARTESIAN_POINT ( 'NONE',  ( 2.151120850788211580, 1.970700939873639701, 2.535410047521531762 ) ) ;
#1036 = CARTESIAN_POINT ( 'NONE',  ( 0.000000000000000000, 2.350000000000000089, 0.000000000000000000 ) ) ;
#1037 = AXIS2_PLACEMENT_3D ( 'NONE', #6815, #953, #1452 ) ;
#1038 = PLANE ( 'NONE',  #1988 ) ;
#1039 = EDGE_CURVE ( 'NONE', #1342, #5594, #4669, .T. ) ;
#1040 = VERTEX_POINT ( 'NONE', #6188 ) ;
#1041 = DIRECTION ( 'NONE',  ( -0.04285714285713625171, 0.000000000000000000, 0.9990812105660495934 ) ) ;
#1042 = CARTESIAN_POINT ( 'NONE',  ( -2.252413532882459268, 0.006823685767694057103, -2.446260625880960493 ) ) ;
#1043 = VECTOR ( 'NONE', #2259, 1000.000000000000114 ) ;
#1044 = VERTEX_POINT ( 'NONE', #6824 ) ;
#1045 = DIRECTION ( 'NONE',  ( 0.7243089475128148269, -1.084202172485506170E-14, 0.6894755605189196723 ) ) ;
#1046 = LINE ( 'NONE', #4817, #5535 ) ;
#1047 = ADVANCED_FACE ( 'NONE', ( #1980 ), #1193, .T. ) ;
#1048 = EDGE_CURVE ( 'NONE', #4090, #1483, #3497, .T. ) ;
#1049 = AXIS2_PLACEMENT_3D ( 'NONE', #5230, #6858, #3110 ) ;
#1050 = ORIENTED_EDGE ( 'NONE', *, *, #4879, .F. ) ;
#1051 = EDGE_CURVE ( 'NONE', #2780, #4115, #6946, .T. ) ;
#1052 = CIRCLE ( 'NONE', #5795, 0.7699999999999999067 ) ;
#1053 = DIRECTION ( 'NONE',  ( -0.9998967236536199232, 0.000000000000000000, 0.01437157008667969832 ) ) ;
#1054 = CARTESIAN_POINT ( 'NONE',  ( -6.250000000000000000, -2.200000000000000178, 0.6500000000000000222 ) ) ;
#1055 = EDGE_LOOP ( 'NONE', ( #4803, #5116 ) ) ;
#1056 = CIRCLE ( 'NONE', #5898, 0.6500000000000000222 ) ;
#1057 = EDGE_LOOP ( 'NONE', ( #942, #4037, #4790, #1573 ) ) ;
#1058 = CARTESIAN_POINT ( 'NONE',  ( -6.250000000000000000, 1.930000000000000160, -0.6500000000000000222 ) ) ;
#1059 = CARTESIAN_POINT ( 'NONE',  ( -1.601467981016740039, -2.200000000000000178, 1.358418310307309973 ) ) ;
#1060 = CARTESIAN_POINT ( 'NONE',  ( -0.3314220029706069770, 0.000000000000000000, 2.578790308642199935 ) ) ;
#1061 = DIRECTION ( 'NONE',  ( 0.000000000000000000, 0.000000000000000000, -1.000000000000000000 ) ) ;
#1062 = CARTESIAN_POINT ( 'NONE',  ( -1.870475028870020040, 0.5999999999999999778, 2.015892647532030235 ) ) ;
#1063 = EDGE_LOOP ( 'NONE', ( #3283, #5864, #1326, #5592 ) ) ;
#1064 = ORIENTED_EDGE ( 'NONE', *, *, #963, .F. ) ;
#1065 = ORIENTED_EDGE ( 'NONE', *, *, #293, .F. ) ;
#1066 = CARTESIAN_POINT ( 'NONE',  ( 4.250000000000000000, 2.050000000000000266, 0.000000000000000000 ) ) ;
#1067 = DIRECTION ( 'NONE',  ( 0.000000000000000000, 0.000000000000000000, 1.000000000000000000 ) ) ;
#1068 = CARTESIAN_POINT ( 'NONE',  ( -0.5579706603045820890, 0.5999999999999999778, 2.024516915770099956 ) ) ;
#1069 = ORIENTED_EDGE ( 'NONE', *, *, #5842, .F. ) ;
#1070 = PERSON_AND_ORGANIZATION ( #3525, #887 ) ;
#1071 = VERTEX_POINT ( 'NONE', #2480 ) ;
#1072 = CARTESIAN_POINT ( 'NONE',  ( -2.223634878751290067, 0.1200000000000000094, 2.507004771834460133 ) ) ;
#1073 = EDGE_CURVE ( 'NONE', #2552, #210, #3326, .T. ) ;
#1074 = VERTEX_POINT ( 'NONE', #3012 ) ;
#1075 = CARTESIAN_POINT ( 'NONE',  ( 0.000000000000000000, 1.449999999999999956, 0.000000000000000000 ) ) ;
#1076 = DIRECTION ( 'NONE',  ( 0.000000000000000000, 0.000000000000000000, -1.000000000000000000 ) ) ;
#1077 = ORIENTED_EDGE ( 'NONE', *, *, #5757, .T. ) ;
#1078 = DIRECTION ( 'NONE',  ( -0.7232010147388765464, 0.000000000000000000, 0.6906375983688255449 ) ) ;
#1079 = EDGE_CURVE ( 'NONE', #3869, #443, #5141, .T. ) ;
#1080 = CARTESIAN_POINT ( 'NONE',  ( -0.05662845856656009702, 0.000000000000000000, -2.599383237939410396 ) ) ;
#1081 = EDGE_CURVE ( 'NONE', #1040, #1676, #6790, .T. ) ;
#1082 = VERTEX_POINT ( 'NONE', #6255 ) ;
#1083 = EDGE_CURVE ( 'NONE', #1344, #2701, #1871, .T. ) ;
#1084 = VECTOR ( 'NONE', #4889, 1000.000000000000114 ) ;
#1085 = ORIENTED_EDGE ( 'NONE', *, *, #6221, .T. ) ;
#1086 = CARTESIAN_POINT ( 'NONE',  ( -1.786042650225290185, 0.000000000000000000, -1.104559483041190004 ) ) ;
#1087 = AXIS2_PLACEMENT_3D ( 'NONE', #2293, #3768, #2824 ) ;
#1088 = DIRECTION ( 'NONE',  ( 0.000000000000000000, -1.000000000000000000, 0.000000000000000000 ) ) ;
#1089 = DIRECTION ( 'NONE',  ( 0.000000000000000000, 1.000000000000000000, 0.000000000000000000 ) ) ;
#1090 = DIRECTION ( 'NONE',  ( 0.000000000000000000, 0.000000000000000000, 1.000000000000000000 ) ) ;
#1091 = VECTOR ( 'NONE', #4996, 1000.000000000000000 ) ;
#1092 = DIRECTION ( 'NONE',  ( 0.8342492370898318965, 0.000000000000000000, -0.5513875319727798985 ) ) ;
#1093 = EDGE_LOOP ( 'NONE', ( #273, #4106, #3101, #4674 ) ) ;
#1094 = DIRECTION ( 'NONE',  ( 0.000000000000000000, -1.000000000000000000, 0.000000000000000000 ) ) ;
#1095 = EDGE_CURVE ( 'NONE', #3117, #977, #6721, .T. ) ;
#1096 = EDGE_LOOP ( 'NONE', ( #4470, #340, #1926, #6124 ) ) ;
#1097 = CIRCLE ( 'NONE', #538, 2.000000000000000000 ) ;
#1098 = ORIENTED_EDGE ( 'NONE', *, *, #3407, .T. ) ;
#1099 = FACE_OUTER_BOUND ( 'NONE', #1708, .T. ) ;
#1100 = CARTESIAN_POINT ( 'NONE',  ( -0.06355524719201660622, 0.000000000000000000, 2.099038048858179906 ) ) ;
#1101 = CARTESIAN_POINT ( 'NONE',  ( -4.250000000000000000, 0.1200000000000000094, -0.6500000000000000222 ) ) ;
#1102 = VERTEX_POINT ( 'NONE', #6683 ) ;
#1103 = LOCAL_TIME ( 13, 13, 12.00000000000000000, #6502 ) ;
#1104 = ORIENTED_EDGE ( 'NONE', *, *, #2757, .T. ) ;
#1105 = CARTESIAN_POINT ( 'NONE',  ( -14.00000000000000000, 1.930000000000000160, 0.000000000000000000 ) ) ;
#1106 = ORIENTED_EDGE ( 'NONE', *, *, #659, .T. ) ;
#1107 = DIRECTION ( 'NONE',  ( 0.000000000000000000, -1.000000000000000000, 0.000000000000000000 ) ) ;
#1108 = CARTESIAN_POINT ( 'NONE',  ( -6.250000000000000000, 2.050000000000000266, 0.000000000000000000 ) ) ;
#1109 = FACE_OUTER_BOUND ( 'NONE', #4851, .T. ) ;
#1110 = AXIS2_PLACEMENT_3D ( 'NONE', #5217, #909, #6742 ) ;
#1111 = ORIENTED_EDGE ( 'NONE', *, *, #788, .F. ) ;
#1112 = CARTESIAN_POINT ( 'NONE',  ( 14.08057142857140143, 2.050000000000000266, -1.878272675864170127 ) ) ;
#1113 = DIRECTION ( 'NONE',  ( 0.000000000000000000, 0.000000000000000000, -1.000000000000000000 ) ) ;
#1114 = VERTEX_POINT ( 'NONE', #438 ) ;
#1115 = ORIENTED_EDGE ( 'NONE', *, *, #1613, .T. ) ;
#1116 = ADVANCED_FACE ( 'NONE', ( #964 ), #5803, .F. ) ;
#1117 = EDGE_CURVE ( 'NONE', #4784, #219, #4795, .T. ) ;
#1118 = DIRECTION ( 'NONE',  ( 0.000000000000000000, 0.000000000000000000, 1.000000000000000000 ) ) ;
#1119 = DIRECTION ( 'NONE',  ( 1.000000000000000000, -0.000000000000000000, 1.224646799147353207E-16 ) ) ;
#1120 = DIRECTION ( 'NONE',  ( 0.000000000000000000, 1.000000000000000000, 0.000000000000000000 ) ) ;
#1121 = VECTOR ( 'NONE', #458, 1000.000000000000000 ) ;
#1122 = AXIS2_PLACEMENT_3D ( 'NONE', #3116, #2119, #4272 ) ;
#1123 = CARTESIAN_POINT ( 'NONE',  ( -12.25000000000000000, 0.1200000000000000094, 0.000000000000000000 ) ) ;
#1124 = EDGE_CURVE ( 'NONE', #813, #5023, #4730, .T. ) ;
#1125 = CARTESIAN_POINT ( 'NONE',  ( -14.25000000000000000, 2.050000000000000266, 0.7699999999999999067 ) ) ;
#1126 = ORIENTED_EDGE ( 'NONE', *, *, #5397, .F. ) ;
#1127 = EDGE_CURVE ( 'NONE', #5981, #49, #2014, .T. ) ;
#1128 = DIRECTION ( 'NONE',  ( -0.5123945066141353255, 0.000000000000000000, -0.8587501788015283744 ) ) ;
#1129 = ORIENTED_EDGE ( 'NONE', *, *, #186, .T. ) ;
#1130 = VECTOR ( 'NONE', #4595, 1000.000000000000000 ) ;
#1131 = CIRCLE ( 'NONE', #3502, 0.1199999999999999956 ) ;
#1132 = ORIENTED_EDGE ( 'NONE', *, *, #3239, .T. ) ;
#1133 = CARTESIAN_POINT ( 'NONE',  ( 10.25000000000000000, 0.1200000000000000094, -0.6500000000000000222 ) ) ;
#1134 = DIRECTION ( 'NONE',  ( -0.9865867320159805720, 0.000000000000000000, 0.1632379251584249180 ) ) ;
#1135 = DIRECTION ( 'NONE',  ( 0.000000000000000000, 1.000000000000000000, 0.000000000000000000 ) ) ;
#1136 = AXIS2_PLACEMENT_3D ( 'NONE', #5822, #3070, #6778 ) ;
#1137 = VERTEX_POINT ( 'NONE', #5296 ) ;
#1138 = CALENDAR_DATE ( 2025, 7, 4 ) ;
#1139 = ORIENTED_EDGE ( 'NONE', *, *, #6659, .T. ) ;
#1140 = LINE ( 'NONE', #5517, #840 ) ;
#1141 = VERTEX_POINT ( 'NONE', #6895 ) ;
#1142 = VECTOR ( 'NONE', #2171, 999.9999999999998863 ) ;
#1143 = ORIENTED_EDGE ( 'NONE', *, *, #4146, .T. ) ;
#1144 = CARTESIAN_POINT ( 'NONE',  ( 2.301618416106629983, 0.03741834724071250312, 2.471931045067589761 ) ) ;
#1145 = CARTESIAN_POINT ( 'NONE',  ( 2.190082047065033066, 2.052480564970567301, 2.501857441250412428 ) ) ;
#1146 = CARTESIAN_POINT ( 'NONE',  ( -10.25000000000000000, 0.1200000000000000094, -0.6500000000000000222 ) ) ;
#1147 = ORIENTED_EDGE ( 'NONE', *, *, #4021, .F. ) ;
#1148 = PLANE ( 'NONE',  #5049 ) ;
#1149 = AXIS2_PLACEMENT_3D ( 'NONE', #1655, #3847, #718 ) ;
#1150 = DIRECTION ( 'NONE',  ( 0.000000000000000000, -1.000000000000000000, 0.000000000000000000 ) ) ;
#1151 = VERTEX_POINT ( 'NONE', #2050 ) ;
#1152 = DIRECTION ( 'NONE',  ( 0.000000000000000000, 0.000000000000000000, 1.000000000000000000 ) ) ;
#1153 = AXIS2_PLACEMENT_3D ( 'NONE', #462, #918, #886 ) ;
#1154 = CIRCLE ( 'NONE', #6915, 0.6500000000000000222 ) ;
#1155 = ORIENTED_EDGE ( 'NONE', *, *, #3882, .T. ) ;
#1156 = DIRECTION ( 'NONE',  ( 0.000000000000000000, 0.000000000000000000, 1.000000000000000000 ) ) ;
#1157 = CARTESIAN_POINT ( 'NONE',  ( 2.380004902499896158, -0.1200000000000002454, 2.322259476158796687 ) ) ;
#1158 = CARTESIAN_POINT ( 'NONE',  ( -6.250000000000000000, 1.930000000000000160, 0.000000000000000000 ) ) ;
#1159 = DIRECTION ( 'NONE',  ( 0.000000000000000000, -1.000000000000000000, 0.000000000000000000 ) ) ;
#1160 = AXIS2_PLACEMENT_3D ( 'NONE', #3125, #3608, #6402 ) ;
#1161 = ADVANCED_FACE ( 'NONE', ( #471 ), #2616, .T. ) ;
#1162 = B_SPLINE_CURVE_WITH_KNOTS ( 'NONE', 3,
 ( #4082, #6238, #387, #3582, #1405, #6841, #904, #3547 ),
 .UNSPECIFIED., .F., .F.,
 ( 4, 2, 2, 4 ),
 ( 0.000000000000000000, 0.2499999999999995837, 0.4999999999999990563, 1.000000000000000000 ),
 .UNSPECIFIED. ) ;
#1163 = CARTESIAN_POINT ( 'NONE',  ( 0.000000000000000000, 0.5999999999999999778, 0.000000000000000000 ) ) ;
#1164 = FACE_OUTER_BOUND ( 'NONE', #5900, .T. ) ;
#1165 = ORIENTED_EDGE ( 'NONE', *, *, #5954, .F. ) ;
#1166 = TOROIDAL_SURFACE ( 'NONE', #6813, 0.7699999999999999067, 0.1200000000000000094 ) ;
#1167 = CARTESIAN_POINT ( 'NONE',  ( 1.549130159674929841, 0.000000000000000000, -2.272156629369010084 ) ) ;
#1168 = ORIENTED_EDGE ( 'NONE', *, *, #4794, .F. ) ;
#1169 = ADVANCED_FACE ( 'NONE', ( #4766 ), #4699, .F. ) ;
#1170 = EDGE_CURVE ( 'NONE', #3869, #2655, #2808, .T. ) ;
#1171 = EDGE_CURVE ( 'NONE', #6468, #6151, #202, .T. ) ;
#1172 = CARTESIAN_POINT ( 'NONE',  ( -2.060553155526509972, 0.000000000000000000, -0.4051181225886280046 ) ) ;
#1173 = VECTOR ( 'NONE', #4139, 1000.000000000000000 ) ;
#1174 = DIRECTION ( 'NONE',  ( 0.000000000000000000, -1.000000000000000000, 0.000000000000000000 ) ) ;
#1175 = CYLINDRICAL_SURFACE ( 'NONE', #3564, 0.6500000000000000222 ) ;
#1176 = ORIENTED_EDGE ( 'NONE', *, *, #3120, .T. ) ;
#1177 = ORIENTED_EDGE ( 'NONE', *, *, #6259, .F. ) ;
#1178 = CARTESIAN_POINT ( 'NONE',  ( -2.228777735894150069, 0.1200000000000000094, -2.626894517102379645 ) ) ;
#1179 = ORIENTED_EDGE ( 'NONE', *, *, #616, .T. ) ;
#1180 = ADVANCED_FACE ( 'NONE', ( #1782 ), #3781, .T. ) ;
#1181 = VERTEX_POINT ( 'NONE', #6018 ) ;
#1182 = DIRECTION ( 'NONE',  ( 0.000000000000000000, -1.000000000000000000, 0.000000000000000000 ) ) ;
#1183 = CARTESIAN_POINT ( 'NONE',  ( -4.250000000000000000, 0.1200000000000000094, 0.000000000000000000 ) ) ;
#1184 = CARTESIAN_POINT ( 'NONE',  ( -2.223635094200719919, 0.09966595887837659262, -2.507004762592420555 ) ) ;
#1185 = VERTEX_POINT ( 'NONE', #5979 ) ;
#1186 = CARTESIAN_POINT ( 'NONE',  ( -14.08057142857140143, 0.000000000000000000, -1.878272675864170127 ) ) ;
#1187 = AXIS2_PLACEMENT_3D ( 'NONE', #5811, #974, #4739 ) ;
#1188 = DIRECTION ( 'NONE',  ( 0.3786814106006911596, 0.000000000000000000, -0.9255270872672883842 ) ) ;
#1189 = DIRECTION ( 'NONE',  ( 0.000000000000000000, 1.000000000000000000, 0.000000000000000000 ) ) ;
#1190 = EDGE_CURVE ( 'NONE', #4784, #4439, #2097, .T. ) ;
#1191 = ORIENTED_EDGE ( 'NONE', *, *, #5095, .F. ) ;
#1192 = CYLINDRICAL_SURFACE ( 'NONE', #4129, 2.100000000000000089 ) ;
#1193 = TOROIDAL_SURFACE ( 'NONE', #73, 0.7699999999999999067, 0.1200000000000000094 ) ;
#1194 = CIRCLE ( 'NONE', #858, 0.7699999999999999067 ) ;
#1195 = EDGE_LOOP ( 'NONE', ( #4734, #1946 ) ) ;
#1196 = DIRECTION ( 'NONE',  ( 0.000000000000000000, -1.000000000000000000, 0.000000000000000000 ) ) ;
#1197 = CARTESIAN_POINT ( 'NONE',  ( 0.8142287025627419350, 0.5999999999999999778, -2.567463442458869594 ) ) ;
#1198 = DIRECTION ( 'NONE',  ( -0.6906375983688158859, 0.000000000000000000, 0.7232010147388858723 ) ) ;
#1199 = DIRECTION ( 'NONE',  ( 0.000000000000000000, -1.000000000000000000, 0.000000000000000000 ) ) ;
#1200 = AXIS2_PLACEMENT_3D ( 'NONE', #3475, #4011, #5175 ) ;
#1201 = FACE_OUTER_BOUND ( 'NONE', #6521, .T. ) ;
#1202 = AXIS2_PLACEMENT_3D ( 'NONE', #1029, #3146, #6962 ) ;
#1203 = FACE_OUTER_BOUND ( 'NONE', #4277, .T. ) ;
#1204 = EDGE_LOOP ( 'NONE', ( #5201, #2818, #4309, #4702 ) ) ;
#1205 = LINE ( 'NONE', #5398, #4201 ) ;
#1206 = ORIENTED_EDGE ( 'NONE', *, *, #2336, .F. ) ;
#1207 = CIRCLE ( 'NONE', #6057, 0.6500000000000000222 ) ;
#1208 = DIRECTION ( 'NONE',  ( 0.000000000000000000, 1.000000000000000000, 0.000000000000000000 ) ) ;
#1209 = LINE ( 'NONE', #6499, #6484 ) ;
#1210 = CARTESIAN_POINT ( 'NONE',  ( 0.000000000000000000, 2.350000000000000089, 0.000000000000000000 ) ) ;
#1211 = ORIENTED_EDGE ( 'NONE', *, *, #2431, .F. ) ;
#1212 = EDGE_CURVE ( 'NONE', #3644, #5986, #4472, .T. ) ;
#1213 = EDGE_CURVE ( 'NONE', #3701, #5279, #2741, .T. ) ;
#1214 = CIRCLE ( 'NONE', #6064, 0.6500000000000000222 ) ;
#1215 = VERTEX_POINT ( 'NONE', #2774 ) ;
#1216 = CARTESIAN_POINT ( 'NONE',  ( -2.177424789401731786, 0.01897093284734142904, 2.512862420388943363 ) ) ;
#1217 = ORIENTED_EDGE ( 'NONE', *, *, #4068, .T. ) ;
#1218 = ORIENTED_EDGE ( 'NONE', *, *, #5056, .F. ) ;
#1219 = CARTESIAN_POINT ( 'NONE',  ( 0.000000000000000000, 0.000000000000000000, 0.000000000000000000 ) ) ;
#1220 = CARTESIAN_POINT ( 'NONE',  ( -2.151142517227300210, 1.930000000000000160, -2.535391660193160313 ) ) ;
#1221 = CARTESIAN_POINT ( 'NONE',  ( 0.000000000000000000, 0.000000000000000000, 0.000000000000000000 ) ) ;
#1222 = VECTOR ( 'NONE', #2495, 1000.000000000000000 ) ;
#1223 = VERTEX_POINT ( 'NONE', #66 ) ;
#1224 = FACE_OUTER_BOUND ( 'NONE', #5787, .T. ) ;
#1225 = ADVANCED_FACE ( 'NONE', ( #1109 ), #2350, .T. ) ;
#1226 = FACE_OUTER_BOUND ( 'NONE', #5809, .T. ) ;
#1227 = VECTOR ( 'NONE', #1443, 1000.000000000000000 ) ;
#1228 = CARTESIAN_POINT ( 'NONE',  ( 12.25000000000000000, 1.930000000000000160, 0.000000000000000000 ) ) ;
#1229 = ORIENTED_EDGE ( 'NONE', *, *, #5754, .F. ) ;
#1230 = DIRECTION ( 'NONE',  ( 0.000000000000000000, 1.000000000000000000, 0.000000000000000000 ) ) ;
#1231 = EDGE_LOOP ( 'NONE', ( #6810, #3550, #5184, #5027 ) ) ;
#1232 = CARTESIAN_POINT ( 'NONE',  ( 2.559902808771549854, 0.000000000000000000, -1.004687817007609896 ) ) ;
#1233 = DIRECTION ( 'NONE',  ( -0.2084867079878839069, 0.000000000000000000, 0.9780252003871754418 ) ) ;
#1234 = DIRECTION ( 'NONE',  ( 1.000000000000000000, -0.000000000000000000, 1.224646799147353207E-16 ) ) ;
#1235 = FACE_OUTER_BOUND ( 'NONE', #2313, .T. ) ;
#1236 = DIRECTION ( 'NONE',  ( -0.8946402285633500151, 0.000000000000000000, -0.4467872664211869904 ) ) ;
#1237 = CARTESIAN_POINT ( 'NONE',  ( 0.000000000000000000, 0.5999999999999999778, 0.000000000000000000 ) ) ;
#1238 = DIRECTION ( 'NONE',  ( 0.000000000000000000, 0.000000000000000000, 1.000000000000000000 ) ) ;
#1239 = CARTESIAN_POINT ( 'NONE',  ( 0.000000000000000000, -13.80452018978109940, 0.000000000000000000 ) ) ;
#1240 = ORIENTED_EDGE ( 'NONE', *, *, #280, .T. ) ;
#1241 = CIRCLE ( 'NONE', #5409, 0.7699999999999999067 ) ;
#1242 = VECTOR ( 'NONE', #2792, 1000.000000000000000 ) ;
#1243 = CARTESIAN_POINT ( 'NONE',  ( -2.252413532882440617, 2.043176314232320934, 2.446260625880972039 ) ) ;
#1244 = CARTESIAN_POINT ( 'NONE',  ( -10.25000000000000000, 1.930000000000000160, 0.000000000000000000 ) ) ;
#1245 = FACE_OUTER_BOUND ( 'NONE', #2159, .T. ) ;
#1246 = ORIENTED_EDGE ( 'NONE', *, *, #6793, .F. ) ;
#1247 = CIRCLE ( 'NONE', #5415, 0.1199999999999999956 ) ;
#1248 = EDGE_LOOP ( 'NONE', ( #4202, #3443, #3477, #2657 ) ) ;
#1249 = CARTESIAN_POINT ( 'NONE',  ( -2.237085513683249705, 0.08065259966654669821, 2.501136137133439963 ) ) ;
#1250 = ORIENTED_EDGE ( 'NONE', *, *, #6280, .F. ) ;
#1251 = VERTEX_POINT ( 'NONE', #3400 ) ;
#1252 = B_SPLINE_CURVE_WITH_KNOTS ( 'NONE', 3,
 ( #1220, #3366, #1295, #4468, #2311, #6620, #5522, #691, #2349, #2840, #6164, #5489, #6655, #6127 ),
 .UNSPECIFIED., .F., .F.,
 ( 4, 2, 2, 2, 2, 2, 4 ),
 ( 0.000000000000000000, 0.1250000000000013323, 0.1875000000000019984, 0.2500000000000026645, 0.3750000000000027756, 0.5000000000000028866, 1.000000000000000000 ),
 .UNSPECIFIED. ) ;
#1253 = EDGE_CURVE ( 'NONE', #5304, #6004, #755, .T. ) ;
#1254 = DIRECTION ( 'NONE',  ( 0.000000000000000000, 1.000000000000000000, 0.000000000000000000 ) ) ;
#1255 = CARTESIAN_POINT ( 'NONE',  ( -6.250000000000000000, 0.1200000000000000094, -0.7699999999999999067 ) ) ;
#1256 = AXIS2_PLACEMENT_3D ( 'NONE', #6027, #5357, #3308 ) ;
#1257 = CARTESIAN_POINT ( 'NONE',  ( -2.559902808771560068, -2.200000000000000178, -1.004687817007580142 ) ) ;
#1258 = VERTEX_POINT ( 'NONE', #1146 ) ;
#1259 = CARTESIAN_POINT ( 'NONE',  ( -14.25000000000000000, 0.1200000000000000094, -0.7699999999999999067 ) ) ;
#1260 = PLANE ( 'NONE',  #6442 ) ;
#1261 = CARTESIAN_POINT ( 'NONE',  ( 0.2500000000000000000, -2.200000000000000178, -2.085065946199299969 ) ) ;
#1262 = AXIS2_PLACEMENT_3D ( 'NONE', #2496, #4651, #2993 ) ;
#1263 = DIRECTION ( 'NONE',  ( 0.9990812105660493714, 0.000000000000000000, 0.04285714285714280897 ) ) ;
#1264 = ORIENTED_EDGE ( 'NONE', *, *, #3928, .F. ) ;
#1265 = EDGE_CURVE ( 'NONE', #5986, #2468, #2327, .T. ) ;
#1266 = CYLINDRICAL_SURFACE ( 'NONE', #6381, 2.100000000000000089 ) ;
#1267 = EDGE_CURVE ( 'NONE', #5515, #1040, #209, .T. ) ;
#1268 = ADVANCED_FACE ( 'NONE', ( #1634 ), #3334, .F. ) ;
#1269 = VECTOR ( 'NONE', #4453, 999.9999999999998863 ) ;
#1270 = VERTEX_POINT ( 'NONE', #4433 ) ;
#1271 = CARTESIAN_POINT ( 'NONE',  ( 0.8534771780767220761, 0.5999999999999999778, -1.918743522856089845 ) ) ;
#1272 = LINE ( 'NONE', #5684, #6099 ) ;
#1273 = DIRECTION ( 'NONE',  ( 0.000000000000000000, -1.000000000000000000, 0.000000000000000000 ) ) ;
#1274 = DIRECTION ( 'NONE',  ( 0.000000000000000000, -1.000000000000000000, 0.000000000000000000 ) ) ;
#1275 = CARTESIAN_POINT ( 'NONE',  ( -2.681051758500009985, 0.000000000000000000, 0.6119325683798749749 ) ) ;
#1276 = CIRCLE ( 'NONE', #4094, 0.6500000000000000222 ) ;
#1277 = DIRECTION ( 'NONE',  ( 0.000000000000000000, 0.000000000000000000, -1.000000000000000000 ) ) ;
#1278 = DIRECTION ( 'NONE',  ( 0.000000000000000000, 0.000000000000000000, 1.000000000000000000 ) ) ;
#1279 = VECTOR ( 'NONE', #5323, 1000.000000000000000 ) ;
#1280 = CARTESIAN_POINT ( 'NONE',  ( 1.977158756200440015, -2.200000000000000178, 0.7077027997542110205 ) ) ;
#1281 = VECTOR ( 'NONE', #2310, 1000.000000000000227 ) ;
#1282 = DIRECTION ( 'NONE',  ( 0.6121892641637388666, 0.000000000000000000, 0.7907112651547718585 ) ) ;
#1283 = VERTEX_POINT ( 'NONE', #2201 ) ;
#1284 = CARTESIAN_POINT ( 'NONE',  ( 0.6794339920680538825, -2.200000000000000178, 1.987050439828460302 ) ) ;
#1285 = PLANE ( 'NONE',  #1997 ) ;
#1286 = AXIS2_PLACEMENT_3D ( 'NONE', #3978, #842, #2354 ) ;
#1287 = DIRECTION ( 'NONE',  ( 0.000000000000000000, 1.000000000000000000, 0.000000000000000000 ) ) ;
#1288 = VERTEX_POINT ( 'NONE', #6586 ) ;
#1289 = VERTEX_POINT ( 'NONE', #171 ) ;
#1290 = CARTESIAN_POINT ( 'NONE',  ( -2.182505571256520671, 0.09061928720432893547, 2.508768861521790683 ) ) ;
#1291 = ORIENTED_EDGE ( 'NONE', *, *, #4884, .T. ) ;
#1292 = AXIS2_PLACEMENT_3D ( 'NONE', #3380, #114, #5464 ) ;
#1293 = ORIENTED_EDGE ( 'NONE', *, *, #1564, .T. ) ;
#1294 = DIRECTION ( 'NONE',  ( 0.000000000000000000, 0.000000000000000000, 1.000000000000000000 ) ) ;
#1295 = CARTESIAN_POINT ( 'NONE',  ( -2.153900252464988174, 1.967727377151151202, -2.533058153653971356 ) ) ;
#1296 = CARTESIAN_POINT ( 'NONE',  ( 0.5579706603046110658, -2.200000000000000178, 2.024516915770090186 ) ) ;
#1297 = ORIENTED_EDGE ( 'NONE', *, *, #2724, .F. ) ;
#1298 = DIRECTION ( 'NONE',  ( 0.000000000000000000, 1.000000000000000000, 0.000000000000000000 ) ) ;
#1299 = ADVANCED_FACE ( 'NONE', ( #4994 ), #4359, .T. ) ;
#1300 = FACE_OUTER_BOUND ( 'NONE', #4685, .T. ) ;
#1301 = CARTESIAN_POINT ( 'NONE',  ( 0.000000000000000000, -2.200000000000000178, 0.000000000000000000 ) ) ;
#1302 = VERTEX_POINT ( 'NONE', #100 ) ;
#1303 = CARTESIAN_POINT ( 'NONE',  ( -2.559902808771560068, 0.5999999999999999778, -1.004687817007580142 ) ) ;
#1304 = AXIS2_PLACEMENT_3D ( 'NONE', #2303, #6113, #611 ) ;
#1305 = VERTEX_POINT ( 'NONE', #2238 ) ;
#1306 = EDGE_CURVE ( 'NONE', #1919, #1480, #3453, .T. ) ;
#1307 = CARTESIAN_POINT ( 'NONE',  ( -2.222817688943690140, 0.000000000000000000, 1.348733302665509948 ) ) ;
#1308 = EDGE_CURVE ( 'NONE', #2029, #2524, #4697, .T. ) ;
#1309 = CARTESIAN_POINT ( 'NONE',  ( -2.299313802196472079, 2.145059517738947097, 2.401894052338731100 ) ) ;
#1310 = EDGE_CURVE ( 'NONE', #6885, #4386, #1333, .T. ) ;
#1311 = FACE_OUTER_BOUND ( 'NONE', #1812, .T. ) ;
#1312 = DIRECTION ( 'NONE',  ( 0.000000000000000000, 1.000000000000000000, 0.000000000000000000 ) ) ;
#1313 = VECTOR ( 'NONE', #5670, 1000.000000000000114 ) ;
#1314 = CARTESIAN_POINT ( 'NONE',  ( 2.151142517227300210, 1.930000000000000160, -2.535391660193160313 ) ) ;
#1315 = CARTESIAN_POINT ( 'NONE',  ( -1.474297749295930160, 0.5999999999999999778, -1.495475224275200077 ) ) ;
#1316 = DIRECTION ( 'NONE',  ( 0.000000000000000000, 1.000000000000000000, 0.000000000000000000 ) ) ;
#1317 = VECTOR ( 'NONE', #1788, 999.9999999999998863 ) ;
#1318 = CARTESIAN_POINT ( 'NONE',  ( 0.000000000000000000, -2.200000000000000178, 0.000000000000000000 ) ) ;
#1319 = ORIENTED_EDGE ( 'NONE', *, *, #6661, .T. ) ;
#1320 = DIRECTION ( 'NONE',  ( 0.000000000000000000, 0.000000000000000000, 1.000000000000000000 ) ) ;
#1321 = AXIS2_PLACEMENT_3D ( 'NONE', #3851, #5442, #612 ) ;
#1322 = CARTESIAN_POINT ( 'NONE',  ( 2.408327292419069288, -0.1201178833527010298, 2.292506278647441054 ) ) ;
#1323 = CARTESIAN_POINT ( 'NONE',  ( -4.250000000000000000, 1.930000000000000160, -0.6500000000000000222 ) ) ;
#1324 = VERTEX_POINT ( 'NONE', #1296 ) ;
#1325 = ADVANCED_FACE ( 'NONE', ( #5671 ), #6656, .T. ) ;
#1326 = ORIENTED_EDGE ( 'NONE', *, *, #2784, .T. ) ;
#1327 = CYLINDRICAL_SURFACE ( 'NONE', #3201, 0.1199999999999999678 ) ;
#1328 = ORIENTED_EDGE ( 'NONE', *, *, #4626, .T. ) ;
#1329 = AXIS2_PLACEMENT_3D ( 'NONE', #563, #3313, #6527 ) ;
#1330 = ORIENTED_EDGE ( 'NONE', *, *, #3599, .F. ) ;
#1331 = CARTESIAN_POINT ( 'NONE',  ( 0.000000000000000000, 2.169999999999999929, 0.000000000000000000 ) ) ;
#1332 = DIRECTION ( 'NONE',  ( 0.000000000000000000, -1.000000000000000000, 0.000000000000000000 ) ) ;
#1333 = LINE ( 'NONE', #6128, #5477 ) ;
#1334 = VERTEX_POINT ( 'NONE', #2386 ) ;
#1335 = AXIS2_PLACEMENT_3D ( 'NONE', #4727, #366, #2510 ) ;
#1336 = CARTESIAN_POINT ( 'NONE',  ( -2.408327250480109871, -0.1200000000000000094, 2.292506238725410039 ) ) ;
#1337 = FACE_OUTER_BOUND ( 'NONE', #3739, .T. ) ;
#1338 = FACE_OUTER_BOUND ( 'NONE', #4825, .T. ) ;
#1339 = ORIENTED_EDGE ( 'NONE', *, *, #1727, .F. ) ;
#1340 = TOROIDAL_SURFACE ( 'NONE', #6968, 0.7699999999999999067, 0.1200000000000000094 ) ;
#1341 = CARTESIAN_POINT ( 'NONE',  ( 2.182505571256510901, 0.09061928720432797790, -2.508768861521822213 ) ) ;
#1342 = VERTEX_POINT ( 'NONE', #3508 ) ;
#1343 = CARTESIAN_POINT ( 'NONE',  ( 2.151142517227300210, -13.80452018978109940, 2.535391660193160313 ) ) ;
#1344 = VERTEX_POINT ( 'NONE', #4539 ) ;
#1345 = FACE_OUTER_BOUND ( 'NONE', #288, .T. ) ;
#1346 = CARTESIAN_POINT ( 'NONE',  ( -2.371499619222932509, 2.068417006792450330, -2.331124368061347596 ) ) ;
#1347 = EDGE_CURVE ( 'NONE', #6275, #1626, #3437, .T. ) ;
#1348 = VECTOR ( 'NONE', #355, 1000.000000000000000 ) ;
#1349 = DIRECTION ( 'NONE',  ( 0.000000000000000000, 0.000000000000000000, -1.000000000000000000 ) ) ;
#1350 = DIRECTION ( 'NONE',  ( 0.000000000000000000, -1.000000000000000000, 0.000000000000000000 ) ) ;
#1351 = DIRECTION ( 'NONE',  ( 0.000000000000000000, 1.000000000000000000, 0.000000000000000000 ) ) ;
#1352 = ORIENTED_EDGE ( 'NONE', *, *, #6648, .F. ) ;
#1353 = EDGE_CURVE ( 'NONE', #2286, #6953, #5261, .T. ) ;
#1354 = DIRECTION ( 'NONE',  ( 0.000000000000000000, 1.000000000000000000, 0.000000000000000000 ) ) ;
#1355 = ADVANCED_FACE ( 'NONE', ( #2420 ), #834, .F. ) ;
#1356 = CARTESIAN_POINT ( 'NONE',  ( -2.495244324181649542, 2.050000000000000266, -2.375243305987679854 ) ) ;
#1357 = EDGE_CURVE ( 'NONE', #5574, #724, #4243, .T. ) ;
#1358 = LINE ( 'NONE', #3499, #1657 ) ;
#1359 = VERTEX_POINT ( 'NONE', #1366 ) ;
#1360 = CARTESIAN_POINT ( 'NONE',  ( -2.224978760723117954, -0.04511340861564383520, 2.471081547191388950 ) ) ;
#1361 = VERTEX_POINT ( 'NONE', #2987 ) ;
#1362 = ORIENTED_EDGE ( 'NONE', *, *, #5189, .F. ) ;
#1363 = FACE_OUTER_BOUND ( 'NONE', #2586, .T. ) ;
#1364 = CARTESIAN_POINT ( 'NONE',  ( -4.250000000000000000, -2.200000000000000178, -0.6500000000000000222 ) ) ;
#1365 = EDGE_CURVE ( 'NONE', #619, #2036, #4056, .T. ) ;
#1366 = CARTESIAN_POINT ( 'NONE',  ( -1.870475028870020040, -2.200000000000000178, 2.015892647532030235 ) ) ;
#1367 = AXIS2_PLACEMENT_3D ( 'NONE', #4834, #440, #1030 ) ;
#1368 = ORIENTED_EDGE ( 'NONE', *, *, #2529, .T. ) ;
#1369 = DIRECTION ( 'NONE',  ( 0.000000000000000000, 0.000000000000000000, 1.000000000000000000 ) ) ;
#1370 = CYLINDRICAL_SURFACE ( 'NONE', #485, 0.1199999999999998845 ) ;
#1371 = CARTESIAN_POINT ( 'NONE',  ( -2.596346685210630056, 0.000000000000000000, -0.1377820387270949909 ) ) ;
#1372 = ORIENTED_EDGE ( 'NONE', *, *, #3076, .T. ) ;
#1373 = CARTESIAN_POINT ( 'NONE',  ( 2.151120578021742169, 0.1200000000000000094, -2.535410278945310569 ) ) ;
#1374 = CARTESIAN_POINT ( 'NONE',  ( 0.8105767296299509761, 0.5999999999999999778, -2.627825215911899548 ) ) ;
#1375 = VECTOR ( 'NONE', #2773, 1000.000000000000000 ) ;
#1376 = ORIENTED_EDGE ( 'NONE', *, *, #459, .T. ) ;
#1377 = AXIS2_PLACEMENT_3D ( 'NONE', #112, #3207, #4859 ) ;
#1378 = DIRECTION ( 'NONE',  ( -0.7243089475128166033, 0.000000000000000000, -0.6894755605189177849 ) ) ;
#1379 = EDGE_LOOP ( 'NONE', ( #4319, #4781 ) ) ;
#1380 = CARTESIAN_POINT ( 'NONE',  ( -14.25000000000000000, 1.930000000000000160, 0.000000000000000000 ) ) ;
#1381 = CARTESIAN_POINT ( 'NONE',  ( -2.380549763303420274, 2.040965369878080082, -2.434603292245270278 ) ) ;
#1382 = AXIS2_PLACEMENT_3D ( 'NONE', #6702, #2957, #137 ) ;
#1383 = CARTESIAN_POINT ( 'NONE',  ( 0.000000000000000000, 2.050000000000000266, 0.000000000000000000 ) ) ;
#1384 = CARTESIAN_POINT ( 'NONE',  ( 2.495244324181649542, -0.1200000000000000094, -2.375243305987679854 ) ) ;
#1385 = ADVANCED_FACE ( 'NONE', ( #6234, #1815, #1436, #6768, #1855, #1923, #1402 ), #3023, .T. ) ;
#1386 = DIRECTION ( 'NONE',  ( 0.000000000000000000, 0.000000000000000000, 1.000000000000000000 ) ) ;
#1387 = EDGE_LOOP ( 'NONE', ( #3328, #5665, #3817, #2594 ) ) ;
#1388 = DIRECTION ( 'NONE',  ( 0.000000000000000000, -1.000000000000000000, 0.000000000000000000 ) ) ;
#1389 = CIRCLE ( 'NONE', #3523, 0.6500000000000000222 ) ;
#1390 = CARTESIAN_POINT ( 'NONE',  ( -2.276541277376340044, 2.000449171444499630, 2.483406930441729887 ) ) ;
#1391 = ORIENTED_EDGE ( 'NONE', *, *, #3755, .T. ) ;
#1392 = AXIS2_PLACEMENT_3D ( 'NONE', #5669, #1887, #2348 ) ;
#1393 = EDGE_CURVE ( 'NONE', #1531, #4496, #6165, .T. ) ;
#1394 = ADVANCED_FACE ( 'NONE', ( #4646 ), #2557, .T. ) ;
#1395 = CARTESIAN_POINT ( 'NONE',  ( 2.301618416106640197, 2.012581652759299899, -2.471931045067579991 ) ) ;
#1396 = ORIENTED_EDGE ( 'NONE', *, *, #1958, .F. ) ;
#1397 = ADVANCED_FACE ( 'NONE', ( #278 ), #940, .F. ) ;
#1398 = EDGE_LOOP ( 'NONE', ( #1451, #4755, #5364, #1806 ) ) ;
#1399 = TOROIDAL_SURFACE ( 'NONE', #5332, 0.7699999999999999067, 0.1200000000000000094 ) ;
#1400 = DIRECTION ( 'NONE',  ( 0.000000000000000000, 0.000000000000000000, -1.000000000000000000 ) ) ;
#1401 = CARTESIAN_POINT ( 'NONE',  ( 0.000000000000000000, -2.079999999999999627, 0.000000000000000000 ) ) ;
#1402 = FACE_OUTER_BOUND ( 'NONE', #2813, .T. ) ;
#1403 = EDGE_LOOP ( 'NONE', ( #2435, #4512, #1476, #1176 ) ) ;
#1404 = LINE ( 'NONE', #4047, #3032 ) ;
#1405 = CARTESIAN_POINT ( 'NONE',  ( -2.301511028871729980, 2.012539716750719965, -2.471981467203240523 ) ) ;
#1406 = VECTOR ( 'NONE', #4017, 999.9999999999998863 ) ;
#1407 = CARTESIAN_POINT ( 'NONE',  ( 0.000000000000000000, 0.000000000000000000, 0.000000000000000000 ) ) ;
#1408 = ADVANCED_FACE ( 'NONE', ( #4709, #5845, #3685, #3651, #976, #481, #2093 ), #1038, .T. ) ;
#1409 = LINE ( 'NONE', #735, #1406 ) ;
#1410 = ORIENTED_EDGE ( 'NONE', *, *, #3239, .F. ) ;
#1411 = CARTESIAN_POINT ( 'NONE',  ( 2.182505308773568853, 0.1200000000000000233, -2.508769088726357399 ) ) ;
#1412 = CARTESIAN_POINT ( 'NONE',  ( 6.250000000000000000, 2.050000000000000266, 0.000000000000000000 ) ) ;
#1413 = ORIENTED_EDGE ( 'NONE', *, *, #2516, .T. ) ;
#1414 = B_SPLINE_CURVE_WITH_KNOTS ( 'NONE', 3,
 ( #4515, #1157, #5463, #2324, #3450, #4444, #2362, #3871, #2216, #4970, #1682, #4481, #6634, #6069, #3836, #3911 ),
 .UNSPECIFIED., .F., .F.,
 ( 4, 2, 2, 2, 2, 2, 2, 4 ),
 ( 0.000000000000000000, 0.2500000000000003331, 0.3750000000000004996, 0.5000000000000006661, 0.6250000000000008882, 0.6875000000000008882, 0.7500000000000009992, 1.000000000000000000 ),
 .UNSPECIFIED. ) ;
#1415 = DIRECTION ( 'NONE',  ( 0.3786814106006911596, 0.000000000000000000, -0.9255270872672883842 ) ) ;
#1416 = ADVANCED_FACE ( 'NONE', ( #4180 ), #6492, .T. ) ;
#1417 = EDGE_LOOP ( 'NONE', ( #4505, #3486, #6337, #2597, #4912, #2019 ) ) ;
#1418 = DIRECTION ( 'NONE',  ( 0.000000000000000000, 0.000000000000000000, 1.000000000000000000 ) ) ;
#1419 = CARTESIAN_POINT ( 'NONE',  ( -8.250000000000000000, 0.1200000000000000094, -0.7699999999999999067 ) ) ;
#1420 = DIRECTION ( 'NONE',  ( 0.000000000000000000, -1.000000000000000000, 0.000000000000000000 ) ) ;
#1421 = CARTESIAN_POINT ( 'NONE',  ( 2.237262477650820092, 1.969501085018899644, -2.501056944821399508 ) ) ;
#1422 = AXIS2_PLACEMENT_3D ( 'NONE', #1244, #3389, #5476 ) ;
#1423 = DIRECTION ( 'NONE',  ( 0.000000000000000000, 0.000000000000000000, 1.000000000000000000 ) ) ;
#1424 = ORIENTED_EDGE ( 'NONE', *, *, #4396, .T. ) ;
#1425 = CARTESIAN_POINT ( 'NONE',  ( 0.000000000000000000, 2.050000000000000266, 0.000000000000000000 ) ) ;
#1426 = CARTESIAN_POINT ( 'NONE',  ( -12.25000000000000000, 1.930000000000000160, 0.7699999999999999067 ) ) ;
#1427 = CIRCLE ( 'NONE', #5360, 1.375000000000000000 ) ;
#1428 = DIRECTION ( 'NONE',  ( 0.000000000000000000, -1.000000000000000000, 0.000000000000000000 ) ) ;
#1429 = ORIENTED_EDGE ( 'NONE', *, *, #2304, .T. ) ;
#1430 = DIRECTION ( 'NONE',  ( 0.000000000000000000, 0.000000000000000000, 1.000000000000000000 ) ) ;
#1431 = VERTEX_POINT ( 'NONE', #2023 ) ;
#1432 = CIRCLE ( 'NONE', #639, 0.6500000000000000222 ) ;
#1433 = ORIENTED_EDGE ( 'NONE', *, *, #1308, .T. ) ;
#1434 = LINE ( 'NONE', #1468, #6241 ) ;
#1435 = DIRECTION ( 'NONE',  ( 0.000000000000000000, -1.000000000000000000, 0.000000000000000000 ) ) ;
#1436 = FACE_BOUND ( 'NONE', #5324, .T. ) ;
#1437 = EDGE_CURVE ( 'NONE', #2913, #2036, #6611, .T. ) ;
#1438 = EDGE_CURVE ( 'NONE', #2192, #6368, #4801, .T. ) ;
#1439 = EDGE_LOOP ( 'NONE', ( #2183, #3119, #1433, #1177 ) ) ;
#1440 = EDGE_CURVE ( 'NONE', #1919, #3374, #1992, .T. ) ;
#1441 = DIRECTION ( 'NONE',  ( 0.5751362288795872635, 0.000000000000000000, -0.8180576496984592882 ) ) ;
#1442 = CIRCLE ( 'NONE', #4028, 0.1199999999999999956 ) ;
#1443 = DIRECTION ( 'NONE',  ( 0.000000000000000000, -1.000000000000000000, 0.000000000000000000 ) ) ;
#1444 = DIRECTION ( 'NONE',  ( 0.000000000000000000, -1.000000000000000000, 0.000000000000000000 ) ) ;
#1445 = EDGE_LOOP ( 'NONE', ( #6482, #6622, #4951, #4142, #6326, #2505 ) ) ;
#1446 = CARTESIAN_POINT ( 'NONE',  ( 2.252341439070860929, 0.006877986795173053267, -2.446354157397158335 ) ) ;
#1447 = DIRECTION ( 'NONE',  ( 0.000000000000000000, 1.000000000000000000, 0.000000000000000000 ) ) ;
#1448 = EDGE_CURVE ( 'NONE', #1141, #2914, #512, .T. ) ;
#1449 = VECTOR ( 'NONE', #6624, 1000.000000000000227 ) ;
#1450 = EDGE_CURVE ( 'NONE', #971, #3920, #1595, .T. ) ;
#1451 = ORIENTED_EDGE ( 'NONE', *, *, #199, .F. ) ;
#1452 = DIRECTION ( 'NONE',  ( 0.000000000000000000, 0.000000000000000000, 1.000000000000000000 ) ) ;
#1453 = ORIENTED_EDGE ( 'NONE', *, *, #3120, .F. ) ;
#1454 = VECTOR ( 'NONE', #757, 1000.000000000000000 ) ;
#1455 = CARTESIAN_POINT ( 'NONE',  ( 6.250000000000000000, 2.050000000000000266, -0.7699999999999999067 ) ) ;
#1456 = CARTESIAN_POINT ( 'NONE',  ( -14.08571428571429962, 2.050000000000000266, 1.998162421132100075 ) ) ;
#1457 = CYLINDRICAL_SURFACE ( 'NONE', #2111, 2.600000000000000089 ) ;
#1458 = CARTESIAN_POINT ( 'NONE',  ( 2.439542877549150113, 2.050000000000000266, -2.405103189165430422 ) ) ;
#1459 = DIRECTION ( 'NONE',  ( 0.000000000000000000, -1.000000000000000000, 0.000000000000000000 ) ) ;
#1460 = CARTESIAN_POINT ( 'NONE',  ( -0.3314220029706069770, 2.050000000000000266, 2.578790308642199935 ) ) ;
#1461 = AXIS2_PLACEMENT_3D ( 'NONE', #4088, #4121, #984 ) ;
#1462 = CARTESIAN_POINT ( 'NONE',  ( 2.164033424128160910, 0.04096942070474140357, 2.524518604558878110 ) ) ;
#1463 = DIRECTION ( 'NONE',  ( 0.000000000000000000, 0.000000000000000000, 1.000000000000000000 ) ) ;
#1464 = EDGE_LOOP ( 'NONE', ( #2576, #4464, #106, #881 ) ) ;
#1465 = FACE_OUTER_BOUND ( 'NONE', #1502, .T. ) ;
#1466 = ORIENTED_EDGE ( 'NONE', *, *, #3763, .T. ) ;
#1467 = ORIENTED_EDGE ( 'NONE', *, *, #3513, .T. ) ;
#1468 = CARTESIAN_POINT ( 'NONE',  ( 14.08571428571429962, 0.1200000000000000094, 1.998162421132100075 ) ) ;
#1469 = DIRECTION ( 'NONE',  ( 1.000000000000000000, -0.000000000000000000, 1.224646799147353207E-16 ) ) ;
#1470 = DIRECTION ( 'NONE',  ( 0.000000000000000000, 0.000000000000000000, 1.000000000000000000 ) ) ;
#1471 = ORIENTED_EDGE ( 'NONE', *, *, #403, .T. ) ;
#1472 = DIRECTION ( 'NONE',  ( 0.000000000000000000, 0.000000000000000000, -1.000000000000000000 ) ) ;
#1473 = CARTESIAN_POINT ( 'NONE',  ( 0.000000000000000000, -2.200000000000000178, 0.000000000000000000 ) ) ;
#1474 = CARTESIAN_POINT ( 'NONE',  ( -2.195077384050560632, 0.06287944886221294438, -2.497855025804312401 ) ) ;
#1475 = ADVANCED_FACE ( 'NONE', ( #4251 ), #6405, .F. ) ;
#1476 = ORIENTED_EDGE ( 'NONE', *, *, #4198, .T. ) ;
#1477 = DIRECTION ( 'NONE',  ( 0.000000000000000000, 1.000000000000000000, 0.000000000000000000 ) ) ;
#1478 = CARTESIAN_POINT ( 'NONE',  ( 2.150036576787059950, 0.000000000000000000, -1.714596955111539867 ) ) ;
#1479 = VECTOR ( 'NONE', #1092, 1000.000000000000227 ) ;
#1480 = VERTEX_POINT ( 'NONE', #4281 ) ;
#1481 = DIRECTION ( 'NONE',  ( 0.000000000000000000, 0.000000000000000000, 1.000000000000000000 ) ) ;
#1482 = TOROIDAL_SURFACE ( 'NONE', #5309, 0.7699999999999999067, 0.1200000000000000094 ) ;
#1483 = VERTEX_POINT ( 'NONE', #5904 ) ;
#1484 = EDGE_CURVE ( 'NONE', #4657, #1789, #4353, .T. ) ;
#1485 = DIRECTION ( 'NONE',  ( 0.000000000000000000, 1.000000000000000000, 0.000000000000000000 ) ) ;
#1486 = DIRECTION ( 'NONE',  ( 0.000000000000000000, 0.000000000000000000, 1.000000000000000000 ) ) ;
#1487 = ADVANCED_FACE ( 'NONE', ( #3610 ), #5776, .F. ) ;
#1488 = VECTOR ( 'NONE', #4679, 1000.000000000000114 ) ;
#1489 = ADVANCED_FACE ( 'NONE', ( #1245 ), #160, .F. ) ;
#1490 = CIRCLE ( 'NONE', #4073, 1.375000000000000000 ) ;
#1491 = PLANE ( 'NONE',  #4930 ) ;
#1492 = CARTESIAN_POINT ( 'NONE',  ( 2.230034297051578740, 2.028631471359900740, -2.466648544102643115 ) ) ;
#1493 = CARTESIAN_POINT ( 'NONE',  ( 14.25000000000000000, 0.1200000000000000094, -0.6500000000000000222 ) ) ;
#1494 = AXIS2_PLACEMENT_3D ( 'NONE', #3865, #5350, #3824 ) ;
#1495 = DIRECTION ( 'NONE',  ( 0.000000000000000000, -1.000000000000000000, 0.000000000000000000 ) ) ;
#1496 = CARTESIAN_POINT ( 'NONE',  ( 2.151101281907991769, 0.1200000000000000094, 2.535426662114221852 ) ) ;
#1497 = LINE ( 'NONE', #1529, #468 ) ;
#1498 = VECTOR ( 'NONE', #5654, 1000.000000000000000 ) ;
#1499 = ORIENTED_EDGE ( 'NONE', *, *, #4495, .F. ) ;
#1500 = EDGE_LOOP ( 'NONE', ( #2174, #3011, #4553, #6443, #2706, #4381, #3307, #6548 ) ) ;
#1501 = VECTOR ( 'NONE', #4300, 1000.000000000000000 ) ;
#1502 = EDGE_LOOP ( 'NONE', ( #3063, #1640, #1619, #6367, #206, #2001 ) ) ;
#1503 = CARTESIAN_POINT ( 'NONE',  ( -2.176970402143959760, 2.050000000000000266, 2.388896161031110132 ) ) ;
#1504 = FACE_OUTER_BOUND ( 'NONE', #970, .T. ) ;
#1505 = DIRECTION ( 'NONE',  ( 0.000000000000000000, -1.000000000000000000, 0.000000000000000000 ) ) ;
#1506 = ORIENTED_EDGE ( 'NONE', *, *, #5718, .F. ) ;
#1507 = CARTESIAN_POINT ( 'NONE',  ( -1.549130159674960039, -2.200000000000000178, -2.272156629368980330 ) ) ;
#1508 = DIRECTION ( 'NONE',  ( 0.000000000000000000, 0.000000000000000000, -1.000000000000000000 ) ) ;
#1509 = VERTEX_POINT ( 'NONE', #6535 ) ;
#1510 = DIRECTION ( 'NONE',  ( 0.000000000000000000, 1.000000000000000000, 0.000000000000000000 ) ) ;
#1511 = AXIS2_PLACEMENT_3D ( 'NONE', #690, #31, #1632 ) ;
#1512 = ORIENTED_EDGE ( 'NONE', *, *, #1587, .T. ) ;
#1513 = DIRECTION ( 'NONE',  ( 0.000000000000000000, 0.000000000000000000, -1.000000000000000000 ) ) ;
#1514 = LINE ( 'NONE', #1478, #3595 ) ;
#1515 = ADVANCED_FACE ( 'NONE', ( #1735 ), #1175, .F. ) ;
#1516 = CARTESIAN_POINT ( 'NONE',  ( -0.7120690446198220114, 0.5999999999999999778, -2.500591465172629757 ) ) ;
#1517 = VERTEX_POINT ( 'NONE', #90 ) ;
#1518 = CARTESIAN_POINT ( 'NONE',  ( 2.439278249353149963, -4.117913675080889029E-15, -2.405245050716230182 ) ) ;
#1519 = ORIENTED_EDGE ( 'NONE', *, *, #5157, .T. ) ;
#1520 = ORIENTED_EDGE ( 'NONE', *, *, #586, .F. ) ;
#1521 = EDGE_CURVE ( 'NONE', #4689, #4126, #1432, .T. ) ;
#1522 = ADVANCED_FACE ( 'NONE', ( #1771 ), #5362, .T. ) ;
#1523 = LINE ( 'NONE', #5293, #3573 ) ;
#1524 = LINE ( 'NONE', #3142, #6430 ) ;
#1525 = CYLINDRICAL_SURFACE ( 'NONE', #5548, 1.375000000000000000 ) ;
#1526 = DIRECTION ( 'NONE',  ( 0.000000000000000000, 0.000000000000000000, 1.000000000000000000 ) ) ;
#1527 = CARTESIAN_POINT ( 'NONE',  ( 0.8105767296299509761, -2.200000000000000178, -2.627825215911899548 ) ) ;
#1528 = CIRCLE ( 'NONE', #184, 2.100000000000000089 ) ;
#1529 = CARTESIAN_POINT ( 'NONE',  ( -0.8105767296299890567, 0.000000000000000000, -2.627825215911889778 ) ) ;
#1530 = ORIENTED_EDGE ( 'NONE', *, *, #6358, .T. ) ;
#1531 = VERTEX_POINT ( 'NONE', #1625 ) ;
#1532 = AXIS2_PLACEMENT_3D ( 'NONE', #3812, #6758, #6720 ) ;
#1533 = ORIENTED_EDGE ( 'NONE', *, *, #3045, .T. ) ;
#1534 = CARTESIAN_POINT ( 'NONE',  ( 0.000000000000000000, 0.5999999999999999778, 0.000000000000000000 ) ) ;
#1535 = DIRECTION ( 'NONE',  ( 0.000000000000000000, -1.000000000000000000, 0.000000000000000000 ) ) ;
#1536 = CARTESIAN_POINT ( 'NONE',  ( -2.200392083965322598, -0.01582593816787380980, -2.492778052222786922 ) ) ;
#1537 = EDGE_CURVE ( 'NONE', #5153, #1732, #2763, .T. ) ;
#1538 = ORIENTED_EDGE ( 'NONE', *, *, #1985, .T. ) ;
#1539 = CALENDAR_DATE ( 2025, 7, 4 ) ;
#1540 = DIRECTION ( 'NONE',  ( 0.000000000000000000, 0.000000000000000000, 1.000000000000000000 ) ) ;
#1541 = AXIS2_PLACEMENT_3D ( 'NONE', #4983, #4459, #2692 ) ;
#1542 = ORIENTED_EDGE ( 'NONE', *, *, #3158, .F. ) ;
#1543 = DIRECTION ( 'NONE',  ( 0.000000000000000000, 0.000000000000000000, 1.000000000000000000 ) ) ;
#1544 = CARTESIAN_POINT ( 'NONE',  ( 2.236049219908692098, 2.103327728011885611, 2.460892261028441386 ) ) ;
#1545 = AXIS2_PLACEMENT_3D ( 'NONE', #5266, #6861, #2015 ) ;
#1546 = ORIENTED_EDGE ( 'NONE', *, *, #1190, .T. ) ;
#1547 = CARTESIAN_POINT ( 'NONE',  ( 0.000000000000000000, 2.169999999999999929, 0.000000000000000000 ) ) ;
#1548 = EDGE_LOOP ( 'NONE', ( #3764, #5485, #444, #5772 ) ) ;
#1549 = CARTESIAN_POINT ( 'NONE',  ( 2.237085513683249705, 0.08065259966655119461, -2.501136137133439963 ) ) ;
#1550 = CIRCLE ( 'NONE', #528, 0.1199999999999999956 ) ;
#1551 = ORIENTED_EDGE ( 'NONE', *, *, #4158, .T. ) ;
#1552 = ORIENTED_EDGE ( 'NONE', *, *, #5163, .F. ) ;
#1553 = DIRECTION ( 'NONE',  ( 0.000000000000000000, 1.000000000000000000, 0.000000000000000000 ) ) ;
#1554 = CARTESIAN_POINT ( 'NONE',  ( 0.8534771780767220761, 0.000000000000000000, -1.918743522856089845 ) ) ;
#1555 = VECTOR ( 'NONE', #2612, 1000.000000000000114 ) ;
#1556 = DIRECTION ( 'NONE',  ( 0.000000000000000000, 0.000000000000000000, -1.000000000000000000 ) ) ;
#1557 = EDGE_CURVE ( 'NONE', #5010, #2775, #3681, .T. ) ;
#1558 = AXIS2_PLACEMENT_3D ( 'NONE', #5638, #1441, #2460 ) ;
#1559 = CARTESIAN_POINT ( 'NONE',  ( 2.182491175196871414, 0.1199999999999999400, 2.508769695008121303 ) ) ;
#1560 = PLANE ( 'NONE',  #4842 ) ;
#1561 = VERTEX_POINT ( 'NONE', #683 ) ;
#1562 = CC_DESIGN_APPROVAL ( #5524, ( #702 ) ) ;
#1563 = EDGE_LOOP ( 'NONE', ( #3504, #2138, #6827, #3757 ) ) ;
#1564 = EDGE_CURVE ( 'NONE', #1480, #5558, #5935, .T. ) ;
#1565 = EDGE_LOOP ( 'NONE', ( #2499, #4811, #2764, #6757 ) ) ;
#1566 = EDGE_CURVE ( 'NONE', #3878, #5672, #3287, .T. ) ;
#1567 = CARTESIAN_POINT ( 'NONE',  ( 2.194937784320831753, 1.986910120865808427, 2.497993213080481389 ) ) ;
#1568 = CARTESIAN_POINT ( 'NONE',  ( 10.25000000000000000, 1.930000000000000160, 0.6500000000000000222 ) ) ;
#1569 = CARTESIAN_POINT ( 'NONE',  ( -12.25000000000000000, 0.1200000000000000094, 0.000000000000000000 ) ) ;
#1570 = ORIENTED_EDGE ( 'NONE', *, *, #3156, .F. ) ;
#1571 = DIRECTION ( 'NONE',  ( -0.9990812105660492604, 0.000000000000000000, -0.04285714285714280203 ) ) ;
#1572 = DIRECTION ( 'NONE',  ( 0.000000000000000000, -1.000000000000000000, 0.000000000000000000 ) ) ;
#1573 = ORIENTED_EDGE ( 'NONE', *, *, #2516, .F. ) ;
#1574 = CARTESIAN_POINT ( 'NONE',  ( 2.177424789401926741, 0.01897093284699477578, -2.512862420388773721 ) ) ;
#1575 = CARTESIAN_POINT ( 'NONE',  ( 2.297887837447569304, 2.150950779431967330, 2.404130993605305910 ) ) ;
#1576 = VERTEX_POINT ( 'NONE', #2228 ) ;
#1577 = LINE ( 'NONE', #3760, #2048 ) ;
#1578 = CARTESIAN_POINT ( 'NONE',  ( -2.228777735894150069, -13.80452018978109940, -2.626894517102379645 ) ) ;
#1579 = EDGE_LOOP ( 'NONE', ( #233, #1328, #4314, #2198 ) ) ;
#1580 = ORIENTED_EDGE ( 'NONE', *, *, #6745, .T. ) ;
#1581 = CYLINDRICAL_SURFACE ( 'NONE', #3839, 0.1199999999999998845 ) ;
#1582 = DIRECTION ( 'NONE',  ( 0.000000000000000000, 0.000000000000000000, -1.000000000000000000 ) ) ;
#1583 = DIRECTION ( 'NONE',  ( 0.000000000000000000, 1.000000000000000000, 0.000000000000000000 ) ) ;
#1584 = DIRECTION ( 'NONE',  ( 0.000000000000000000, 0.000000000000000000, -1.000000000000000000 ) ) ;
#1585 = DIRECTION ( 'NONE',  ( 0.9597102123655125716, 0.000000000000000000, -0.2809916516221479532 ) ) ;
#1586 = VERTEX_POINT ( 'NONE', #1101 ) ;
#1587 = EDGE_CURVE ( 'NONE', #5574, #820, #197, .T. ) ;
#1588 = VECTOR ( 'NONE', #1638, 1000.000000000000000 ) ;
#1589 = ORIENTED_EDGE ( 'NONE', *, *, #6714, .F. ) ;
#1590 = VERTEX_POINT ( 'NONE', #3390 ) ;
#1591 = CARTESIAN_POINT ( 'NONE',  ( 0.000000000000000000, 1.449999999999999956, 0.000000000000000000 ) ) ;
#1592 = DIRECTION ( 'NONE',  ( 0.000000000000000000, -1.000000000000000000, 0.000000000000000000 ) ) ;
#1593 = VECTOR ( 'NONE', #3670, 1000.000000000000114 ) ;
#1594 = DIRECTION ( 'NONE',  ( 1.000000000000000000, 0.000000000000000000, 0.000000000000000000 ) ) ;
#1595 = B_SPLINE_CURVE_WITH_KNOTS ( 'NONE', 3,
 ( #5277, #5342, #447, #6939, #2591, #6972, #3744, #1008, #4740, #6838, #1536, #2060, #3092, #4218, #3153, #5307 ),
 .UNSPECIFIED., .F., .F.,
 ( 4, 2, 2, 2, 2, 2, 2, 4 ),
 ( 0.000000000000000000, 0.2500000000000003331, 0.3749999999999995559, 0.4999999999999987788, 0.6249999999999978906, 0.6874999999999975575, 0.7499999999999972244, 1.000000000000000000 ),
 .UNSPECIFIED. ) ;
#1596 = ORIENTED_EDGE ( 'NONE', *, *, #4021, .T. ) ;
#1597 = EDGE_CURVE ( 'NONE', #219, #1082, #2786, .T. ) ;
#1598 = EDGE_CURVE ( 'NONE', #1305, #1342, #87, .T. ) ;
#1599 = DATE_AND_TIME ( #5312, #1103 ) ;
#1600 = EDGE_CURVE ( 'NONE', #1517, #3888, #2101, .T. ) ;
#1601 = CARTESIAN_POINT ( 'NONE',  ( 0.000000000000000000, 0.000000000000000000, 0.000000000000000000 ) ) ;
#1602 = ORIENTED_EDGE ( 'NONE', *, *, #410, .F. ) ;
#1603 = DIRECTION ( 'NONE',  ( 0.000000000000000000, -1.000000000000000000, 0.000000000000000000 ) ) ;
#1604 = CARTESIAN_POINT ( 'NONE',  ( 0.000000000000000000, 0.000000000000000000, 0.000000000000000000 ) ) ;
#1605 = CIRCLE ( 'NONE', #1838, 2.100000000000000089 ) ;
#1606 = VERTEX_POINT ( 'NONE', #123 ) ;
#1607 = TOROIDAL_SURFACE ( 'NONE', #722, 0.7699999999999999067, 0.1200000000000000094 ) ;
#1608 = FACE_OUTER_BOUND ( 'NONE', #5868, .T. ) ;
#1609 = CARTESIAN_POINT ( 'NONE',  ( 8.250000000000000000, 0.1200000000000000094, 0.000000000000000000 ) ) ;
#1610 = ORIENTED_EDGE ( 'NONE', *, *, #5865, .F. ) ;
#1611 = CIRCLE ( 'NONE', #502, 0.7699999999999999067 ) ;
#1612 = VERTEX_POINT ( 'NONE', #54 ) ;
#1613 = EDGE_CURVE ( 'NONE', #1739, #4042, #5039, .T. ) ;
#1614 = DIRECTION ( 'NONE',  ( 0.000000000000000000, 1.000000000000000000, 0.000000000000000000 ) ) ;
#1615 = DIRECTION ( 'NONE',  ( -0.9865867320159805720, 0.000000000000000000, 0.1632379251584249180 ) ) ;
#1616 = DIRECTION ( 'NONE',  ( 0.000000000000000000, -1.000000000000000000, 0.000000000000000000 ) ) ;
#1617 = FACE_OUTER_BOUND ( 'NONE', #4954, .T. ) ;
#1618 = DIRECTION ( 'NONE',  ( 0.000000000000000000, 1.000000000000000000, 0.000000000000000000 ) ) ;
#1619 = ORIENTED_EDGE ( 'NONE', *, *, #1039, .F. ) ;
#1620 = CARTESIAN_POINT ( 'NONE',  ( -2.223634878751290067, 1.930000000000000160, 2.507004771834460133 ) ) ;
#1621 = ORIENTED_EDGE ( 'NONE', *, *, #3121, .T. ) ;
#1622 = ORIENTED_EDGE ( 'NONE', *, *, #3882, .F. ) ;
#1623 = CARTESIAN_POINT ( 'NONE',  ( -8.250000000000000000, 1.930000000000000160, 0.000000000000000000 ) ) ;
#1624 = DIRECTION ( 'NONE',  ( 0.000000000000000000, 1.000000000000000000, 0.000000000000000000 ) ) ;
#1625 = CARTESIAN_POINT ( 'NONE',  ( 1.193180282573300222, 0.000000000000000000, 2.477664386731639912 ) ) ;
#1626 = VERTEX_POINT ( 'NONE', #6500 ) ;
#1627 = ORIENTED_EDGE ( 'NONE', *, *, #6441, .T. ) ;
#1628 = TOROIDAL_SURFACE ( 'NONE', #3554, 0.7699999999999999067, 0.1200000000000000094 ) ;
#1629 = CARTESIAN_POINT ( 'NONE',  ( 4.250000000000000000, 1.930000000000000160, 0.000000000000000000 ) ) ;
#1630 = EDGE_LOOP ( 'NONE', ( #3679, #4907 ) ) ;
#1631 = EDGE_CURVE ( 'NONE', #4877, #194, #4247, .T. ) ;
#1632 = DIRECTION ( 'NONE',  ( 0.000000000000000000, 0.000000000000000000, 1.000000000000000000 ) ) ;
#1633 = CYLINDRICAL_SURFACE ( 'NONE', #4176, 2.100000000000000089 ) ;
#1634 = FACE_OUTER_BOUND ( 'NONE', #6504, .T. ) ;
#1635 = EDGE_CURVE ( 'NONE', #2277, #6568, #2669, .T. ) ;
#1636 = ORIENTED_EDGE ( 'NONE', *, *, #3712, .T. ) ;
#1637 = VECTOR ( 'NONE', #876, 1000.000000000000000 ) ;
#1638 = DIRECTION ( 'NONE',  ( 0.000000000000000000, -1.000000000000000000, 0.000000000000000000 ) ) ;
#1639 = DIRECTION ( 'NONE',  ( -0.9990812105660492604, 0.000000000000000000, 0.04285714285714280203 ) ) ;
#1640 = ORIENTED_EDGE ( 'NONE', *, *, #6910, .T. ) ;
#1641 = EDGE_CURVE ( 'NONE', #6618, #5572, #231, .T. ) ;
#1642 = FACE_OUTER_BOUND ( 'NONE', #2866, .T. ) ;
#1643 = ADVANCED_FACE ( 'NONE', ( #4635, #6685, #6115, #6722, #3465, #3568, #4600 ), #1285, .F. ) ;
#1644 = AXIS2_PLACEMENT_3D ( 'NONE', #5209, #6732, #5138 ) ;
#1645 = EDGE_CURVE ( 'NONE', #1612, #5060, #430, .T. ) ;
#1646 = VERTEX_POINT ( 'NONE', #5590 ) ;
#1647 = CARTESIAN_POINT ( 'NONE',  ( 10.25000000000000000, 0.000000000000000000, -0.7699999999999999067 ) ) ;
#1648 = AXIS2_PLACEMENT_3D ( 'NONE', #3243, #3276, #4902 ) ;
#1649 = DIRECTION ( 'NONE',  ( -0.9360281355417201521, 0.000000000000000000, -0.3519251759597360474 ) ) ;
#1650 = DIRECTION ( 'NONE',  ( 0.000000000000000000, 0.000000000000000000, 1.000000000000000000 ) ) ;
#1651 = CARTESIAN_POINT ( 'NONE',  ( 4.250000000000000000, 1.930000000000000160, -0.7699999999999999067 ) ) ;
#1652 = TOROIDAL_SURFACE ( 'NONE', #994, 0.7699999999999999067, 0.1200000000000000094 ) ;
#1653 = CARTESIAN_POINT ( 'NONE',  ( -2.681051758500009985, -2.200000000000000178, 0.6119325683798749749 ) ) ;
#1654 = EDGE_LOOP ( 'NONE', ( #37, #723, #26, #3024 ) ) ;
#1655 = CARTESIAN_POINT ( 'NONE',  ( 4.250000000000000000, 1.930000000000000160, 0.000000000000000000 ) ) ;
#1656 = ORIENTED_EDGE ( 'NONE', *, *, #5055, .T. ) ;
#1657 = VECTOR ( 'NONE', #5659, 1000.000000000000000 ) ;
#1658 = ORIENTED_EDGE ( 'NONE', *, *, #740, .T. ) ;
#1659 = DIRECTION ( 'NONE',  ( 0.000000000000000000, 1.000000000000000000, 0.000000000000000000 ) ) ;
#1660 = CARTESIAN_POINT ( 'NONE',  ( 0.000000000000000000, 0.5999999999999999778, 0.000000000000000000 ) ) ;
#1661 = DIRECTION ( 'NONE',  ( 0.000000000000000000, 0.000000000000000000, 1.000000000000000000 ) ) ;
#1662 = ORIENTED_EDGE ( 'NONE', *, *, #6957, .F. ) ;
#1663 = CC_DESIGN_APPROVAL ( #5748, ( #2230 ) ) ;
#1664 = APPROVAL_ROLE ( '' ) ;
#1665 = ORIENTED_EDGE ( 'NONE', *, *, #6850, .F. ) ;
#1666 = ORIENTED_EDGE ( 'NONE', *, *, #3266, .F. ) ;
#1667 = ORIENTED_EDGE ( 'NONE', *, *, #5189, .T. ) ;
#1668 = CARTESIAN_POINT ( 'NONE',  ( 2.495244324181649542, 0.000000000000000000, 2.375243305987679854 ) ) ;
#1669 = DIRECTION ( 'NONE',  ( 0.000000000000000000, 0.000000000000000000, -1.000000000000000000 ) ) ;
#1670 = CARTESIAN_POINT ( 'NONE',  ( -2.380456173966179811, 0.009074926598976979647, -2.434646826159009958 ) ) ;
#1671 = VERTEX_POINT ( 'NONE', #4103 ) ;
#1672 = LINE ( 'NONE', #2579, #533 ) ;
#1673 = EDGE_CURVE ( 'NONE', #4501, #1185, #6617, .T. ) ;
#1674 = FACE_OUTER_BOUND ( 'NONE', #6478, .T. ) ;
#1675 = LINE ( 'NONE', #4962, #386 ) ;
#1676 = VERTEX_POINT ( 'NONE', #791 ) ;
#1677 = CARTESIAN_POINT ( 'NONE',  ( 2.381569860407219963, -2.200000000000000178, 1.374999999999980016 ) ) ;
#1678 = VERTEX_POINT ( 'NONE', #1356 ) ;
#1679 = EDGE_CURVE ( 'NONE', #5238, #86, #6051, .T. ) ;
#1680 = LINE ( 'NONE', #634, #2267 ) ;
#1681 = EDGE_CURVE ( 'NONE', #6494, #1732, #1880, .T. ) ;
#1682 = CARTESIAN_POINT ( 'NONE',  ( 2.200392083966622447, -0.01582593817008307729, 2.492778052221641616 ) ) ;
#1683 = EDGE_CURVE ( 'NONE', #3171, #4880, #6157, .T. ) ;
#1684 = CARTESIAN_POINT ( 'NONE',  ( 1.193180282573300222, 0.5999999999999999778, 2.477664386731639912 ) ) ;
#1685 = CARTESIAN_POINT ( 'NONE',  ( -4.250000000000000000, 2.050000000000000266, -0.7699999999999999067 ) ) ;
#1686 = AXIS2_PLACEMENT_3D ( 'NONE', #4768, #4171, #5237 ) ;
#1687 = CARTESIAN_POINT ( 'NONE',  ( -0.5579706603045820890, 0.000000000000000000, 2.024516915770099956 ) ) ;
#1688 = PLANE ( 'NONE',  #2149 ) ;
#1689 = EDGE_LOOP ( 'NONE', ( #2538, #1580, #129, #1877 ) ) ;
#1690 = EDGE_CURVE ( 'NONE', #5023, #2980, #198, .T. ) ;
#1691 = CARTESIAN_POINT ( 'NONE',  ( -2.742310442248250268, 0.000000000000000000, -0.2055077573626570009 ) ) ;
#1692 = EDGE_LOOP ( 'NONE', ( #6508, #6414, #2673, #6296 ) ) ;
#1693 = AXIS2_PLACEMENT_3D ( 'NONE', #6641, #2367, #1798 ) ;
#1694 = TOROIDAL_SURFACE ( 'NONE', #6547, 3.205000000000000071, 0.1200000000000000094 ) ;
#1695 = DIRECTION ( 'NONE',  ( 0.000000000000000000, 0.000000000000000000, 1.000000000000000000 ) ) ;
#1696 = CARTESIAN_POINT ( 'NONE',  ( 1.870475028870050016, -2.200000000000000178, 2.015892647532010251 ) ) ;
#1697 = DIRECTION ( 'NONE',  ( 0.000000000000000000, 1.000000000000000000, 0.000000000000000000 ) ) ;
#1698 = CIRCLE ( 'NONE', #1814, 0.1199999999999999956 ) ;
#1699 = ORIENTED_EDGE ( 'NONE', *, *, #3544, .T. ) ;
#1700 = ORIENTED_EDGE ( 'NONE', *, *, #5615, .T. ) ;
#1701 = DIRECTION ( 'NONE',  ( 0.8180576496984592882, 0.000000000000000000, 0.5751362288795871525 ) ) ;
#1702 = EDGE_LOOP ( 'NONE', ( #3291, #6166, #4186, #4211 ) ) ;
#1703 = VECTOR ( 'NONE', #6448, 1000.000000000000000 ) ;
#1704 = ORIENTED_EDGE ( 'NONE', *, *, #2856, .T. ) ;
#1705 = FACE_OUTER_BOUND ( 'NONE', #4886, .T. ) ;
#1706 = DIRECTION ( 'NONE',  ( 0.000000000000000000, -1.000000000000000000, 0.000000000000000000 ) ) ;
#1707 = CARTESIAN_POINT ( 'NONE',  ( 12.25000000000000000, 1.930000000000000160, 0.000000000000000000 ) ) ;
#1708 = EDGE_LOOP ( 'NONE', ( #1596, #5941, #3293, #250 ) ) ;
#1709 = AXIS2_PLACEMENT_3D ( 'NONE', #1799, #4269, #5861 ) ;
#1710 = CARTESIAN_POINT ( 'NONE',  ( -1.193180282573270024, 0.5999999999999999778, 2.477664386731659896 ) ) ;
#1711 = DIRECTION ( 'NONE',  ( 0.000000000000000000, 0.000000000000000000, -1.000000000000000000 ) ) ;
#1712 = ORIENTED_EDGE ( 'NONE', *, *, #1357, .F. ) ;
#1713 = DIRECTION ( 'NONE',  ( 0.000000000000000000, 1.000000000000000000, 0.000000000000000000 ) ) ;
#1714 = VECTOR ( 'NONE', #779, 1000.000000000000000 ) ;
#1715 = EDGE_CURVE ( 'NONE', #245, #4182, #1442, .T. ) ;
#1716 = VECTOR ( 'NONE', #5391, 1000.000000000000227 ) ;
#1717 = VERTEX_POINT ( 'NONE', #4493 ) ;
#1718 = LINE ( 'NONE', #3834, #5538 ) ;
#1719 = CARTESIAN_POINT ( 'NONE',  ( 0.4098662319845000068, -2.200000000000000178, 2.719284772119100246 ) ) ;
#1720 = UNCERTAINTY_MEASURE_WITH_UNIT (LENGTH_MEASURE( 1.000000000000000082E-05 ), #4878, 'distance_accuracy_value', 'NONE');
#1721 = CARTESIAN_POINT ( 'NONE',  ( 2.681051758500020199, 0.000000000000000000, 0.6119325683798361171 ) ) ;
#1722 = DIRECTION ( 'NONE',  ( 0.000000000000000000, -1.000000000000000000, 0.000000000000000000 ) ) ;
#1723 = AXIS2_PLACEMENT_3D ( 'NONE', #5065, #2489, #4009 ) ;
#1724 = EDGE_CURVE ( 'NONE', #3447, #2106, #5166, .T. ) ;
#1725 = ADVANCED_FACE ( 'NONE', ( #3014 ), #3659, .F. ) ;
#1726 = CARTESIAN_POINT ( 'NONE',  ( -2.151142517227300210, 1.930000000000000160, 2.535391660193160313 ) ) ;
#1727 = EDGE_CURVE ( 'NONE', #5418, #1847, #2584, .T. ) ;
#1728 = DIRECTION ( 'NONE',  ( 0.000000000000000000, 0.000000000000000000, -1.000000000000000000 ) ) ;
#1729 = EDGE_LOOP ( 'NONE', ( #2611, #2901, #3805, #5487 ) ) ;
#1730 = VECTOR ( 'NONE', #3319, 1000.000000000000000 ) ;
#1731 = DIRECTION ( 'NONE',  ( 0.000000000000000000, 0.000000000000000000, 1.000000000000000000 ) ) ;
#1732 = VERTEX_POINT ( 'NONE', #3675 ) ;
#1733 = LINE ( 'NONE', #2187, #155 ) ;
#1734 = CARTESIAN_POINT ( 'NONE',  ( 10.25000000000000000, 2.050000000000000266, -0.7699999999999999067 ) ) ;
#1735 = FACE_OUTER_BOUND ( 'NONE', #5396, .T. ) ;
#1736 = ADVANCED_FACE ( 'NONE', ( #405, #3706 ), #4242, .T. ) ;
#1737 = ORIENTED_EDGE ( 'NONE', *, *, #6320, .T. ) ;
#1738 = SHAPE_DEFINITION_REPRESENTATION ( #5298, #5961 ) ;
#1739 = VERTEX_POINT ( 'NONE', #372 ) ;
#1740 = DIRECTION ( 'NONE',  ( 0.000000000000000000, 1.000000000000000000, 0.000000000000000000 ) ) ;
#1741 = EDGE_LOOP ( 'NONE', ( #3315, #5643, #168, #2458 ) ) ;
#1742 = VERTEX_POINT ( 'NONE', #3642 ) ;
#1743 = DIRECTION ( 'NONE',  ( 0.000000000000000000, 0.000000000000000000, 1.000000000000000000 ) ) ;
#1744 = CARTESIAN_POINT ( 'NONE',  ( -8.250000000000000000, 0.1200000000000000094, -0.6500000000000000222 ) ) ;
#1745 = CARTESIAN_POINT ( 'NONE',  ( 14.25000000000000000, 1.930000000000000160, 0.000000000000000000 ) ) ;
#1746 = VERTEX_POINT ( 'NONE', #4209 ) ;
#1747 = LINE ( 'NONE', #3439, #2339 ) ;
#1748 = CIRCLE ( 'NONE', #515, 0.7699999999999999067 ) ;
#1749 = DIRECTION ( 'NONE',  ( 1.000000000000000000, 0.000000000000000000, 0.000000000000000000 ) ) ;
#1750 = CARTESIAN_POINT ( 'NONE',  ( -2.587882985193959762, 0.5999999999999999778, -0.2507222665492769842 ) ) ;
#1751 = ORIENTED_EDGE ( 'NONE', *, *, #3448, .F. ) ;
#1752 = CARTESIAN_POINT ( 'NONE',  ( 0.000000000000000000, 0.5999999999999999778, 0.000000000000000000 ) ) ;
#1753 = AXIS2_PLACEMENT_3D ( 'NONE', #3640, #5833, #1526 ) ;
#1754 = TOROIDAL_SURFACE ( 'NONE', #5713, 0.7699999999999999067, 0.1200000000000000094 ) ;
#1755 = ORIENTED_EDGE ( 'NONE', *, *, #2958, .T. ) ;
#1756 = DIRECTION ( 'NONE',  ( 0.000000000000000000, 1.000000000000000000, 0.000000000000000000 ) ) ;
#1757 = CARTESIAN_POINT ( 'NONE',  ( -2.150036576787090148, 0.5999999999999999778, -1.714596955111509891 ) ) ;
#1758 = DIRECTION ( 'NONE',  ( 0.8342492370898398901, 0.000000000000000000, 0.5513875319727679081 ) ) ;
#1759 = CARTESIAN_POINT ( 'NONE',  ( 1.680720077974450000, 0.000000000000000000, 1.259039324045750030 ) ) ;
#1760 = AXIS2_PLACEMENT_3D ( 'NONE', #6612, #1697, #1661 ) ;
#1761 = DIRECTION ( 'NONE',  ( 0.000000000000000000, 0.000000000000000000, 1.000000000000000000 ) ) ;
#1762 = AXIS2_PLACEMENT_3D ( 'NONE', #6291, #5862, #4670 ) ;
#1763 = FACE_OUTER_BOUND ( 'NONE', #5176, .T. ) ;
#1764 = ORIENTED_EDGE ( 'NONE', *, *, #3792, .F. ) ;
#1765 = EDGE_CURVE ( 'NONE', #607, #2209, #4806, .T. ) ;
#1766 = CARTESIAN_POINT ( 'NONE',  ( 1.977158756200440015, 0.000000000000000000, 0.7077027997542110205 ) ) ;
#1767 = EDGE_LOOP ( 'NONE', ( #6246, #2039, #5819 ) ) ;
#1768 = AXIS2_PLACEMENT_3D ( 'NONE', #6820, #6354, #2011 ) ;
#1769 = CARTESIAN_POINT ( 'NONE',  ( -2.322139482117989928, 2.072169601429892261, 2.380723423415896711 ) ) ;
#1770 = DIRECTION ( 'NONE',  ( 0.000000000000000000, 0.000000000000000000, 1.000000000000000000 ) ) ;
#1771 = FACE_OUTER_BOUND ( 'NONE', #6365, .T. ) ;
#1772 = ORIENTED_EDGE ( 'NONE', *, *, #3755, .F. ) ;
#1773 = EDGE_CURVE ( 'NONE', #6729, #3224, #2549, .T. ) ;
#1774 = CIRCLE ( 'NONE', #6629, 0.7699999999999999067 ) ;
#1775 = ORIENTED_EDGE ( 'NONE', *, *, #6394, .T. ) ;
#1776 = DIRECTION ( 'NONE',  ( 0.000000000000000000, 0.000000000000000000, 1.000000000000000000 ) ) ;
#1777 = VERTEX_POINT ( 'NONE', #2117 ) ;
#1778 = ADVANCED_FACE ( 'NONE', ( #5333 ), #644, .F. ) ;
#1779 = ORIENTED_EDGE ( 'NONE', *, *, #2070, .T. ) ;
#1780 = CARTESIAN_POINT ( 'NONE',  ( -10.25000000000000000, 0.1200000000000000094, 0.000000000000000000 ) ) ;
#1781 = DIRECTION ( 'NONE',  ( 0.000000000000000000, 0.000000000000000000, 1.000000000000000000 ) ) ;
#1782 = FACE_OUTER_BOUND ( 'NONE', #523, .T. ) ;
#1783 = VERTEX_POINT ( 'NONE', #4136 ) ;
#1784 = DIRECTION ( 'NONE',  ( 0.000000000000000000, 0.000000000000000000, -1.000000000000000000 ) ) ;
#1785 = LINE ( 'NONE', #770, #4973 ) ;
#1786 = CARTESIAN_POINT ( 'NONE',  ( 1.129918426019259847, -2.200000000000000178, 1.770108570269679937 ) ) ;
#1787 = ORIENTED_EDGE ( 'NONE', *, *, #6431, .F. ) ;
#1788 = DIRECTION ( 'NONE',  ( -0.9990812105660493714, 0.000000000000000000, 0.04285714285714280897 ) ) ;
#1789 = VERTEX_POINT ( 'NONE', #4800 ) ;
#1790 = CARTESIAN_POINT ( 'NONE',  ( -14.25000000000000000, 0.1200000000000000094, 0.000000000000000000 ) ) ;
#1791 = DIRECTION ( 'NONE',  ( 0.000000000000000000, -1.000000000000000000, 0.000000000000000000 ) ) ;
#1792 = CARTESIAN_POINT ( 'NONE',  ( -2.205638859295454779, 2.072276193524682064, 2.488139466401421807 ) ) ;
#1793 = CARTESIAN_POINT ( 'NONE',  ( -10.25000000000000000, 0.1200000000000000094, 0.000000000000000000 ) ) ;
#1794 = CARTESIAN_POINT ( 'NONE',  ( 14.25000000000000000, 0.1200000000000000094, 0.6500000000000000222 ) ) ;
#1795 = VERTEX_POINT ( 'NONE', #5234 ) ;
#1796 = CARTESIAN_POINT ( 'NONE',  ( 0.000000000000000000, -2.200000000000000178, 0.000000000000000000 ) ) ;
#1797 = CARTESIAN_POINT ( 'NONE',  ( -1.726518015914019877, 0.000000000000000000, 1.943999881873530011 ) ) ;
#1798 = DIRECTION ( 'NONE',  ( 0.000000000000000000, 0.000000000000000000, 1.000000000000000000 ) ) ;
#1799 = CARTESIAN_POINT ( 'NONE',  ( 14.08057142857140143, 0.1200000000000000094, 1.878272675864170127 ) ) ;
#1800 = ORIENTED_EDGE ( 'NONE', *, *, #6789, .T. ) ;
#1801 = VECTOR ( 'NONE', #585, 1000.000000000000227 ) ;
#1802 = VECTOR ( 'NONE', #4732, 1000.000000000000000 ) ;
#1803 = LINE ( 'NONE', #754, #2084 ) ;
#1804 = CARTESIAN_POINT ( 'NONE',  ( 2.408241824532807218, -3.190168391148150190E-16, 2.292424921073453081 ) ) ;
#1805 = EDGE_CURVE ( 'NONE', #3969, #1361, #989, .T. ) ;
#1806 = ORIENTED_EDGE ( 'NONE', *, *, #234, .F. ) ;
#1807 = VECTOR ( 'NONE', #751, 999.9999999999998863 ) ;
#1808 = ORIENTED_EDGE ( 'NONE', *, *, #4785, .F. ) ;
#1809 = AXIS2_PLACEMENT_3D ( 'NONE', #5452, #2807, #621 ) ;
#1810 = CARTESIAN_POINT ( 'NONE',  ( -2.223635173115280139, 0.09965351321340119861, 2.507004759207250189 ) ) ;
#1811 = ORIENTED_EDGE ( 'NONE', *, *, #56, .T. ) ;
#1812 = EDGE_LOOP ( 'NONE', ( #556, #2421, #4561, #1191 ) ) ;
#1813 = DIRECTION ( 'NONE',  ( 1.000000000000000000, -0.000000000000000000, 1.224646799147353207E-16 ) ) ;
#1814 = AXIS2_PLACEMENT_3D ( 'NONE', #5922, #4934, #4371 ) ;
#1815 = FACE_BOUND ( 'NONE', #1195, .T. ) ;
#1816 = EDGE_CURVE ( 'NONE', #937, #1324, #5156, .T. ) ;
#1817 = ADVANCED_FACE ( 'NONE', ( #5766 ), #3084, .F. ) ;
#1818 = EDGE_LOOP ( 'NONE', ( #794, #5219, #6969, #1229 ) ) ;
#1819 = ADVANCED_FACE ( 'NONE', ( #4170 ), #4271, .F. ) ;
#1820 = LINE ( 'NONE', #6130, #2004 ) ;
#1821 = CARTESIAN_POINT ( 'NONE',  ( 4.250000000000000000, -2.200000000000000178, -0.6500000000000000222 ) ) ;
#1822 = CARTESIAN_POINT ( 'NONE',  ( -2.223635094200779871, 1.950334041121609907, 2.507004762592409897 ) ) ;
#1823 = CIRCLE ( 'NONE', #6225, 3.324999999999999734 ) ;
#1824 = CIRCLE ( 'NONE', #1122, 0.1199999999999998845 ) ;
#1825 = DIRECTION ( 'NONE',  ( 0.000000000000000000, -1.000000000000000000, 0.000000000000000000 ) ) ;
#1826 = ORIENTED_EDGE ( 'NONE', *, *, #6038, .F. ) ;
#1827 = CARTESIAN_POINT ( 'NONE',  ( 10.25000000000000000, 0.000000000000000000, 0.000000000000000000 ) ) ;
#1828 = AXIS2_PLACEMENT_3D ( 'NONE', #3598, #2513, #1556 ) ;
#1829 = ORIENTED_EDGE ( 'NONE', *, *, #2854, .T. ) ;
#1830 = DIRECTION ( 'NONE',  ( 0.000000000000000000, 0.000000000000000000, 1.000000000000000000 ) ) ;
#1831 = LINE ( 'NONE', #6595, #6192 ) ;
#1832 = CARTESIAN_POINT ( 'NONE',  ( 4.250000000000000000, 0.1200000000000000094, 0.000000000000000000 ) ) ;
#1833 = VECTOR ( 'NONE', #5427, 1000.000000000000000 ) ;
#1834 = AXIS2_PLACEMENT_3D ( 'NONE', #341, #1649, #1986 ) ;
#1835 = ADVANCED_FACE ( 'NONE', ( #5732 ), #893, .F. ) ;
#1836 = DIRECTION ( 'NONE',  ( 0.000000000000000000, 0.000000000000000000, -1.000000000000000000 ) ) ;
#1837 = DIRECTION ( 'NONE',  ( -0.4875022170394932020, 0.000000000000000000, -0.8731217488881941602 ) ) ;
#1838 = AXIS2_PLACEMENT_3D ( 'NONE', #5950, #5985, #3231 ) ;
#1839 = FACE_OUTER_BOUND ( 'NONE', #384, .T. ) ;
#1840 = VECTOR ( 'NONE', #4077, 1000.000000000000000 ) ;
#1841 = DIRECTION ( 'NONE',  ( -0.4467872664211870459, 0.000000000000000000, 0.8946402285633501261 ) ) ;
#1842 = ORIENTED_EDGE ( 'NONE', *, *, #413, .F. ) ;
#1843 = CARTESIAN_POINT ( 'NONE',  ( 2.151142517227300210, 1.930000000000000160, 2.535391660193160313 ) ) ;
#1844 = DIRECTION ( 'NONE',  ( 0.000000000000000000, -1.000000000000000000, 0.000000000000000000 ) ) ;
#1845 = CIRCLE ( 'NONE', #4555, 3.205000000000000071 ) ;
#1846 = CARTESIAN_POINT ( 'NONE',  ( -14.25000000000000000, 1.930000000000000160, -0.6500000000000000222 ) ) ;
#1847 = VERTEX_POINT ( 'NONE', #1527 ) ;
#1848 = VERTEX_POINT ( 'NONE', #2617 ) ;
#1849 = CARTESIAN_POINT ( 'NONE',  ( -2.151120850788188044, 0.07929906012637399915, 2.535410047521551302 ) ) ;
#1850 = ORIENTED_EDGE ( 'NONE', *, *, #6762, .T. ) ;
#1851 = CIRCLE ( 'NONE', #1292, 0.7699999999999999067 ) ;
#1852 = ORIENTED_EDGE ( 'NONE', *, *, #5918, .T. ) ;
#1853 = CARTESIAN_POINT ( 'NONE',  ( -0.9679997763004770661, -2.200000000000000178, -1.863592346271639943 ) ) ;
#1854 = DIRECTION ( 'NONE',  ( 0.000000000000000000, 0.000000000000000000, 1.000000000000000000 ) ) ;
#1855 = FACE_BOUND ( 'NONE', #848, .T. ) ;
#1856 = ORIENTED_EDGE ( 'NONE', *, *, #5580, .T. ) ;
#1857 = DIRECTION ( 'NONE',  ( 0.000000000000000000, 1.000000000000000000, 0.000000000000000000 ) ) ;
#1858 = LINE ( 'NONE', #4016, #5775 ) ;
#1859 = DIRECTION ( 'NONE',  ( 0.000000000000000000, 0.000000000000000000, -1.000000000000000000 ) ) ;
#1860 = EDGE_CURVE ( 'NONE', #6275, #1671, #999, .T. ) ;
#1861 = EDGE_CURVE ( 'NONE', #2621, #3969, #1550, .T. ) ;
#1862 = EDGE_LOOP ( 'NONE', ( #256, #4958, #860, #2152 ) ) ;
#1863 = CARTESIAN_POINT ( 'NONE',  ( 2.201373494853032131, -0.02106832448482640410, -2.492026715981312535 ) ) ;
#1864 = CIRCLE ( 'NONE', #4336, 2.274999999999999911 ) ;
#1865 = ORIENTED_EDGE ( 'NONE', *, *, #836, .F. ) ;
#1866 = CARTESIAN_POINT ( 'NONE',  ( -1.601467981016740039, 0.5999999999999999778, 1.358418310307309973 ) ) ;
#1867 = EDGE_LOOP ( 'NONE', ( #796, #554, #613, #4772 ) ) ;
#1868 = EDGE_CURVE ( 'NONE', #4182, #6804, #4700, .T. ) ;
#1869 = CARTESIAN_POINT ( 'NONE',  ( -1.234942045101830033, -2.200000000000000178, 1.698504679192760269 ) ) ;
#1870 = LINE ( 'NONE', #4624, #5218 ) ;
#1871 = CIRCLE ( 'NONE', #2088, 0.6500000000000000222 ) ;
#1872 = EDGE_CURVE ( 'NONE', #3686, #6004, #2564, .T. ) ;
#1873 = CARTESIAN_POINT ( 'NONE',  ( 2.495244324181649542, 2.050000000000000266, 2.375243305987679854 ) ) ;
#1874 = DIRECTION ( 'NONE',  ( 0.000000000000000000, 1.000000000000000000, 0.000000000000000000 ) ) ;
#1875 = AXIS2_PLACEMENT_3D ( 'NONE', #4617, #808, #2428 ) ;
#1876 = CARTESIAN_POINT ( 'NONE',  ( 2.223634878751290067, 1.930000000000000160, 2.507004771834460133 ) ) ;
#1877 = ORIENTED_EDGE ( 'NONE', *, *, #6822, .T. ) ;
#1878 = CARTESIAN_POINT ( 'NONE',  ( -2.408327250480109871, 2.169999999999999929, -2.292506238725410039 ) ) ;
#1879 = AXIS2_PLACEMENT_3D ( 'NONE', #6322, #6361, #3673 ) ;
#1880 = LINE ( 'NONE', #4035, #2897 ) ;
#1881 = CARTESIAN_POINT ( 'NONE',  ( -8.250000000000000000, 1.930000000000000160, -0.6500000000000000222 ) ) ;
#1882 = ORIENTED_EDGE ( 'NONE', *, *, #4278, .T. ) ;
#1883 = DIRECTION ( 'NONE',  ( 0.000000000000000000, 1.000000000000000000, 0.000000000000000000 ) ) ;
#1884 = VERTEX_POINT ( 'NONE', #601 ) ;
#1885 = CIRCLE ( 'NONE', #5486, 0.1199999999999999956 ) ;
#1886 = VERTEX_POINT ( 'NONE', #6563 ) ;
#1887 = DIRECTION ( 'NONE',  ( 0.000000000000000000, -1.000000000000000000, 0.000000000000000000 ) ) ;
#1888 = CARTESIAN_POINT ( 'NONE',  ( 12.25000000000000000, 1.930000000000000160, 0.7699999999999999067 ) ) ;
#1889 = CARTESIAN_POINT ( 'NONE',  ( 2.681051758500020199, 0.5999999999999999778, 0.6119325683798361171 ) ) ;
#1890 = EDGE_LOOP ( 'NONE', ( #6541, #4995 ) ) ;
#1891 = VECTOR ( 'NONE', #4266, 1000.000000000000000 ) ;
#1892 = PLANE ( 'NONE',  #1558 ) ;
#1893 = CARTESIAN_POINT ( 'NONE',  ( 2.097918202319720038, -2.200000000000000178, 0.09348377600193230608 ) ) ;
#1894 = DIRECTION ( 'NONE',  ( 0.000000000000000000, -1.000000000000000000, 0.000000000000000000 ) ) ;
#1895 = ORIENTED_EDGE ( 'NONE', *, *, #5839, .F. ) ;
#1896 = VECTOR ( 'NONE', #824, 1000.000000000000000 ) ;
#1897 = CARTESIAN_POINT ( 'NONE',  ( 2.276613085301959938, 0.04948003430390490731, -2.483374988984719867 ) ) ;
#1898 = CARTESIAN_POINT ( 'NONE',  ( 0.000000000000000000, 2.350000000000000089, 0.000000000000000000 ) ) ;
#1899 = EDGE_LOOP ( 'NONE', ( #3934, #4138, #2087, #1250 ) ) ;
#1900 = EDGE_CURVE ( 'NONE', #2209, #6401, #4923, .T. ) ;
#1901 = CARTESIAN_POINT ( 'NONE',  ( 2.381569860407219963, 0.000000000000000000, 1.374999999999980016 ) ) ;
#1902 = AXIS2_PLACEMENT_3D ( 'NONE', #1473, #418, #1508 ) ;
#1903 = ORIENTED_EDGE ( 'NONE', *, *, #6088, .F. ) ;
#1904 = FACE_OUTER_BOUND ( 'NONE', #2378, .T. ) ;
#1905 = CARTESIAN_POINT ( 'NONE',  ( -2.408281810690521940, 2.049999999999998934, -2.292462984221223632 ) ) ;
#1906 = EDGE_CURVE ( 'NONE', #1324, #74, #5467, .T. ) ;
#1907 = EDGE_CURVE ( 'NONE', #3644, #6719, #1885, .T. ) ;
#1908 = CARTESIAN_POINT ( 'NONE',  ( 1.870475028870050016, 0.5999999999999999778, 2.015892647532010251 ) ) ;
#1909 = ADVANCED_FACE ( 'NONE', ( #5430 ), #3227, .T. ) ;
#1910 = CARTESIAN_POINT ( 'NONE',  ( 2.223635173115310337, 1.950346486786599831, 2.507004759207250189 ) ) ;
#1911 = ORIENTED_EDGE ( 'NONE', *, *, #1117, .T. ) ;
#1912 = DIRECTION ( 'NONE',  ( 0.000000000000000000, 0.000000000000000000, 1.000000000000000000 ) ) ;
#1913 = CARTESIAN_POINT ( 'NONE',  ( 2.230034297051588066, 0.02136852864009098837, 2.466648544102651108 ) ) ;
#1914 = ADVANCED_FACE ( 'NONE', ( #675 ), #4832, .T. ) ;
#1915 = CARTESIAN_POINT ( 'NONE',  ( 8.250000000000000000, 1.930000000000000160, 0.000000000000000000 ) ) ;
#1916 = ORIENTED_EDGE ( 'NONE', *, *, #6394, .F. ) ;
#1917 = CIRCLE ( 'NONE', #906, 0.1199999999999999956 ) ;
#1918 = CARTESIAN_POINT ( 'NONE',  ( -2.408327262351752207, -0.1200627189708321080, 2.292506250026111747 ) ) ;
#1919 = VERTEX_POINT ( 'NONE', #1687 ) ;
#1920 = ORIENTED_EDGE ( 'NONE', *, *, #318, .F. ) ;
#1921 = CARTESIAN_POINT ( 'NONE',  ( -0.3756907751836790488, 0.5999999999999999778, -2.066121110061530430 ) ) ;
#1922 = CARTESIAN_POINT ( 'NONE',  ( -14.08571428571429962, 2.050000000000000266, -1.998162421132100075 ) ) ;
#1923 = FACE_BOUND ( 'NONE', #5499, .T. ) ;
#1924 = ADVANCED_FACE ( 'NONE', ( #4337 ), #151, .F. ) ;
#1925 = AXIS2_PLACEMENT_3D ( 'NONE', #4097, #4761, #5860 ) ;
#1926 = ORIENTED_EDGE ( 'NONE', *, *, #5095, .T. ) ;
#1927 = DIRECTION ( 'NONE',  ( 0.000000000000000000, -1.000000000000000000, 0.000000000000000000 ) ) ;
#1928 = AXIS2_PLACEMENT_3D ( 'NONE', #6412, #3722, #5881 ) ;
#1929 = LINE ( 'NONE', #2565, #1227 ) ;
#1930 = DIRECTION ( 'NONE',  ( 0.000000000000000000, 1.000000000000000000, 0.000000000000000000 ) ) ;
#1931 = CARTESIAN_POINT ( 'NONE',  ( -6.250000000000000000, 2.050000000000000266, -0.7699999999999999067 ) ) ;
#1932 = CIRCLE ( 'NONE', #138, 0.1200000000000001343 ) ;
#1933 = ORIENTED_EDGE ( 'NONE', *, *, #2713, .T. ) ;
#1934 = DIRECTION ( 'NONE',  ( 0.000000000000000000, 1.000000000000000000, 0.000000000000000000 ) ) ;
#1935 = CARTESIAN_POINT ( 'NONE',  ( -1.549130159674960039, 0.5999999999999999778, -2.272156629368980330 ) ) ;
#1936 = ORIENTED_EDGE ( 'NONE', *, *, #3195, .F. ) ;
#1937 = AXIS2_PLACEMENT_3D ( 'NONE', #2922, #6131, #4998 ) ;
#1938 = DIRECTION ( 'NONE',  ( -3.614007241618351532E-15, 0.000000000000000000, 1.000000000000000000 ) ) ;
#1939 = ORIENTED_EDGE ( 'NONE', *, *, #1073, .F. ) ;
#1940 = DIRECTION ( 'NONE',  ( 0.000000000000000000, -1.000000000000000000, 0.000000000000000000 ) ) ;
#1941 = CARTESIAN_POINT ( 'NONE',  ( -4.250000000000000000, 1.930000000000000160, 0.000000000000000000 ) ) ;
#1942 = VECTOR ( 'NONE', #5604, 1000.000000000000000 ) ;
#1943 = LINE ( 'NONE', #1315, #4813 ) ;
#1944 = CARTESIAN_POINT ( 'NONE',  ( -12.25000000000000000, 0.1200000000000000094, 0.7699999999999999067 ) ) ;
#1945 = DIRECTION ( 'NONE',  ( 0.000000000000000000, 1.000000000000000000, 0.000000000000000000 ) ) ;
#1946 = ORIENTED_EDGE ( 'NONE', *, *, #2609, .T. ) ;
#1947 = EDGE_CURVE ( 'NONE', #6450, #1919, #2145, .T. ) ;
#1948 = ADVANCED_FACE ( 'NONE', ( #1617 ), #5393, .F. ) ;
#1949 = EDGE_CURVE ( 'NONE', #6568, #3592, #3457, .T. ) ;
#1950 = CARTESIAN_POINT ( 'NONE',  ( 2.559902808771549854, -2.200000000000000178, -1.004687817007609896 ) ) ;
#1951 = AXIS2_PLACEMENT_3D ( 'NONE', #3914, #1120, #5505 ) ;
#1952 = CARTESIAN_POINT ( 'NONE',  ( -14.00000000000000000, 0.000000000000000000, 0.000000000000000000 ) ) ;
#1953 = CARTESIAN_POINT ( 'NONE',  ( -2.151142517227300210, -13.80452018978109940, -2.535391660193160313 ) ) ;
#1954 = VERTEX_POINT ( 'NONE', #1726 ) ;
#1955 = CARTESIAN_POINT ( 'NONE',  ( -4.250000000000000000, 0.000000000000000000, 0.000000000000000000 ) ) ;
#1956 = ORIENTED_EDGE ( 'NONE', *, *, #4972, .T. ) ;
#1957 = ORIENTED_EDGE ( 'NONE', *, *, #3758, .F. ) ;
#1958 = EDGE_CURVE ( 'NONE', #4439, #4784, #2447, .T. ) ;
#1959 = AXIS2_PLACEMENT_3D ( 'NONE', #1591, #3742, #4838 ) ;
#1960 = DIRECTION ( 'NONE',  ( 0.000000000000000000, 0.000000000000000000, -1.000000000000000000 ) ) ;
#1961 = CARTESIAN_POINT ( 'NONE',  ( 2.408327250480109871, 2.169999999999999929, -2.292506238725410039 ) ) ;
#1962 = CARTESIAN_POINT ( 'NONE',  ( 2.222372219133446958, 2.090926728361882869, -2.473238736397668447 ) ) ;
#1963 = ORIENTED_EDGE ( 'NONE', *, *, #6670, .F. ) ;
#1964 = DIRECTION ( 'NONE',  ( 0.000000000000000000, -1.000000000000000000, 0.000000000000000000 ) ) ;
#1965 = FACE_OUTER_BOUND ( 'NONE', #3965, .T. ) ;
#1966 = CIRCLE ( 'NONE', #727, 0.7699999999999999067 ) ;
#1967 = DIRECTION ( 'NONE',  ( 0.9990812105660493714, 0.000000000000000000, 0.04285714285714280897 ) ) ;
#1968 = ORIENTED_EDGE ( 'NONE', *, *, #5718, .T. ) ;
#1969 = CARTESIAN_POINT ( 'NONE',  ( 0.000000000000000000, 2.050000000000000266, 0.000000000000000000 ) ) ;
#1970 = DIRECTION ( 'NONE',  ( 0.000000000000000000, -1.000000000000000000, 0.000000000000000000 ) ) ;
#1971 = ORIENTED_EDGE ( 'NONE', *, *, #3158, .T. ) ;
#1972 = CYLINDRICAL_SURFACE ( 'NONE', #2043, 0.6500000000000000222 ) ;
#1973 = ORIENTED_EDGE ( 'NONE', *, *, #4448, .F. ) ;
#1974 = DIRECTION ( 'NONE',  ( 0.04285714285713625171, 0.000000000000000000, -0.9990812105660495934 ) ) ;
#1975 = DIRECTION ( 'NONE',  ( -0.9981747983939718294, 0.000000000000000000, -0.06039099147351189439 ) ) ;
#1976 = FACE_OUTER_BOUND ( 'NONE', #786, .T. ) ;
#1977 = DIRECTION ( 'NONE',  ( 0.000000000000000000, 0.000000000000000000, -1.000000000000000000 ) ) ;
#1978 = VECTOR ( 'NONE', #2830, 1000.000000000000114 ) ;
#1979 = CARTESIAN_POINT ( 'NONE',  ( 14.00000000000000000, 1.930000000000000160, 0.000000000000000000 ) ) ;
#1980 = FACE_OUTER_BOUND ( 'NONE', #4076, .T. ) ;
#1981 = CARTESIAN_POINT ( 'NONE',  ( 2.195077384050541980, 0.06287944886221126517, 2.497855025804288420 ) ) ;
#1982 = VECTOR ( 'NONE', #1603, 1000.000000000000000 ) ;
#1983 = DIRECTION ( 'NONE',  ( 0.000000000000000000, -1.000000000000000000, 0.000000000000000000 ) ) ;
#1984 = ORIENTED_EDGE ( 'NONE', *, *, #1484, .T. ) ;
#1985 = EDGE_CURVE ( 'NONE', #5315, #4549, #2181, .T. ) ;
#1986 = DIRECTION ( 'NONE',  ( -0.3519251759597360474, 0.000000000000000000, 0.9360281355417201521 ) ) ;
#1987 = EDGE_LOOP ( 'NONE', ( #3741, #200 ) ) ;
#1988 = AXIS2_PLACEMENT_3D ( 'NONE', #6435, #4680, #1594 ) ;
#1989 = EDGE_LOOP ( 'NONE', ( #1865, #6777, #2670, #2018, #2134, #5827 ) ) ;
#1990 = CARTESIAN_POINT ( 'NONE',  ( 2.439278249353160177, 2.050000000000000266, 2.405245050716230182 ) ) ;
#1991 = CARTESIAN_POINT ( 'NONE',  ( -4.250000000000000000, 0.1200000000000000094, -0.7699999999999999067 ) ) ;
#1992 = LINE ( 'NONE', #1068, #2893 ) ;
#1993 = ORIENTED_EDGE ( 'NONE', *, *, #3719, .T. ) ;
#1994 = EDGE_CURVE ( 'NONE', #6614, #1795, #4449, .T. ) ;
#1995 = DIRECTION ( 'NONE',  ( 0.000000000000000000, 1.000000000000000000, 0.000000000000000000 ) ) ;
#1996 = EDGE_CURVE ( 'NONE', #3773, #3656, #1207, .T. ) ;
#1997 = AXIS2_PLACEMENT_3D ( 'NONE', #1952, #857, #6792 ) ;
#1998 = DIRECTION ( 'NONE',  ( 0.000000000000000000, 0.000000000000000000, -1.000000000000000000 ) ) ;
#1999 = ADVANCED_FACE ( 'NONE', ( #1201 ), #3349, .F. ) ;
#2000 = DIRECTION ( 'NONE',  ( 0.000000000000000000, 1.000000000000000000, 0.000000000000000000 ) ) ;
#2001 = ORIENTED_EDGE ( 'NONE', *, *, #6393, .F. ) ;
#2002 = CARTESIAN_POINT ( 'NONE',  ( 2.164710469765285694, 0.04635172751233455901, -2.523822181866645753 ) ) ;
#2003 = FACE_OUTER_BOUND ( 'NONE', #448, .T. ) ;
#2004 = VECTOR ( 'NONE', #1298, 1000.000000000000000 ) ;
#2005 = ORIENTED_EDGE ( 'NONE', *, *, #6345, .T. ) ;
#2006 = CARTESIAN_POINT ( 'NONE',  ( 2.228777735894150069, 0.1200000000000000094, 2.626894517102379645 ) ) ;
#2007 = ORIENTED_EDGE ( 'NONE', *, *, #6920, .T. ) ;
#2008 = VECTOR ( 'NONE', #2532, 1000.000000000000114 ) ;
#2009 = FACE_OUTER_BOUND ( 'NONE', #1729, .T. ) ;
#2010 = DIRECTION ( 'NONE',  ( 1.000000000000000000, -0.000000000000000000, 1.224646799147353207E-16 ) ) ;
#2011 = DIRECTION ( 'NONE',  ( 0.000000000000000000, -1.000000000000000000, 0.000000000000000000 ) ) ;
#2012 = DIRECTION ( 'NONE',  ( 0.000000000000000000, 0.000000000000000000, 1.000000000000000000 ) ) ;
#2013 = DIRECTION ( 'NONE',  ( -0.2809916516221479532, 0.000000000000000000, -0.9597102123655126826 ) ) ;
#2014 = LINE ( 'NONE', #5264, #631 ) ;
#2015 = DIRECTION ( 'NONE',  ( 0.000000000000000000, -1.000000000000000000, 0.000000000000000000 ) ) ;
#2016 = CARTESIAN_POINT ( 'NONE',  ( -14.08571428571429962, 1.930000000000000160, 1.998162421132100075 ) ) ;
#2017 = VERTEX_POINT ( 'NONE', #2365 ) ;
#2018 = ORIENTED_EDGE ( 'NONE', *, *, #1727, .T. ) ;
#2019 = ORIENTED_EDGE ( 'NONE', *, *, #5015, .F. ) ;
#2020 = EDGE_CURVE ( 'NONE', #1283, #1251, #5617, .T. ) ;
#2021 = DIRECTION ( 'NONE',  ( 0.000000000000000000, 0.000000000000000000, 1.000000000000000000 ) ) ;
#2022 = DIRECTION ( 'NONE',  ( 0.000000000000000000, 0.000000000000000000, 1.000000000000000000 ) ) ;
#2023 = CARTESIAN_POINT ( 'NONE',  ( 4.071950607164949395E-16, -2.079999999999999627, -3.324999999999999734 ) ) ;
#2024 = ORIENTED_EDGE ( 'NONE', *, *, #6089, .F. ) ;
#2025 = PLANE ( 'NONE',  #997 ) ;
#2026 = DIRECTION ( 'NONE',  ( 0.000000000000000000, -1.000000000000000000, 0.000000000000000000 ) ) ;
#2027 = ORIENTED_EDGE ( 'NONE', *, *, #3794, .T. ) ;
#2028 = DIRECTION ( 'NONE',  ( 0.000000000000000000, -1.000000000000000000, 0.000000000000000000 ) ) ;
#2029 = VERTEX_POINT ( 'NONE', #4519 ) ;
#2030 = ADVANCED_FACE ( 'NONE', ( #6146 ), #5583, .T. ) ;
#2031 = DIRECTION ( 'NONE',  ( 0.000000000000000000, 0.000000000000000000, 1.000000000000000000 ) ) ;
#2032 = FACE_OUTER_BOUND ( 'NONE', #3430, .T. ) ;
#2033 = EDGE_CURVE ( 'NONE', #2725, #6275, #5545, .T. ) ;
#2034 = CIRCLE ( 'NONE', #3624, 0.7699999999999999067 ) ;
#2035 = ADVANCED_FACE ( 'NONE', ( #2330 ), #3952, .F. ) ;
#2036 = VERTEX_POINT ( 'NONE', #1314 ) ;
#2037 = CARTESIAN_POINT ( 'NONE',  ( 14.00000000000000000, 1.930000000000000160, 0.000000000000000000 ) ) ;
#2038 = CIRCLE ( 'NONE', #3501, 0.1199999999999998151 ) ;
#2039 = ORIENTED_EDGE ( 'NONE', *, *, #4447, .T. ) ;
#2040 = CARTESIAN_POINT ( 'NONE',  ( 4.250000000000000000, 2.050000000000000266, 0.7699999999999999067 ) ) ;
#2041 = VECTOR ( 'NONE', #1332, 1000.000000000000000 ) ;
#2042 = ORIENTED_EDGE ( 'NONE', *, *, #5436, .F. ) ;
#2043 = AXIS2_PLACEMENT_3D ( 'NONE', #6849, #3696, #324 ) ;
#2044 = EDGE_LOOP ( 'NONE', ( #5519, #477 ) ) ;
#2045 = FACE_OUTER_BOUND ( 'NONE', #3779, .T. ) ;
#2046 = CARTESIAN_POINT ( 'NONE',  ( -14.08571428571429962, 1.930000000000000160, -1.998162421132100075 ) ) ;
#2047 = DIRECTION ( 'NONE',  ( 0.000000000000000000, 0.000000000000000000, 1.000000000000000000 ) ) ;
#2048 = VECTOR ( 'NONE', #6022, 1000.000000000000000 ) ;
#2049 = EDGE_CURVE ( 'NONE', #6839, #513, #5011, .T. ) ;
#2050 = CARTESIAN_POINT ( 'NONE',  ( -2.440386317924569948, 0.5999999999999999778, -0.8969473893638170159 ) ) ;
#2051 = CARTESIAN_POINT ( 'NONE',  ( 0.8105767296299509761, 0.5999999999999999778, -2.627825215911899548 ) ) ;
#2052 = CARTESIAN_POINT ( 'NONE',  ( 12.25000000000000000, 0.000000000000000000, 0.000000000000000000 ) ) ;
#2053 = CIRCLE ( 'NONE', #6680, 2.100000000000000089 ) ;
#2054 = ORIENTED_EDGE ( 'NONE', *, *, #4404, .F. ) ;
#2055 = ORIENTED_EDGE ( 'NONE', *, *, #2078, .F. ) ;
#2056 = AXIS2_PLACEMENT_3D ( 'NONE', #3004, #183, #6713 ) ;
#2057 = ORIENTED_EDGE ( 'NONE', *, *, #97, .F. ) ;
#2058 = DIRECTION ( 'NONE',  ( 0.7243089475128166033, 0.000000000000000000, -0.6894755605189177849 ) ) ;
#2059 = DIRECTION ( 'NONE',  ( 0.000000000000000000, 0.000000000000000000, -1.000000000000000000 ) ) ;
#2060 = CARTESIAN_POINT ( 'NONE',  ( -2.190572461041352170, -0.002458606681410289204, -2.501411608222069649 ) ) ;
#2061 = AXIS2_PLACEMENT_3D ( 'NONE', #2451, #4463, #6726 ) ;
#2062 = ORIENTED_EDGE ( 'NONE', *, *, #1124, .F. ) ;
#2063 = PERSON_AND_ORGANIZATION_ROLE ( 'creator' ) ;
#2064 = CARTESIAN_POINT ( 'NONE',  ( -2.223634878751290067, 0.1200000000000000094, -2.507004771834460133 ) ) ;
#2065 = VECTOR ( 'NONE', #5810, 999.9999999999998863 ) ;
#2066 = EDGE_LOOP ( 'NONE', ( #4866, #1352, #4584, #868 ) ) ;
#2067 = CARTESIAN_POINT ( 'NONE',  ( -14.25000000000000000, 0.000000000000000000, -0.7699999999999999067 ) ) ;
#2068 = CARTESIAN_POINT ( 'NONE',  ( -1.193180282573270024, 0.000000000000000000, 2.477664386731659896 ) ) ;
#2069 = AXIS2_PLACEMENT_3D ( 'NONE', #4844, #3780, #4320 ) ;
#2070 = EDGE_CURVE ( 'NONE', #1517, #6935, #5158, .T. ) ;
#2071 = DIRECTION ( 'NONE',  ( 0.000000000000000000, 0.000000000000000000, 1.000000000000000000 ) ) ;
#2072 = EDGE_LOOP ( 'NONE', ( #5412, #3862, #178, #2982 ) ) ;
#2073 = CARTESIAN_POINT ( 'NONE',  ( -6.250000000000000000, 2.050000000000000266, 0.000000000000000000 ) ) ;
#2074 = EDGE_LOOP ( 'NONE', ( #5565, #883, #5268, #1755 ) ) ;
#2075 = AXIS2_PLACEMENT_3D ( 'NONE', #1158, #4445, #2217 ) ;
#2076 = ORIENTED_EDGE ( 'NONE', *, *, #604, .F. ) ;
#2077 = DIRECTION ( 'NONE',  ( -0.3786814106006911596, 0.000000000000000000, 0.9255270872672883842 ) ) ;
#2078 = EDGE_CURVE ( 'NONE', #2106, #4160, #6161, .T. ) ;
#2079 = CARTESIAN_POINT ( 'NONE',  ( 2.151101281907980223, 1.929999999999999938, -2.535426662114220964 ) ) ;
#2080 = EDGE_CURVE ( 'NONE', #5366, #4233, #6677, .T. ) ;
#2081 = EDGE_CURVE ( 'NONE', #3434, #1612, #6948, .T. ) ;
#2082 = DIRECTION ( 'NONE',  ( 0.000000000000000000, 1.000000000000000000, 0.000000000000000000 ) ) ;
#2083 = DIRECTION ( 'NONE',  ( 0.000000000000000000, -1.000000000000000000, 0.000000000000000000 ) ) ;
#2084 = VECTOR ( 'NONE', #1134, 1000.000000000000227 ) ;
#2085 = CARTESIAN_POINT ( 'NONE',  ( 0.000000000000000000, 0.5999999999999999778, -2.750000000000000000 ) ) ;
#2086 = ORIENTED_EDGE ( 'NONE', *, *, #1310, .F. ) ;
#2087 = ORIENTED_EDGE ( 'NONE', *, *, #5365, .T. ) ;
#2088 = AXIS2_PLACEMENT_3D ( 'NONE', #3566, #5232, #5731 ) ;
#2089 = ORIENTED_EDGE ( 'NONE', *, *, #3883, .T. ) ;
#2090 = CARTESIAN_POINT ( 'NONE',  ( 0.000000000000000000, -0.1200000000000000094, 0.000000000000000000 ) ) ;
#2091 = CARTESIAN_POINT ( 'NONE',  ( -0.4098662319844609825, 0.5999999999999999778, 2.719284772119110016 ) ) ;
#2092 = CIRCLE ( 'NONE', #2886, 0.1199999999999998845 ) ;
#2093 = FACE_OUTER_BOUND ( 'NONE', #3815, .T. ) ;
#2094 = ORIENTED_EDGE ( 'NONE', *, *, #2724, .T. ) ;
#2095 = DATE_TIME_ROLE ( 'classification_date' ) ;
#2096 = CARTESIAN_POINT ( 'NONE',  ( -2.225064786792108062, -0.04522725431313241728, -2.471002970081288996 ) ) ;
#2097 = CIRCLE ( 'NONE', #2211, 3.324999999999999734 ) ;
#2098 = ORIENTED_EDGE ( 'NONE', *, *, #4794, .T. ) ;
#2099 = CARTESIAN_POINT ( 'NONE',  ( 2.032268409600510140, -2.200000000000000178, -0.5290416914949120919 ) ) ;
#2100 = CARTESIAN_POINT ( 'NONE',  ( -14.08571428571429962, 2.050000000000000266, 1.998162421132100075 ) ) ;
#2101 = CIRCLE ( 'NONE', #5724, 0.1199999999999999678 ) ;
#2102 = ORIENTED_EDGE ( 'NONE', *, *, #2519, .T. ) ;
#2103 = CARTESIAN_POINT ( 'NONE',  ( -1.549130159674960039, 0.5999999999999999778, -2.272156629368980330 ) ) ;
#2104 = CARTESIAN_POINT ( 'NONE',  ( -0.8105767296299890567, 0.5999999999999999778, -2.627825215911889778 ) ) ;
#2105 = VECTOR ( 'NONE', #4974, 1000.000000000000000 ) ;
#2106 = VERTEX_POINT ( 'NONE', #2748 ) ;
#2107 = EDGE_CURVE ( 'NONE', #4192, #4549, #6520, .T. ) ;
#2108 = ORIENTED_EDGE ( 'NONE', *, *, #4925, .T. ) ;
#2109 = CARTESIAN_POINT ( 'NONE',  ( -2.223634878751290067, 0.1200000000000000094, 2.507004771834460133 ) ) ;
#2110 = CARTESIAN_POINT ( 'NONE',  ( 1.601467981016760023, -2.200000000000000178, 1.358418310307279997 ) ) ;
#2111 = AXIS2_PLACEMENT_3D ( 'NONE', #467, #6855, #1784 ) ;
#2112 = DIRECTION ( 'NONE',  ( 0.000000000000000000, -1.000000000000000000, 0.000000000000000000 ) ) ;
#2113 = DIRECTION ( 'NONE',  ( -0.9597102123655126826, 0.000000000000000000, 0.2809916516221479532 ) ) ;
#2114 = ADVANCED_FACE ( 'NONE', ( #1642 ), #1192, .F. ) ;
#2115 = AXIS2_PLACEMENT_3D ( 'NONE', #6201, #1927, #4713 ) ;
#2116 = EDGE_CURVE ( 'NONE', #5855, #2468, #141, .T. ) ;
#2117 = CARTESIAN_POINT ( 'NONE',  ( 0.7654626712879010197, 0.000000000000000000, -2.569555337238609738 ) ) ;
#2118 = EDGE_CURVE ( 'NONE', #4380, #5078, #3828, .T. ) ;
#2119 = DIRECTION ( 'NONE',  ( 0.000000000000000000, -1.000000000000000000, 0.000000000000000000 ) ) ;
#2120 = ORIENTED_EDGE ( 'NONE', *, *, #4715, .F. ) ;
#2121 = LOCAL_TIME ( 13, 13, 12.00000000000000000, #3688 ) ;
#2122 = EDGE_LOOP ( 'NONE', ( #3944, #1391, #2566, #6293 ) ) ;
#2123 = ORIENTED_EDGE ( 'NONE', *, *, #1872, .T. ) ;
#2124 = CARTESIAN_POINT ( 'NONE',  ( 2.237085513683249705, 1.969347400333449682, 2.501136137133439963 ) ) ;
#2125 = DIRECTION ( 'NONE',  ( -0.9865867320159805720, 0.000000000000000000, 0.1632379251584249180 ) ) ;
#2126 = DIRECTION ( 'NONE',  ( 0.000000000000000000, 1.000000000000000000, 0.000000000000000000 ) ) ;
#2127 = ORIENTED_EDGE ( 'NONE', *, *, #1690, .T. ) ;
#2128 = PERSON_AND_ORGANIZATION ( #3525, #887 ) ;
#2129 = CARTESIAN_POINT ( 'NONE',  ( 0.000000000000000000, 0.000000000000000000, 0.000000000000000000 ) ) ;
#2130 = ORIENTED_EDGE ( 'NONE', *, *, #4368, .T. ) ;
#2131 = CARTESIAN_POINT ( 'NONE',  ( 2.151142517227300210, 0.1200000000000000094, -2.535391660193160313 ) ) ;
#2132 = CARTESIAN_POINT ( 'NONE',  ( 2.177424789401479988, 2.031029067152668510, 2.512862420389162299 ) ) ;
#2133 = EDGE_CURVE ( 'NONE', #2928, #2913, #3305, .T. ) ;
#2134 = ORIENTED_EDGE ( 'NONE', *, *, #6476, .T. ) ;
#2135 = CARTESIAN_POINT ( 'NONE',  ( -2.223634878751290067, 2.050000000000000266, -2.507004771834460133 ) ) ;
#2136 = CYLINDRICAL_SURFACE ( 'NONE', #597, 2.100000000000000089 ) ;
#2137 = CIRCLE ( 'NONE', #244, 0.1199999999999999956 ) ;
#2138 = ORIENTED_EDGE ( 'NONE', *, *, #2294, .T. ) ;
#2139 = ORIENTED_EDGE ( 'NONE', *, *, #6038, .T. ) ;
#2140 = TOROIDAL_SURFACE ( 'NONE', #125, 0.7699999999999999067, 0.1200000000000000094 ) ;
#2141 = DIRECTION ( 'NONE',  ( -1.000000000000000000, 0.000000000000000000, 0.000000000000000000 ) ) ;
#2142 = CARTESIAN_POINT ( 'NONE',  ( -2.088419223178580086, 0.5999999999999999778, 0.2202388436633280211 ) ) ;
#2143 = CARTESIAN_POINT ( 'NONE',  ( -2.201373494853030355, 2.071068324484830026, -2.492026715981311646 ) ) ;
#2144 = CIRCLE ( 'NONE', #575, 0.1199999999999999956 ) ;
#2145 = LINE ( 'NONE', #2219, #5608 ) ;
#2146 = DIRECTION ( 'NONE',  ( 0.000000000000000000, -1.000000000000000000, 0.000000000000000000 ) ) ;
#2147 = ORIENTED_EDGE ( 'NONE', *, *, #4677, .T. ) ;
#2148 = AXIS2_PLACEMENT_3D ( 'NONE', #2462, #5142, #316 ) ;
#2149 = AXIS2_PLACEMENT_3D ( 'NONE', #1237, #5963, #3278 ) ;
#2150 = EDGE_CURVE ( 'NONE', #6187, #1590, #703, .T. ) ;
#2151 = EDGE_CURVE ( 'NONE', #761, #1646, #72, .T. ) ;
#2152 = ORIENTED_EDGE ( 'NONE', *, *, #3674, .F. ) ;
#2153 = EDGE_CURVE ( 'NONE', #4461, #4779, #4578, .T. ) ;
#2154 = ORIENTED_EDGE ( 'NONE', *, *, #5320, .F. ) ;
#2155 = CARTESIAN_POINT ( 'NONE',  ( 0.000000000000000000, -13.80452018978109940, 3.324999999999999734 ) ) ;
#2156 = FACE_OUTER_BOUND ( 'NONE', #3267, .T. ) ;
#2157 = CIRCLE ( 'NONE', #5674, 0.7699999999999999067 ) ;
#2158 = CARTESIAN_POINT ( 'NONE',  ( -14.08057142857140143, 1.930000000000000160, -1.878272675864170127 ) ) ;
#2159 = EDGE_LOOP ( 'NONE', ( #4769, #4080, #4733, #1293, #5479, #6228 ) ) ;
#2160 = EDGE_CURVE ( 'NONE', #5238, #6788, #5597, .T. ) ;
#2161 = VERTEX_POINT ( 'NONE', #5498 ) ;
#2162 = DIRECTION ( 'NONE',  ( 0.000000000000000000, 0.000000000000000000, 1.000000000000000000 ) ) ;
#2163 = AXIS2_PLACEMENT_3D ( 'NONE', #4093, #2968, #5614 ) ;
#2164 = ADVANCED_FACE ( 'NONE', ( #4931 ), #2815, .F. ) ;
#2165 = VERTEX_POINT ( 'NONE', #3375 ) ;
#2166 = CARTESIAN_POINT ( 'NONE',  ( 14.08057142857140143, 0.000000000000000000, -1.878272675864170127 ) ) ;
#2167 = LINE ( 'NONE', #5348, #6978 ) ;
#2168 = AXIS2_PLACEMENT_3D ( 'NONE', #591, #2173, #2779 ) ;
#2169 = VERTEX_POINT ( 'NONE', #630 ) ;
#2170 = AXIS2_PLACEMENT_3D ( 'NONE', #5702, #5634, #5599 ) ;
#2171 = DIRECTION ( 'NONE',  ( -0.9990812105660493714, 0.000000000000000000, -0.04285714285714280897 ) ) ;
#2172 = EDGE_CURVE ( 'NONE', #6235, #6195, #2439, .T. ) ;
#2173 = DIRECTION ( 'NONE',  ( 0.000000000000000000, 1.000000000000000000, 0.000000000000000000 ) ) ;
#2174 = ORIENTED_EDGE ( 'NONE', *, *, #6954, .T. ) ;
#2175 = CIRCLE ( 'NONE', #3193, 2.100000000000000089 ) ;
#2176 = ORIENTED_EDGE ( 'NONE', *, *, #2989, .T. ) ;
#2177 = CARTESIAN_POINT ( 'NONE',  ( 4.250000000000000000, 1.930000000000000160, 0.7699999999999999067 ) ) ;
#2178 = PLANE ( 'NONE',  #1834 ) ;
#2179 = LINE ( 'NONE', #5924, #6914 ) ;
#2180 = AXIS2_PLACEMENT_3D ( 'NONE', #5358, #4108, #4334 ) ;
#2181 = LINE ( 'NONE', #116, #3342 ) ;
#2182 = CYLINDRICAL_SURFACE ( 'NONE', #2254, 2.600000000000000089 ) ;
#2183 = ORIENTED_EDGE ( 'NONE', *, *, #789, .F. ) ;
#2184 = FACE_OUTER_BOUND ( 'NONE', #633, .T. ) ;
#2185 = ORIENTED_EDGE ( 'NONE', *, *, #5725, .T. ) ;
#2186 = VERTEX_POINT ( 'NONE', #4330 ) ;
#2187 = CARTESIAN_POINT ( 'NONE',  ( 6.250000000000000000, -2.200000000000000178, 0.6500000000000000222 ) ) ;
#2188 = DIRECTION ( 'NONE',  ( 0.000000000000000000, 0.000000000000000000, 1.000000000000000000 ) ) ;
#2189 = AXIS2_PLACEMENT_3D ( 'NONE', #4113, #5740, #5207 ) ;
#2190 = DIRECTION ( 'NONE',  ( 0.000000000000000000, -1.000000000000000000, 0.000000000000000000 ) ) ;
#2191 = EDGE_CURVE ( 'NONE', #210, #4771, #4967, .T. ) ;
#2192 = VERTEX_POINT ( 'NONE', #2283 ) ;
#2193 = MECHANICAL_CONTEXT ( 'NONE', #704, 'mechanical' ) ;
#2194 = ORIENTED_EDGE ( 'NONE', *, *, #3382, .F. ) ;
#2195 = CIRCLE ( 'NONE', #3669, 2.600000000000000089 ) ;
#2196 = CARTESIAN_POINT ( 'NONE',  ( -2.408327250480109871, -0.1200000000000000094, 2.292506238725410039 ) ) ;
#2197 = ORIENTED_EDGE ( 'NONE', *, *, #4752, .F. ) ;
#2198 = ORIENTED_EDGE ( 'NONE', *, *, #4198, .F. ) ;
#2199 = DIRECTION ( 'NONE',  ( 0.000000000000000000, -1.000000000000000000, 0.000000000000000000 ) ) ;
#2200 = CARTESIAN_POINT ( 'NONE',  ( 0.000000000000000000, 0.5999999999999999778, 0.000000000000000000 ) ) ;
#2201 = CARTESIAN_POINT ( 'NONE',  ( 1.870475028870050016, -2.200000000000000178, 2.015892647532010251 ) ) ;
#2202 = ADVANCED_FACE ( 'NONE', ( #6065 ), #4440, .F. ) ;
#2203 = EDGE_CURVE ( 'NONE', #5118, #3160, #5258, .T. ) ;
#2204 = ORIENTED_EDGE ( 'NONE', *, *, #6828, .F. ) ;
#2205 = ADVANCED_FACE ( 'NONE', ( #3943 ), #1266, .F. ) ;
#2206 = VECTOR ( 'NONE', #6411, 1000.000000000000000 ) ;
#2207 = CARTESIAN_POINT ( 'NONE',  ( 0.000000000000000000, 0.5999999999999999778, 0.000000000000000000 ) ) ;
#2208 = DIRECTION ( 'NONE',  ( 0.000000000000000000, -1.000000000000000000, 0.000000000000000000 ) ) ;
#2209 = VERTEX_POINT ( 'NONE', #6483 ) ;
#2210 = CARTESIAN_POINT ( 'NONE',  ( 4.250000000000000000, -2.200000000000000178, 0.000000000000000000 ) ) ;
#2211 = AXIS2_PLACEMENT_3D ( 'NONE', #3260, #3937, #6087 ) ;
#2212 = ADVANCED_FACE ( 'NONE', ( #5038 ), #3671, .T. ) ;
#2213 = EDGE_LOOP ( 'NONE', ( #496, #1699 ) ) ;
#2214 = CARTESIAN_POINT ( 'NONE',  ( 0.000000000000000000, 2.169999999999999929, 0.000000000000000000 ) ) ;
#2215 = AXIS2_PLACEMENT_3D ( 'NONE', #6825, #5804, #4767 ) ;
#2216 = CARTESIAN_POINT ( 'NONE',  ( 2.222372219136105720, -0.04092672836643156814, 2.473238736395278803 ) ) ;
#2217 = DIRECTION ( 'NONE',  ( 0.000000000000000000, 0.000000000000000000, 1.000000000000000000 ) ) ;
#2218 = FACE_OUTER_BOUND ( 'NONE', #5132, .T. ) ;
#2219 = CARTESIAN_POINT ( 'NONE',  ( -0.4098662319844609825, 0.000000000000000000, 2.719284772119110016 ) ) ;
#2220 = VECTOR ( 'NONE', #2406, 999.9999999999998863 ) ;
#2221 = FACE_OUTER_BOUND ( 'NONE', #274, .T. ) ;
#2222 = ORIENTED_EDGE ( 'NONE', *, *, #3970, .F. ) ;
#2223 = CARTESIAN_POINT ( 'NONE',  ( 0.000000000000000000, 0.000000000000000000, 0.000000000000000000 ) ) ;
#2224 = ORIENTED_EDGE ( 'NONE', *, *, #4629, .T. ) ;
#2225 = AXIS2_PLACEMENT_3D ( 'NONE', #6236, #869, #4574 ) ;
#2226 = CARTESIAN_POINT ( 'NONE',  ( 4.250000000000000000, 1.930000000000000160, 0.000000000000000000 ) ) ;
#2227 = DIRECTION ( 'NONE',  ( 0.000000000000000000, 1.000000000000000000, 0.000000000000000000 ) ) ;
#2228 = CARTESIAN_POINT ( 'NONE',  ( 0.000000000000000000, 2.350000000000000089, 2.274999999999999911 ) ) ;
#2229 = ORIENTED_EDGE ( 'NONE', *, *, #4748, .F. ) ;
#2230 = SECURITY_CLASSIFICATION ( '', '', #4778 ) ;
#2231 = VERTEX_POINT ( 'NONE', #3796 ) ;
#2232 = CARTESIAN_POINT ( 'NONE',  ( -2.161544889411490811, 0.05522773124135189893, 2.526531202637218865 ) ) ;
#2233 = ORIENTED_EDGE ( 'NONE', *, *, #5146, .F. ) ;
#2234 = EDGE_CURVE ( 'NONE', #513, #1886, #5074, .T. ) ;
#2235 = ORIENTED_EDGE ( 'NONE', *, *, #505, .F. ) ;
#2236 = CARTESIAN_POINT ( 'NONE',  ( -2.032268409600519909, -2.200000000000000178, -0.5290416914948840033 ) ) ;
#2237 = DIRECTION ( 'NONE',  ( 0.9597102123655125716, 0.000000000000000000, -0.2809916516221479532 ) ) ;
#2238 = CARTESIAN_POINT ( 'NONE',  ( -0.3756907751836790488, 0.000000000000000000, -2.066121110061530430 ) ) ;
#2239 = AXIS2_PLACEMENT_3D ( 'NONE', #1757, #3948, #2890 ) ;
#2240 = EDGE_LOOP ( 'NONE', ( #172, #759, #1453, #4402 ) ) ;
#2241 = DIRECTION ( 'NONE',  ( 0.04285714285714280897, 0.000000000000000000, 0.9990812105660493714 ) ) ;
#2242 = LINE ( 'NONE', #2638, #1588 ) ;
#2243 = EDGE_CURVE ( 'NONE', #5606, #4115, #1194, .T. ) ;
#2244 = DIRECTION ( 'NONE',  ( 0.6121892641637280974, 0.000000000000000000, -0.7907112651547801851 ) ) ;
#2245 = ADVANCED_FACE ( 'NONE', ( #4051 ), #6537, .F. ) ;
#2246 = ORIENTED_EDGE ( 'NONE', *, *, #5105, .F. ) ;
#2247 = ADVANCED_FACE ( 'NONE', ( #5607, #4019, #320, #6171, #3551, #6276, #6136 ), #5642, .F. ) ;
#2248 = DIRECTION ( 'NONE',  ( 0.000000000000000000, -1.000000000000000000, 0.000000000000000000 ) ) ;
#2249 = ORIENTED_EDGE ( 'NONE', *, *, #1906, .T. ) ;
#2250 = DIRECTION ( 'NONE',  ( -0.2365091976266340545, 0.000000000000000000, -0.9716292499909652269 ) ) ;
#2251 = CARTESIAN_POINT ( 'NONE',  ( -2.151413617528613820, 1.968386617581533660, 2.535161646269173730 ) ) ;
#2252 = CARTESIAN_POINT ( 'NONE',  ( 2.742310442248239610, -2.200000000000000178, -0.2055077573626959975 ) ) ;
#2253 = DIRECTION ( 'NONE',  ( -0.7232010147388857613, 0.000000000000000000, -0.6906375983688158859 ) ) ;
#2254 = AXIS2_PLACEMENT_3D ( 'NONE', #676, #5431, #4942 ) ;
#2255 = DIRECTION ( 'NONE',  ( 0.000000000000000000, 1.000000000000000000, 0.000000000000000000 ) ) ;
#2256 = CIRCLE ( 'NONE', #3164, 2.100000000000000089 ) ;
#2257 = DIRECTION ( 'NONE',  ( 1.000000000000000000, -0.000000000000000000, 1.224646799147353207E-16 ) ) ;
#2258 = EDGE_LOOP ( 'NONE', ( #4648, #6780, #2123, #2964 ) ) ;
#2259 = DIRECTION ( 'NONE',  ( -0.9908706747644355772, 0.000000000000000000, -0.1348158221125109468 ) ) ;
#2260 = EDGE_CURVE ( 'NONE', #6844, #3701, #5715, .T. ) ;
#2261 = ORIENTED_EDGE ( 'NONE', *, *, #4070, .F. ) ;
#2262 = CIRCLE ( 'NONE', #3951, 2.100000000000000089 ) ;
#2263 = VECTOR ( 'NONE', #2237, 1000.000000000000114 ) ;
#2264 = CARTESIAN_POINT ( 'NONE',  ( 0.000000000000000000, -2.200000000000000178, 0.000000000000000000 ) ) ;
#2265 = DIRECTION ( 'NONE',  ( -0.5123945066141353255, 0.000000000000000000, -0.8587501788015283744 ) ) ;
#2266 = CARTESIAN_POINT ( 'NONE',  ( 0.000000000000000000, 0.000000000000000000, 0.000000000000000000 ) ) ;
#2267 = VECTOR ( 'NONE', #2250, 1000.000000000000227 ) ;
#2268 = ORIENTED_EDGE ( 'NONE', *, *, #6106, .F. ) ;
#2269 = ORIENTED_EDGE ( 'NONE', *, *, #6569, .F. ) ;
#2270 = DIRECTION ( 'NONE',  ( 0.000000000000000000, 0.000000000000000000, 1.000000000000000000 ) ) ;
#2271 = ORIENTED_EDGE ( 'NONE', *, *, #3794, .F. ) ;
#2272 = AXIS2_PLACEMENT_3D ( 'NONE', #5528, #696, #247 ) ;
#2273 = VERTEX_POINT ( 'NONE', #5749 ) ;
#2274 = DIRECTION ( 'NONE',  ( 0.000000000000000000, 1.000000000000000000, 0.000000000000000000 ) ) ;
#2275 = DIRECTION ( 'NONE',  ( 0.000000000000000000, 0.000000000000000000, 1.000000000000000000 ) ) ;
#2276 = DIRECTION ( 'NONE',  ( 0.000000000000000000, -1.000000000000000000, 0.000000000000000000 ) ) ;
#2277 = VERTEX_POINT ( 'NONE', #4120 ) ;
#2278 = CARTESIAN_POINT ( 'NONE',  ( 10.25000000000000000, 1.930000000000000160, 0.000000000000000000 ) ) ;
#2279 = TOROIDAL_SURFACE ( 'NONE', #2729, 0.7699999999999999067, 0.1200000000000000094 ) ;
#2280 = CARTESIAN_POINT ( 'NONE',  ( -0.4098662319844609825, 0.5999999999999999778, 2.719284772119110016 ) ) ;
#2281 = LINE ( 'NONE', #5458, #5224 ) ;
#2282 = ORIENTED_EDGE ( 'NONE', *, *, #789, .T. ) ;
#2283 = CARTESIAN_POINT ( 'NONE',  ( 6.250000000000000000, 1.930000000000000160, 0.6500000000000000222 ) ) ;
#2284 = VECTOR ( 'NONE', #5960, 1000.000000000000000 ) ;
#2285 = AXIS2_PLACEMENT_3D ( 'NONE', #2951, #6730, #1960 ) ;
#2286 = VERTEX_POINT ( 'NONE', #6775 ) ;
#2287 = ADVANCED_FACE ( 'NONE', ( #3444 ), #3033, .F. ) ;
#2288 = CARTESIAN_POINT ( 'NONE',  ( 1.549130159674929841, -2.200000000000000178, -2.272156629369010084 ) ) ;
#2289 = CARTESIAN_POINT ( 'NONE',  ( -14.08057142857140143, 1.930000000000000160, -1.878272675864170127 ) ) ;
#2290 = LINE ( 'NONE', #4971, #3524 ) ;
#2291 = CARTESIAN_POINT ( 'NONE',  ( -2.151120578021740393, 1.930000000000001048, -2.535410278945309681 ) ) ;
#2292 = VECTOR ( 'NONE', #3512, 1000.000000000000114 ) ;
#2293 = CARTESIAN_POINT ( 'NONE',  ( 2.742310442248239610, 0.5999999999999999778, -0.2055077573626959975 ) ) ;
#2294 = EDGE_CURVE ( 'NONE', #4305, #977, #3586, .T. ) ;
#2295 = EDGE_CURVE ( 'NONE', #6943, #6217, #5925, .T. ) ;
#2296 = CARTESIAN_POINT ( 'NONE',  ( -2.681051758500009985, 0.5999999999999999778, 0.6119325683798749749 ) ) ;
#2297 = VERTEX_POINT ( 'NONE', #774 ) ;
#2298 = EDGE_CURVE ( 'NONE', #1034, #4, #3118, .T. ) ;
#2299 = AXIS2_PLACEMENT_3D ( 'NONE', #4716, #1510, #1540 ) ;
#2300 = DIRECTION ( 'NONE',  ( 2.930988785010409480E-14, 0.000000000000000000, 1.000000000000000000 ) ) ;
#2301 = EDGE_LOOP ( 'NONE', ( #608, #6689, #1852, #3035 ) ) ;
#2302 = CYLINDRICAL_SURFACE ( 'NONE', #1959, 2.274999999999999911 ) ;
#2303 = CARTESIAN_POINT ( 'NONE',  ( -8.250000000000000000, 0.1200000000000000094, 0.000000000000000000 ) ) ;
#2304 = EDGE_CURVE ( 'NONE', #2552, #1590, #5026, .T. ) ;
#2305 = ORIENTED_EDGE ( 'NONE', *, *, #1353, .F. ) ;
#2306 = ORIENTED_EDGE ( 'NONE', *, *, #5666, .T. ) ;
#2307 = DIRECTION ( 'NONE',  ( 0.000000000000000000, 0.000000000000000000, 1.000000000000000000 ) ) ;
#2308 = ORIENTED_EDGE ( 'NONE', *, *, #2116, .F. ) ;
#2309 = ORIENTED_EDGE ( 'NONE', *, *, #4830, .F. ) ;
#2310 = DIRECTION ( 'NONE',  ( 0.08905375999726938829, 0.000000000000000000, -0.9960268208388509681 ) ) ;
#2311 = CARTESIAN_POINT ( 'NONE',  ( -2.164710469765275036, 2.003648272486579618, -2.523822181866655079 ) ) ;
#2312 = CARTESIAN_POINT ( 'NONE',  ( -2.276541277376330275, 0.04955082855548800097, -2.483406930441719673 ) ) ;
#2313 = EDGE_LOOP ( 'NONE', ( #5886, #6026, #1050, #6693, #1968, #4329 ) ) ;
#2314 = CARTESIAN_POINT ( 'NONE',  ( 0.8105767296299509761, -2.200000000000000178, -2.627825215911899548 ) ) ;
#2315 = CIRCLE ( 'NONE', #1304, 0.6500000000000000222 ) ;
#2316 = FACE_OUTER_BOUND ( 'NONE', #5130, .T. ) ;
#2317 = DIRECTION ( 'NONE',  ( 0.000000000000000000, 1.000000000000000000, 0.000000000000000000 ) ) ;
#2318 = ORIENTED_EDGE ( 'NONE', *, *, #3041, .T. ) ;
#2319 = CARTESIAN_POINT ( 'NONE',  ( -2.150036576787090148, 0.5999999999999999778, -1.714596955111509891 ) ) ;
#2320 = AXIS2_PLACEMENT_3D ( 'NONE', #1219, #169, #5378 ) ;
#2321 = EDGE_LOOP ( 'NONE', ( #63, #4565, #6279, #862 ) ) ;
#2322 = CARTESIAN_POINT ( 'NONE',  ( 2.559902808771549854, 0.000000000000000000, -1.004687817007609896 ) ) ;
#2323 = CARTESIAN_POINT ( 'NONE',  ( -1.680720077974430016, 0.000000000000000000, 1.259039324045770014 ) ) ;
#2324 = CARTESIAN_POINT ( 'NONE',  ( 2.312423058771015061, -0.1009977278011009033, 2.389282901191957631 ) ) ;
#2325 = CYLINDRICAL_SURFACE ( 'NONE', #2417, 2.100000000000000089 ) ;
#2326 = DIRECTION ( 'NONE',  ( 0.000000000000000000, -1.000000000000000000, 0.000000000000000000 ) ) ;
#2327 = CIRCLE ( 'NONE', #4027, 0.1199999999999999956 ) ;
#2328 = EDGE_CURVE ( 'NONE', #3151, #2346, #6490, .T. ) ;
#2329 = ORIENTED_EDGE ( 'NONE', *, *, #3419, .F. ) ;
#2330 = FACE_OUTER_BOUND ( 'NONE', #4072, .T. ) ;
#2331 = AXIS2_PLACEMENT_3D ( 'NONE', #506, #966, #930 ) ;
#2332 = CARTESIAN_POINT ( 'NONE',  ( 0.4098662319845000068, 0.000000000000000000, 2.719284772119100246 ) ) ;
#2333 = CARTESIAN_POINT ( 'NONE',  ( 1.930720077974440008, -2.200000000000000178, 0.8260266221535249587 ) ) ;
#2334 = DIRECTION ( 'NONE',  ( 0.000000000000000000, 0.000000000000000000, 1.000000000000000000 ) ) ;
#2335 = ORIENTED_EDGE ( 'NONE', *, *, #5875, .T. ) ;
#2336 = EDGE_CURVE ( 'NONE', #1009, #1678, #5144, .T. ) ;
#2337 = EDGE_CURVE ( 'NONE', #1954, #4880, #2092, .T. ) ;
#2338 = EDGE_CURVE ( 'NONE', #4189, #5768, #4749, .T. ) ;
#2339 = VECTOR ( 'NONE', #135, 1000.000000000000114 ) ;
#2340 = DIRECTION ( 'NONE',  ( 1.000000000000000000, -0.000000000000000000, 1.224646799147353207E-16 ) ) ;
#2341 = DIRECTION ( 'NONE',  ( 0.3519251759597359919, 0.000000000000000000, 0.9360281355417200411 ) ) ;
#2342 = ORIENTED_EDGE ( 'NONE', *, *, #6046, .T. ) ;
#2343 = AXIS2_PLACEMENT_3D ( 'NONE', #5245, #4649, #6805 ) ;
#2344 = EDGE_LOOP ( 'NONE', ( #6418, #5554, #3607, #4953 ) ) ;
#2345 = CARTESIAN_POINT ( 'NONE',  ( -2.252341439070861817, 0.006877986795171449515, 2.446354157397161000 ) ) ;
#2346 = VERTEX_POINT ( 'NONE', #2067 ) ;
#2347 = EDGE_LOOP ( 'NONE', ( #902, #1106, #270, #126 ) ) ;
#2348 = DIRECTION ( 'NONE',  ( 0.000000000000000000, 0.000000000000000000, -1.000000000000000000 ) ) ;
#2349 = CARTESIAN_POINT ( 'NONE',  ( -2.199896280057800801, 2.065853795230592649, -2.493251706488939679 ) ) ;
#2350 = PLANE ( 'NONE',  #6043 ) ;
#2351 = VERTEX_POINT ( 'NONE', #2099 ) ;
#2352 = CARTESIAN_POINT ( 'NONE',  ( -2.495244324181649542, 0.000000000000000000, -2.375243305987679854 ) ) ;
#2353 = CARTESIAN_POINT ( 'NONE',  ( 2.150036576787059950, 0.5999999999999999778, -1.714596955111539867 ) ) ;
#2354 = DIRECTION ( 'NONE',  ( 0.000000000000000000, 0.000000000000000000, -1.000000000000000000 ) ) ;
#2355 = DIRECTION ( 'NONE',  ( 0.000000000000000000, 1.000000000000000000, 0.000000000000000000 ) ) ;
#2356 = ADVANCED_FACE ( 'NONE', ( #6845 ), #3691, .F. ) ;
#2357 = ORIENTED_EDGE ( 'NONE', *, *, #3792, .T. ) ;
#2358 = DIRECTION ( 'NONE',  ( 0.000000000000000000, -1.000000000000000000, 0.000000000000000000 ) ) ;
#2359 = AXIS2_PLACEMENT_3D ( 'NONE', #4719, #3587, #5750 ) ;
#2360 = ORIENTED_EDGE ( 'NONE', *, *, #1537, .T. ) ;
#2361 = LINE ( 'NONE', #2400, #3273 ) ;
#2362 = CARTESIAN_POINT ( 'NONE',  ( 2.262347271942923399, -0.07355959012796756125, 2.436751543193998337 ) ) ;
#2363 = CARTESIAN_POINT ( 'NONE',  ( 0.000000000000000000, -2.200000000000000178, 1.375000000000000000 ) ) ;
#2364 = DIRECTION ( 'NONE',  ( 0.000000000000000000, 0.000000000000000000, 1.000000000000000000 ) ) ;
#2365 = CARTESIAN_POINT ( 'NONE',  ( 1.930720077974440008, 0.000000000000000000, 0.8260266221535239595 ) ) ;
#2366 = DIRECTION ( 'NONE',  ( 0.000000000000000000, 0.000000000000000000, 1.000000000000000000 ) ) ;
#2367 = DIRECTION ( 'NONE',  ( 0.000000000000000000, -1.000000000000000000, 0.000000000000000000 ) ) ;
#2368 = CARTESIAN_POINT ( 'NONE',  ( 3.252606517456509851E-16, -2.200000000000000178, -2.750000000000000000 ) ) ;
#2369 = EDGE_LOOP ( 'NONE', ( #3139, #3980, #176, #3999 ) ) ;
#2370 = CIRCLE ( 'NONE', #2484, 0.1200000000000001760 ) ;
#2371 = AXIS2_PLACEMENT_3D ( 'NONE', #2846, #1825, #4999 ) ;
#2372 = LINE ( 'NONE', #5513, #5133 ) ;
#2373 = CARTESIAN_POINT ( 'NONE',  ( 0.000000000000000000, 2.050000000000000266, 0.000000000000000000 ) ) ;
#2374 = ORIENTED_EDGE ( 'NONE', *, *, #3985, .T. ) ;
#2375 = ADVANCED_FACE ( 'NONE', ( #5250 ), #5347, .F. ) ;
#2376 = ADVANCED_FACE ( 'NONE', ( #1013 ), #1754, .T. ) ;
#2377 = AXIS2_PLACEMENT_3D ( 'NONE', #1944, #6215, #5123 ) ;
#2378 = EDGE_LOOP ( 'NONE', ( #617, #3426, #5850, #6973 ) ) ;
#2379 = CIRCLE ( 'NONE', #919, 0.6500000000000000222 ) ;
#2380 = CARTESIAN_POINT ( 'NONE',  ( 2.237262477650820092, 1.969501085018899644, -2.501056944821399508 ) ) ;
#2381 = ORIENTED_EDGE ( 'NONE', *, *, #827, .T. ) ;
#2382 = VERTEX_POINT ( 'NONE', #3620 ) ;
#2383 = DIRECTION ( 'NONE',  ( 0.000000000000000000, -1.000000000000000000, 0.000000000000000000 ) ) ;
#2384 = DIRECTION ( 'NONE',  ( 0.000000000000000000, 1.000000000000000000, 0.000000000000000000 ) ) ;
#2385 = VECTOR ( 'NONE', #145, 1000.000000000000000 ) ;
#2386 = CARTESIAN_POINT ( 'NONE',  ( 0.000000000000000000, 1.449999999999999956, 1.375000000000000000 ) ) ;
#2387 = ORIENTED_EDGE ( 'NONE', *, *, #6871, .T. ) ;
#2388 = EDGE_CURVE ( 'NONE', #6217, #1071, #2659, .T. ) ;
#2389 = DIRECTION ( 'NONE',  ( 0.000000000000000000, 1.000000000000000000, 0.000000000000000000 ) ) ;
#2390 = EDGE_CURVE ( 'NONE', #3215, #1251, #6444, .T. ) ;
#2391 = ADVANCED_FACE ( 'NONE', ( #6976 ), #2567, .F. ) ;
#2392 = DIRECTION ( 'NONE',  ( 0.000000000000000000, 0.000000000000000000, 1.000000000000000000 ) ) ;
#2393 = CYLINDRICAL_SURFACE ( 'NONE', #46, 0.1199999999999999678 ) ;
#2394 = AXIS2_PLACEMENT_3D ( 'NONE', #2207, #69, #3230 ) ;
#2395 = ORIENTED_EDGE ( 'NONE', *, *, #6242, .T. ) ;
#2396 = CARTESIAN_POINT ( 'NONE',  ( 2.194937784320829532, 0.06308987913419464300, -2.497993213080481834 ) ) ;
#2397 = AXIS2_PLACEMENT_3D ( 'NONE', #605, #6075, #6462 ) ;
#2398 = ORIENTED_EDGE ( 'NONE', *, *, #1947, .T. ) ;
#2399 = EDGE_CURVE ( 'NONE', #3788, #4160, #3657, .T. ) ;
#2400 = CARTESIAN_POINT ( 'NONE',  ( 14.25000000000000000, -2.200000000000000178, -0.6500000000000000222 ) ) ;
#2401 = ORIENTED_EDGE ( 'NONE', *, *, #3893, .T. ) ;
#2402 = DIRECTION ( 'NONE',  ( 0.9990812105660493714, 0.000000000000000000, 0.04285714285714280897 ) ) ;
#2403 = CARTESIAN_POINT ( 'NONE',  ( 10.25000000000000000, 1.930000000000000160, 0.000000000000000000 ) ) ;
#2404 = CIRCLE ( 'NONE', #712, 2.600000000000000089 ) ;
#2405 = CIRCLE ( 'NONE', #957, 2.100000000000000089 ) ;
#2406 = DIRECTION ( 'NONE',  ( -0.9990812105660493714, 0.000000000000000000, 0.04285714285714280897 ) ) ;
#2407 = DIRECTION ( 'NONE',  ( 0.000000000000000000, -1.000000000000000000, 0.000000000000000000 ) ) ;
#2408 = AXIS2_PLACEMENT_3D ( 'NONE', #1331, #207, #729 ) ;
#2409 = CARTESIAN_POINT ( 'NONE',  ( -2.150036576787090148, 0.000000000000000000, -1.714596955111509891 ) ) ;
#2410 = ORIENTED_EDGE ( 'NONE', *, *, #3419, .T. ) ;
#2411 = LINE ( 'NONE', #1460, #4239 ) ;
#2412 = CARTESIAN_POINT ( 'NONE',  ( 2.380456173966190025, 0.009074926598968189803, 2.434646826159000188 ) ) ;
#2413 = LINE ( 'NONE', #3429, #1454 ) ;
#2414 = EDGE_LOOP ( 'NONE', ( #5537, #863, #4064, #4950 ) ) ;
#2415 = CARTESIAN_POINT ( 'NONE',  ( 2.380456173966179811, 2.040925073401009815, -2.434646826159029942 ) ) ;
#2416 = ORIENTED_EDGE ( 'NONE', *, *, #4972, .F. ) ;
#2417 = AXIS2_PLACEMENT_3D ( 'NONE', #6103, #6712, #2929 ) ;
#2418 = ORIENTED_EDGE ( 'NONE', *, *, #4070, .T. ) ;
#2419 = EDGE_CURVE ( 'NONE', #2555, #1334, #1427, .T. ) ;
#2420 = FACE_OUTER_BOUND ( 'NONE', #1248, .T. ) ;
#2421 = ORIENTED_EDGE ( 'NONE', *, *, #3409, .T. ) ;
#2422 = CARTESIAN_POINT ( 'NONE',  ( -1.193180282573270024, -2.200000000000000178, 2.477664386731659896 ) ) ;
#2423 = DIRECTION ( 'NONE',  ( 0.000000000000000000, 1.000000000000000000, 0.000000000000000000 ) ) ;
#2424 = DIRECTION ( 'NONE',  ( 0.000000000000000000, 0.000000000000000000, 1.000000000000000000 ) ) ;
#2425 = ORIENTED_EDGE ( 'NONE', *, *, #1860, .T. ) ;
#2426 = MANIFOLD_SOLID_BREP ( 'Bidirectional shoulder.stp<1>', #4053 ) ;
#2427 = EDGE_CURVE ( 'NONE', #1102, #4054, #3776, .T. ) ;
#2428 = DIRECTION ( 'NONE',  ( 1.000000000000000000, 0.000000000000000000, 0.000000000000000000 ) ) ;
#2429 = CARTESIAN_POINT ( 'NONE',  ( 0.000000000000000000, 0.5999999999999999778, 0.000000000000000000 ) ) ;
#2430 = EDGE_CURVE ( 'NONE', #4771, #5326, #6274, .T. ) ;
#2431 = EDGE_CURVE ( 'NONE', #874, #6967, #1052, .T. ) ;
#2432 = VECTOR ( 'NONE', #5402, 1000.000000000000000 ) ;
#2433 = ORIENTED_EDGE ( 'NONE', *, *, #4879, .T. ) ;
#2434 = CARTESIAN_POINT ( 'NONE',  ( 6.250000000000000000, 0.1200000000000000094, 0.6500000000000000222 ) ) ;
#2435 = ORIENTED_EDGE ( 'NONE', *, *, #4626, .F. ) ;
#2436 = FACE_OUTER_BOUND ( 'NONE', #3663, .T. ) ;
#2437 = CARTESIAN_POINT ( 'NONE',  ( -2.322256832556968131, 2.072208451225110881, -2.380657584835449203 ) ) ;
#2438 = AXIS2_PLACEMENT_3D ( 'NONE', #2975, #4067, #5127 ) ;
#2439 = CIRCLE ( 'NONE', #6723, 2.600000000000000089 ) ;
#2440 = CARTESIAN_POINT ( 'NONE',  ( 8.250000000000000000, 1.930000000000000160, 0.000000000000000000 ) ) ;
#2441 = CARTESIAN_POINT ( 'NONE',  ( 2.060553155526509972, -2.200000000000000178, -0.4051181225886579806 ) ) ;
#2442 = AXIS2_PLACEMENT_3D ( 'NONE', #2561, #4776, #6869 ) ;
#2443 = CARTESIAN_POINT ( 'NONE',  ( 2.237085513683249705, 1.969347400333449682, 2.501136137133439963 ) ) ;
#2444 = ORIENTED_EDGE ( 'NONE', *, *, #5262, .F. ) ;
#2445 = EDGE_CURVE ( 'NONE', #2780, #2836, #5942, .T. ) ;
#2446 = DIRECTION ( 'NONE',  ( 0.000000000000000000, -1.000000000000000000, 0.000000000000000000 ) ) ;
#2447 = CIRCLE ( 'NONE', #6391, 3.324999999999999734 ) ;
#2448 = CARTESIAN_POINT ( 'NONE',  ( 2.150036576787059950, -2.200000000000000178, -1.714596955111539867 ) ) ;
#2449 = LINE ( 'NONE', #1953, #1896 ) ;
#2450 = ORIENTED_EDGE ( 'NONE', *, *, #6934, .T. ) ;
#2451 = CARTESIAN_POINT ( 'NONE',  ( 0.000000000000000000, -2.079999999999999627, 0.000000000000000000 ) ) ;
#2452 = ORIENTED_EDGE ( 'NONE', *, *, #4932, .T. ) ;
#2453 = AXIS2_PLACEMENT_3D ( 'NONE', #6600, #5895, #3915 ) ;
#2454 = ORIENTED_EDGE ( 'NONE', *, *, #5094, .F. ) ;
#2455 = CYLINDRICAL_SURFACE ( 'NONE', #1392, 2.100000000000000089 ) ;
#2456 = CARTESIAN_POINT ( 'NONE',  ( 1.870475028870050016, 0.000000000000000000, 2.015892647532010251 ) ) ;
#2457 = DIRECTION ( 'NONE',  ( 0.000000000000000000, 1.000000000000000000, 0.000000000000000000 ) ) ;
#2458 = ORIENTED_EDGE ( 'NONE', *, *, #5832, .F. ) ;
#2459 = CIRCLE ( 'NONE', #880, 0.7699999999999999067 ) ;
#2460 = DIRECTION ( 'NONE',  ( 0.000000000000000000, -1.000000000000000000, 0.000000000000000000 ) ) ;
#2461 = CARTESIAN_POINT ( 'NONE',  ( -0.05662845856656029825, 2.050000000000000266, -2.599383237939410396 ) ) ;
#2462 = CARTESIAN_POINT ( 'NONE',  ( 0.000000000000000000, 0.000000000000000000, 0.000000000000000000 ) ) ;
#2463 = DIRECTION ( 'NONE',  ( 0.000000000000000000, -1.000000000000000000, 0.000000000000000000 ) ) ;
#2464 = ORIENTED_EDGE ( 'NONE', *, *, #1765, .F. ) ;
#2465 = VECTOR ( 'NONE', #5744, 1000.000000000000000 ) ;
#2466 = CARTESIAN_POINT ( 'NONE',  ( 2.237085513683249705, 0.08065259966655119461, -2.501136137133439963 ) ) ;
#2467 = FACE_OUTER_BOUND ( 'NONE', #2869, .T. ) ;
#2468 = VERTEX_POINT ( 'NONE', #98 ) ;
#2469 = EDGE_CURVE ( 'NONE', #5823, #2860, #6619, .T. ) ;
#2470 = DIRECTION ( 'NONE',  ( 0.000000000000000000, 1.000000000000000000, 0.000000000000000000 ) ) ;
#2471 = EDGE_CURVE ( 'NONE', #1258, #6081, #5443, .T. ) ;
#2472 = EDGE_LOOP ( 'NONE', ( #5239, #4933, #1297, #1033 ) ) ;
#2473 = CARTESIAN_POINT ( 'NONE',  ( -14.08057142857140143, 1.930000000000000160, 1.878272675864170127 ) ) ;
#2474 = DIRECTION ( 'NONE',  ( 0.000000000000000000, 1.000000000000000000, 0.000000000000000000 ) ) ;
#2475 = DIRECTION ( 'NONE',  ( 0.000000000000000000, 1.000000000000000000, 0.000000000000000000 ) ) ;
#2476 = DIRECTION ( 'NONE',  ( 0.7243089475128148269, 0.000000000000000000, -0.6894755605189196723 ) ) ;
#2477 = EDGE_CURVE ( 'NONE', #5377, #6004, #4467, .T. ) ;
#2478 = DIRECTION ( 'NONE',  ( 0.000000000000000000, -1.000000000000000000, 0.000000000000000000 ) ) ;
#2479 = EDGE_LOOP ( 'NONE', ( #5721, #3469, #2698, #5971 ) ) ;
#2480 = CARTESIAN_POINT ( 'NONE',  ( 2.408327250480109871, 2.169999999999999929, 2.292506238725410039 ) ) ;
#2481 = DIRECTION ( 'NONE',  ( 0.000000000000000000, -1.000000000000000000, 0.000000000000000000 ) ) ;
#2482 = LINE ( 'NONE', #4071, #3580 ) ;
#2483 = ORIENTED_EDGE ( 'NONE', *, *, #3496, .F. ) ;
#2484 = AXIS2_PLACEMENT_3D ( 'NONE', #3100, #950, #877 ) ;
#2485 = DIRECTION ( 'NONE',  ( 0.000000000000000000, 0.000000000000000000, -1.000000000000000000 ) ) ;
#2486 = VERTEX_POINT ( 'NONE', #3258 ) ;
#2487 = AXIS2_PLACEMENT_3D ( 'NONE', #4303, #1618, #3770 ) ;
#2488 = ORIENTED_EDGE ( 'NONE', *, *, #56, .F. ) ;
#2489 = DIRECTION ( 'NONE',  ( 0.000000000000000000, 1.000000000000000000, 0.000000000000000000 ) ) ;
#2490 = DIRECTION ( 'NONE',  ( 0.000000000000000000, 1.000000000000000000, 0.000000000000000000 ) ) ;
#2491 = CARTESIAN_POINT ( 'NONE',  ( 2.151413617528589839, 1.968386617578066655, -2.535161646269194602 ) ) ;
#2492 = AXIS2_PLACEMENT_3D ( 'NONE', #6185, #3490, #1977 ) ;
#2493 = ORIENTED_EDGE ( 'NONE', *, *, #5386, .T. ) ;
#2494 = CARTESIAN_POINT ( 'NONE',  ( 2.681051758500020199, 0.000000000000000000, 0.6119325683798361171 ) ) ;
#2495 = DIRECTION ( 'NONE',  ( 0.6121892641637280974, 0.000000000000000000, -0.7907112651547801851 ) ) ;
#2496 = CARTESIAN_POINT ( 'NONE',  ( -8.250000000000000000, 0.000000000000000000, 0.000000000000000000 ) ) ;
#2497 = CARTESIAN_POINT ( 'NONE',  ( 0.000000000000000000, -2.200000000000000178, 0.000000000000000000 ) ) ;
#2498 = TOROIDAL_SURFACE ( 'NONE', #3062, 3.205000000000000071, 0.1200000000000000094 ) ;
#2499 = ORIENTED_EDGE ( 'NONE', *, *, #1994, .F. ) ;
#2500 = DIRECTION ( 'NONE',  ( 0.000000000000000000, 0.000000000000000000, 1.000000000000000000 ) ) ;
#2501 = LINE ( 'NONE', #1374, #4724 ) ;
#2502 = ORIENTED_EDGE ( 'NONE', *, *, #3456, .T. ) ;
#2503 = CIRCLE ( 'NONE', #6675, 0.1199999999999999956 ) ;
#2504 = DIRECTION ( 'NONE',  ( 0.000000000000000000, -1.000000000000000000, 0.000000000000000000 ) ) ;
#2505 = ORIENTED_EDGE ( 'NONE', *, *, #6219, .F. ) ;
#2506 = CARTESIAN_POINT ( 'NONE',  ( -12.25000000000000000, 1.930000000000000160, 0.000000000000000000 ) ) ;
#2507 = CARTESIAN_POINT ( 'NONE',  ( 0.4387970903225810182, 0.5999999999999999778, 2.583568165547140083 ) ) ;
#2508 = TOROIDAL_SURFACE ( 'NONE', #6447, 1.879999999999999893, 0.1200000000000000094 ) ;
#2509 = EDGE_CURVE ( 'NONE', #4602, #6748, #548, .T. ) ;
#2510 = DIRECTION ( 'NONE',  ( -4.174438572590589854E-14, 0.000000000000000000, 1.000000000000000000 ) ) ;
#2511 = CARTESIAN_POINT ( 'NONE',  ( 2.408241824532789455, 2.050000000000000711, -2.292424921073437538 ) ) ;
#2512 = CIRCLE ( 'NONE', #1153, 0.1199999999999999956 ) ;
#2513 = DIRECTION ( 'NONE',  ( 0.000000000000000000, -1.000000000000000000, 0.000000000000000000 ) ) ;
#2514 = ADVANCED_FACE ( 'NONE', ( #3784 ), #4356, .T. ) ;
#2515 = DIRECTION ( 'NONE',  ( 0.000000000000000000, 0.000000000000000000, 1.000000000000000000 ) ) ;
#2516 = EDGE_CURVE ( 'NONE', #1270, #3880, #4992, .T. ) ;
#2517 = AXIS2_PLACEMENT_3D ( 'NONE', #2104, #1975, #4128 ) ;
#2518 = CARTESIAN_POINT ( 'NONE',  ( 2.276541277376360028, 0.04955082855549709786, 2.483406930441729887 ) ) ;
#2519 = EDGE_CURVE ( 'NONE', #4771, #6774, #4986, .T. ) ;
#2520 = DIRECTION ( 'NONE',  ( 0.000000000000000000, -1.000000000000000000, 0.000000000000000000 ) ) ;
#2521 = VERTEX_POINT ( 'NONE', #2772 ) ;
#2522 = AXIS2_PLACEMENT_3D ( 'NONE', #3859, #6015, #1743 ) ;
#2523 = DIRECTION ( 'NONE',  ( 0.000000000000000000, 0.000000000000000000, 1.000000000000000000 ) ) ;
#2524 = VERTEX_POINT ( 'NONE', #2236 ) ;
#2525 = ORIENTED_EDGE ( 'NONE', *, *, #107, .T. ) ;
#2526 = CIRCLE ( 'NONE', #3420, 2.100000000000000089 ) ;
#2527 = CARTESIAN_POINT ( 'NONE',  ( 2.182505571256562860, 1.959380712795668611, 2.508768861521788018 ) ) ;
#2528 = CARTESIAN_POINT ( 'NONE',  ( -0.8105767296299890567, 0.5999999999999999778, -2.627825215911889778 ) ) ;
#2529 = EDGE_CURVE ( 'NONE', #1141, #5068, #4918, .T. ) ;
#2530 = CARTESIAN_POINT ( 'NONE',  ( 2.161726299596146372, 2.004516965579700383, -2.526513376457879101 ) ) ;
#2531 = EDGE_LOOP ( 'NONE', ( #6975, #1410, #2005, #1627 ) ) ;
#2532 = DIRECTION ( 'NONE',  ( -0.9908706747644335788, 0.000000000000000000, 0.1348158221125249634 ) ) ;
#2533 = CARTESIAN_POINT ( 'NONE',  ( 2.088419223178590300, 0.000000000000000000, 0.2202388436632970181 ) ) ;
#2534 = CARTESIAN_POINT ( 'NONE',  ( -2.299763500551661455, -0.1019409365742068863, -2.402350414722759897 ) ) ;
#2535 = ORIENTED_EDGE ( 'NONE', *, *, #6046, .F. ) ;
#2536 = DIRECTION ( 'NONE',  ( 0.000000000000000000, 0.000000000000000000, 1.000000000000000000 ) ) ;
#2537 = CARTESIAN_POINT ( 'NONE',  ( 0.000000000000000000, -2.200000000000000178, 0.000000000000000000 ) ) ;
#2538 = ORIENTED_EDGE ( 'NONE', *, *, #5543, .F. ) ;
#2539 = CARTESIAN_POINT ( 'NONE',  ( -1.381119163458470078, -2.200000000000000178, -1.581932317239830077 ) ) ;
#2540 = ORIENTED_EDGE ( 'NONE', *, *, #1253, .T. ) ;
#2541 = LINE ( 'NONE', #2967, #5082 ) ;
#2542 = CARTESIAN_POINT ( 'NONE',  ( 2.223634878751290067, 0.1200000000000000094, -2.507004771834460133 ) ) ;
#2543 = CARTESIAN_POINT ( 'NONE',  ( 0.4098662319845000068, -2.200000000000000178, 2.719284772119100246 ) ) ;
#2544 = CARTESIAN_POINT ( 'NONE',  ( 4.250000000000000000, 1.930000000000000160, -0.6500000000000000222 ) ) ;
#2545 = CIRCLE ( 'NONE', #5919, 0.6500000000000000222 ) ;
#2546 = ADVANCED_FACE ( 'NONE', ( #1705 ), #5561, .F. ) ;
#2547 = CARTESIAN_POINT ( 'NONE',  ( -10.25000000000000000, -2.200000000000000178, 0.000000000000000000 ) ) ;
#2548 = DIRECTION ( 'NONE',  ( 0.3519251759597359919, 0.000000000000000000, -0.9360281355417200411 ) ) ;
#2549 = LINE ( 'NONE', #439, #3567 ) ;
#2550 = VECTOR ( 'NONE', #6811, 1000.000000000000000 ) ;
#2551 = DIRECTION ( 'NONE',  ( -0.8946402285633441309, 0.000000000000000000, 0.4467872664211990363 ) ) ;
#2552 = VERTEX_POINT ( 'NONE', #2166 ) ;
#2553 = EDGE_CURVE ( 'NONE', #5594, #1795, #2744, .T. ) ;
#2554 = EDGE_CURVE ( 'NONE', #3908, #1359, #4323, .T. ) ;
#2555 = VERTEX_POINT ( 'NONE', #5488 ) ;
#2556 = ADVANCED_FACE ( 'NONE', ( #654 ), #2806, .T. ) ;
#2557 = TOROIDAL_SURFACE ( 'NONE', #6736, 0.7699999999999999067, 0.1200000000000000094 ) ;
#2558 = ORIENTED_EDGE ( 'NONE', *, *, #6089, .T. ) ;
#2559 = DIRECTION ( 'NONE',  ( 0.000000000000000000, -1.000000000000000000, 0.000000000000000000 ) ) ;
#2560 = LINE ( 'NONE', #2528, #1313 ) ;
#2561 = CARTESIAN_POINT ( 'NONE',  ( 6.250000000000000000, 1.930000000000000160, 0.000000000000000000 ) ) ;
#2562 = EDGE_LOOP ( 'NONE', ( #5139, #1856, #1424, #6399 ) ) ;
#2563 = CARTESIAN_POINT ( 'NONE',  ( 4.250000000000000000, 0.1200000000000000094, 0.000000000000000000 ) ) ;
#2564 = CIRCLE ( 'NONE', #4135, 0.1199999999999999956 ) ;
#2565 = CARTESIAN_POINT ( 'NONE',  ( -1.549130159674960039, 0.5999999999999999778, -2.272156629368980330 ) ) ;
#2566 = ORIENTED_EDGE ( 'NONE', *, *, #5004, .T. ) ;
#2567 = CYLINDRICAL_SURFACE ( 'NONE', #6843, 2.100000000000000089 ) ;
#2568 = DIRECTION ( 'NONE',  ( 0.000000000000000000, 1.000000000000000000, 0.000000000000000000 ) ) ;
#2569 = VECTOR ( 'NONE', #1420, 1000.000000000000000 ) ;
#2570 = ORIENTED_EDGE ( 'NONE', *, *, #4940, .T. ) ;
#2571 = CARTESIAN_POINT ( 'NONE',  ( 14.00000000000000000, 0.1200000000000000094, 0.000000000000000000 ) ) ;
#2572 = ADVANCED_FACE ( 'NONE', ( #344 ), #2455, .F. ) ;
#2573 = ORIENTED_EDGE ( 'NONE', *, *, #5725, .F. ) ;
#2574 = AXIS2_PLACEMENT_3D ( 'NONE', #5177, #3614, #313 ) ;
#2575 = DIRECTION ( 'NONE',  ( 0.000000000000000000, 1.000000000000000000, 0.000000000000000000 ) ) ;
#2576 = ORIENTED_EDGE ( 'NONE', *, *, #4703, .T. ) ;
#2577 = ORIENTED_EDGE ( 'NONE', *, *, #4406, .T. ) ;
#2578 = VECTOR ( 'NONE', #6271, 1000.000000000000000 ) ;
#2579 = CARTESIAN_POINT ( 'NONE',  ( 0.000000000000000000, 1.449999999999999956, 2.274999999999999911 ) ) ;
#2580 = DIRECTION ( 'NONE',  ( 1.000000000000000000, -0.000000000000000000, 1.224646799147353207E-16 ) ) ;
#2581 = DIRECTION ( 'NONE',  ( 0.000000000000000000, 1.000000000000000000, 0.000000000000000000 ) ) ;
#2582 = DIRECTION ( 'NONE',  ( 0.000000000000000000, 0.000000000000000000, -1.000000000000000000 ) ) ;
#2583 = AXIS2_PLACEMENT_3D ( 'NONE', #1898, #6846, #3621 ) ;
#2584 = LINE ( 'NONE', #2051, #6854 ) ;
#2585 = CARTESIAN_POINT ( 'NONE',  ( -12.25000000000000000, 0.000000000000000000, 0.7699999999999999067 ) ) ;
#2586 = EDGE_LOOP ( 'NONE', ( #4162, #2948, #1147, #547 ) ) ;
#2587 = ORIENTED_EDGE ( 'NONE', *, *, #5889, .T. ) ;
#2588 = ORIENTED_EDGE ( 'NONE', *, *, #3875, .T. ) ;
#2589 = CARTESIAN_POINT ( 'NONE',  ( -1.726518015914019877, 0.5999999999999999778, 1.943999881873530011 ) ) ;
#2590 = DIRECTION ( 'NONE',  ( 0.000000000000000000, 1.000000000000000000, 0.000000000000000000 ) ) ;
#2591 = CARTESIAN_POINT ( 'NONE',  ( -2.299313802186500943, -0.09505951773894445733, -2.401894052348257702 ) ) ;
#2592 = ADVANCED_FACE ( 'NONE', ( #3971 ), #5136, .T. ) ;
#2593 = EDGE_CURVE ( 'NONE', #499, #2653, #5894, .T. ) ;
#2594 = ORIENTED_EDGE ( 'NONE', *, *, #4833, .F. ) ;
#2595 = APPROVAL_ROLE ( '' ) ;
#2596 = FACE_OUTER_BOUND ( 'NONE', #684, .T. ) ;
#2597 = ORIENTED_EDGE ( 'NONE', *, *, #4543, .T. ) ;
#2598 = DIRECTION ( 'NONE',  ( 0.9990812105660495934, 0.000000000000000000, 0.04285714285713617538 ) ) ;
#2599 = DIRECTION ( 'NONE',  ( 0.000000000000000000, -1.000000000000000000, 0.000000000000000000 ) ) ;
#2600 = CIRCLE ( 'NONE', #6423, 0.6500000000000000222 ) ;
#2601 = EDGE_CURVE ( 'NONE', #1305, #1215, #6232, .T. ) ;
#2602 = ADVANCED_FACE ( 'NONE', ( #5101 ), #6576, .T. ) ;
#2603 = ADVANCED_FACE ( 'NONE', ( #6766 ), #3540, .T. ) ;
#2604 = DIRECTION ( 'NONE',  ( -0.000000000000000000, 1.000000000000000000, 0.000000000000000000 ) ) ;
#2605 = CIRCLE ( 'NONE', #4518, 2.100000000000000089 ) ;
#2606 = ORIENTED_EDGE ( 'NONE', *, *, #1267, .F. ) ;
#2607 = LINE ( 'NONE', #3560, #5108 ) ;
#2608 = ORIENTED_EDGE ( 'NONE', *, *, #4146, .F. ) ;
#2609 = EDGE_CURVE ( 'NONE', #5492, #3434, #2631, .T. ) ;
#2610 = AXIS2_PLACEMENT_3D ( 'NONE', #5006, #4513, #1830 ) ;
#2611 = ORIENTED_EDGE ( 'NONE', *, *, #1212, .F. ) ;
#2612 = DIRECTION ( 'NONE',  ( -0.4875022170394932020, 0.000000000000000000, -0.8731217488881941602 ) ) ;
#2613 = CARTESIAN_POINT ( 'NONE',  ( -2.151142517227300210, 0.1200000000000000094, -2.535391660193160313 ) ) ;
#2614 = DIRECTION ( 'NONE',  ( 0.000000000000000000, -1.000000000000000000, 0.000000000000000000 ) ) ;
#2615 = VECTOR ( 'NONE', #2745, 1000.000000000000227 ) ;
#2616 = PLANE ( 'NONE',  #2656 ) ;
#2617 = CARTESIAN_POINT ( 'NONE',  ( 2.032268409600510140, 0.000000000000000000, -0.5290416914949120919 ) ) ;
#2618 = DIRECTION ( 'NONE',  ( 0.000000000000000000, 1.000000000000000000, 0.000000000000000000 ) ) ;
#2619 = CIRCLE ( 'NONE', #6562, 0.6500000000000000222 ) ;
#2620 = VERTEX_POINT ( 'NONE', #4112 ) ;
#2621 = VERTEX_POINT ( 'NONE', #6163 ) ;
#2622 = CIRCLE ( 'NONE', #3737, 0.6500000000000000222 ) ;
#2623 = ORIENTED_EDGE ( 'NONE', *, *, #1958, .T. ) ;
#2624 = CARTESIAN_POINT ( 'NONE',  ( 2.301511028871729980, 2.012539716750730179, 2.471981467203240523 ) ) ;
#2625 = CARTESIAN_POINT ( 'NONE',  ( -2.381569860407199979, 0.000000000000000000, 1.375000000000000000 ) ) ;
#2626 = DIRECTION ( 'NONE',  ( 0.7907112651547709703, 0.000000000000000000, -0.6121892641637399768 ) ) ;
#2627 = CIRCLE ( 'NONE', #941, 0.1199999999999999956 ) ;
#2628 = ORIENTED_EDGE ( 'NONE', *, *, #1566, .T. ) ;
#2629 = APPROVAL_STATUS ( 'not_yet_approved' ) ;
#2630 = DIRECTION ( 'NONE',  ( 0.000000000000000000, 0.000000000000000000, 1.000000000000000000 ) ) ;
#2631 = CIRCLE ( 'NONE', #2170, 0.7699999999999999067 ) ;
#2632 = ADVANCED_FACE ( 'NONE', ( #764 ), #4607, .T. ) ;
#2633 = ORIENTED_EDGE ( 'NONE', *, *, #4824, .F. ) ;
#2634 = CARTESIAN_POINT ( 'NONE',  ( 1.234942045101850017, 0.5999999999999999778, 1.698504679192750055 ) ) ;
#2635 = FACE_OUTER_BOUND ( 'NONE', #353, .T. ) ;
#2636 = ORIENTED_EDGE ( 'NONE', *, *, #4099, .F. ) ;
#2637 = AXIS2_PLACEMENT_3D ( 'NONE', #2760, #1659, #3284 ) ;
#2638 = CARTESIAN_POINT ( 'NONE',  ( -1.076809640470870022, 2.050000000000000266, 2.366533540474120123 ) ) ;
#2639 = ADVANCED_FACE ( 'NONE', ( #1363 ), #4436, .F. ) ;
#2640 = LINE ( 'NONE', #1456, #1279 ) ;
#2641 = EDGE_CURVE ( 'NONE', #216, #1676, #241, .T. ) ;
#2642 = VERTEX_POINT ( 'NONE', #4570 ) ;
#2643 = EDGE_CURVE ( 'NONE', #6844, #2642, #5562, .T. ) ;
#2644 = VERTEX_POINT ( 'NONE', #4043 ) ;
#2645 = PLANE ( 'NONE',  #1768 ) ;
#2646 = DIRECTION ( 'NONE',  ( 0.000000000000000000, 0.000000000000000000, -1.000000000000000000 ) ) ;
#2647 = DIRECTION ( 'NONE',  ( 0.000000000000000000, 1.000000000000000000, 0.000000000000000000 ) ) ;
#2648 = DIRECTION ( 'NONE',  ( 0.000000000000000000, 1.000000000000000000, 0.000000000000000000 ) ) ;
#2649 = EDGE_CURVE ( 'NONE', #86, #5238, #4430, .T. ) ;
#2650 = DIRECTION ( 'NONE',  ( 0.000000000000000000, -1.000000000000000000, 0.000000000000000000 ) ) ;
#2651 = AXIS2_PLACEMENT_3D ( 'NONE', #6574, #2761, #1770 ) ;
#2652 = CARTESIAN_POINT ( 'NONE',  ( -2.742310442248250268, 0.5999999999999999778, -0.2055077573626570009 ) ) ;
#2653 = VERTEX_POINT ( 'NONE', #3473 ) ;
#2654 = ADVANCED_FACE ( 'NONE', ( #6801 ), #832, .T. ) ;
#2655 = VERTEX_POINT ( 'NONE', #1853 ) ;
#2656 = AXIS2_PLACEMENT_3D ( 'NONE', #6860, #3113, #4208 ) ;
#2657 = ORIENTED_EDGE ( 'NONE', *, *, #5876, .F. ) ;
#2658 = DIRECTION ( 'NONE',  ( 0.000000000000000000, 0.000000000000000000, 1.000000000000000000 ) ) ;
#2659 = CIRCLE ( 'NONE', #3561, 0.1199999999999998151 ) ;
#2660 = CARTESIAN_POINT ( 'NONE',  ( 2.381569860407219963, 0.5999999999999999778, 1.374999999999980016 ) ) ;
#2661 = EDGE_LOOP ( 'NONE', ( #3325, #6385 ) ) ;
#2662 = CARTESIAN_POINT ( 'NONE',  ( -6.250000000000000000, 0.000000000000000000, -0.7699999999999999067 ) ) ;
#2663 = CARTESIAN_POINT ( 'NONE',  ( -2.408241824532810327, -1.472385411299148783E-16, -2.292424921073448640 ) ) ;
#2664 = AXIS2_PLACEMENT_3D ( 'NONE', #1221, #3367, #5523 ) ;
#2665 = ORIENTED_EDGE ( 'NONE', *, *, #618, .T. ) ;
#2666 = DIRECTION ( 'NONE',  ( -0.7243089475128148269, 0.000000000000000000, -0.6894755605189196723 ) ) ;
#2667 = CARTESIAN_POINT ( 'NONE',  ( -2.067586916831949839, 0.5999999999999999778, -1.576415028266780149 ) ) ;
#2668 =( BOUNDED_SURFACE ( )  B_SPLINE_SURFACE ( 3, 2, ( 
 ( #2291, #4446, #6597 ),
 ( #6071, #531, #2682 ),
 ( #4829, #8, #41 ),
 ( #2143, #3767, #5392 ),
 ( #559, #4861, #2930 ),
 ( #5542, #2437, #1381 ),
 ( #5046, #1346, #3452 ),
 ( #224, #1905, #745 ) ),
 .UNSPECIFIED., .F., .F., .F. ) 
 B_SPLINE_SURFACE_WITH_KNOTS ( ( 4, 2, 2, 4 ),
 ( 3, 3 ),
 ( 0.0002119878647782320034, 0.0003316592760360360329, 0.0004513306872938400082, 0.0006906735098094489347 ),
 ( -0.0003696151144884719840, 1.000000000000000000 ),
 .UNSPECIFIED. ) 
 GEOMETRIC_REPRESENTATION_ITEM ( )  RATIONAL_B_SPLINE_SURFACE ( (
 ( 1.000039988285799986, 0.9459055051752810472, 1.000000000000000000),
 ( 1.000039935780880018, 0.9459765316508209620, 1.000000000000000000),
 ( 1.000047368364609834, 0.9359220405836390366, 1.000000000000000000),
 ( 1.000070031981219909, 0.9052636398343919533, 1.000000000000000000),
 ( 1.000084696036140031, 0.8854267144145129276, 1.000000000000000000),
 ( 1.000133735697869897, 0.8190878935644440029, 1.000000000000000000),
 ( 1.000173282811329889, 0.7655901983737910532, 1.000000000000000000),
 ( 1.000216595548619969, 0.7069985234259449358, 1.000000000000000000) ) ) 
 REPRESENTATION_ITEM ( '' )  SURFACE ( )  );
#2669 = CIRCLE ( 'NONE', #3907, 0.6500000000000000222 ) ;
#2670 = ORIENTED_EDGE ( 'NONE', *, *, #107, .F. ) ;
#2671 = LINE ( 'NONE', #2135, #1703 ) ;
#2672 = DIRECTION ( 'NONE',  ( 0.6695673856624975162, 0.000000000000000000, 0.7427513150827055322 ) ) ;
#2673 = ORIENTED_EDGE ( 'NONE', *, *, #1048, .F. ) ;
#2674 = VECTOR ( 'NONE', #1837, 1000.000000000000114 ) ;
#2675 = EDGE_LOOP ( 'NONE', ( #5632, #6380, #6887, #1903 ) ) ;
#2676 = ADVANCED_FACE ( 'NONE', ( #798 ), #1399, .T. ) ;
#2677 = ADVANCED_FACE ( 'NONE', ( #2985 ), #6457, .T. ) ;
#2678 = EDGE_CURVE ( 'NONE', #6774, #5078, #1434, .T. ) ;
#2679 = DIRECTION ( 'NONE',  ( -0.9990812105660495934, 0.000000000000000000, 0.04285714285713607824 ) ) ;
#2680 = CIRCLE ( 'NONE', #6068, 2.600000000000000089 ) ;
#2681 = CARTESIAN_POINT ( 'NONE',  ( -12.25000000000000000, 1.930000000000000160, 0.000000000000000000 ) ) ;
#2682 = CARTESIAN_POINT ( 'NONE',  ( -2.223635173115270369, 1.950346486786609823, -2.507004759207259958 ) ) ;
#2683 = CARTESIAN_POINT ( 'NONE',  ( -14.00000000000000000, 0.000000000000000000, 0.000000000000000000 ) ) ;
#2684 = DIRECTION ( 'NONE',  ( 0.000000000000000000, 0.000000000000000000, 1.000000000000000000 ) ) ;
#2685 = VERTEX_POINT ( 'NONE', #478 ) ;
#2686 = ADVANCED_FACE ( 'NONE', ( #5340 ), #5555, .F. ) ;
#2687 = ORIENTED_EDGE ( 'NONE', *, *, #2298, .T. ) ;
#2688 = CIRCLE ( 'NONE', #1110, 0.7699999999999999067 ) ;
#2689 = ORIENTED_EDGE ( 'NONE', *, *, #967, .T. ) ;
#2690 = DIRECTION ( 'NONE',  ( 0.000000000000000000, 0.000000000000000000, 1.000000000000000000 ) ) ;
#2691 = FACE_OUTER_BOUND ( 'NONE', #3343, .T. ) ;
#2692 = DIRECTION ( 'NONE',  ( 0.000000000000000000, 0.000000000000000000, 1.000000000000000000 ) ) ;
#2693 = EDGE_CURVE ( 'NONE', #820, #2836, #600, .T. ) ;
#2694 = VERTEX_POINT ( 'NONE', #3576 ) ;
#2695 = APPROVAL_DATE_TIME ( #2732, #5524 ) ;
#2696 = ORIENTED_EDGE ( 'NONE', *, *, #4966, .F. ) ;
#2697 = DIRECTION ( 'NONE',  ( 8.881784197001250351E-16, 0.000000000000000000, 1.000000000000000000 ) ) ;
#2698 = ORIENTED_EDGE ( 'NONE', *, *, #6220, .T. ) ;
#2699 = DIRECTION ( 'NONE',  ( 0.000000000000000000, 0.000000000000000000, 1.000000000000000000 ) ) ;
#2700 = DIRECTION ( 'NONE',  ( 0.000000000000000000, -1.000000000000000000, 0.000000000000000000 ) ) ;
#2701 = VERTEX_POINT ( 'NONE', #6836 ) ;
#2702 = DIRECTION ( 'NONE',  ( 0.000000000000000000, -1.000000000000000000, 0.000000000000000000 ) ) ;
#2703 = AXIS2_PLACEMENT_3D ( 'NONE', #6913, #32, #6475 ) ;
#2704 = FACE_OUTER_BOUND ( 'NONE', #5807, .T. ) ;
#2705 = CIRCLE ( 'NONE', #3052, 2.100000000000000089 ) ;
#2706 = ORIENTED_EDGE ( 'NONE', *, *, #4365, .T. ) ;
#2707 = ORIENTED_EDGE ( 'NONE', *, *, #4921, .F. ) ;
#2708 = AXIS2_PLACEMENT_3D ( 'NONE', #6892, #2580, #4728 ) ;
#2709 = CARTESIAN_POINT ( 'NONE',  ( -10.25000000000000000, 1.930000000000000160, 0.6500000000000000222 ) ) ;
#2710 = AXIS2_PLACEMENT_3D ( 'NONE', #3936, #2384, #2275 ) ;
#2711 = FACE_OUTER_BOUND ( 'NONE', #4837, .T. ) ;
#2712 = DIRECTION ( 'NONE',  ( -0.9865867320159830145, 0.000000000000000000, -0.1632379251584109847 ) ) ;
#2713 = EDGE_CURVE ( 'NONE', #4, #5405, #3411, .T. ) ;
#2714 = VECTOR ( 'NONE', #289, 999.9999999999998863 ) ;
#2715 = APPROVAL ( #452, 'UNSPECIFIED' ) ;
#2716 = CARTESIAN_POINT ( 'NONE',  ( -8.250000000000000000, 1.930000000000000160, 0.000000000000000000 ) ) ;
#2717 = LINE ( 'NONE', #3843, #5525 ) ;
#2718 = ORIENTED_EDGE ( 'NONE', *, *, #2649, .F. ) ;
#2719 = AXIS2_PLACEMENT_3D ( 'NONE', #5285, #2604, #6884 ) ;
#2720 = CIRCLE ( 'NONE', #2487, 0.6500000000000000222 ) ;
#2721 = DIRECTION ( 'NONE',  ( 0.000000000000000000, -1.000000000000000000, 0.000000000000000000 ) ) ;
#2722 = ORIENTED_EDGE ( 'NONE', *, *, #6507, .F. ) ;
#2723 = ADVANCED_FACE ( 'NONE', ( #4249 ), #3190, .T. ) ;
#2724 = EDGE_CURVE ( 'NONE', #6943, #619, #389, .T. ) ;
#2725 = VERTEX_POINT ( 'NONE', #3714 ) ;
#2726 = EDGE_CURVE ( 'NONE', #820, #5574, #4313, .T. ) ;
#2727 = CARTESIAN_POINT ( 'NONE',  ( 10.25000000000000000, 1.930000000000000160, -0.6500000000000000222 ) ) ;
#2728 = LINE ( 'NONE', #2091, #2432 ) ;
#2729 = AXIS2_PLACEMENT_3D ( 'NONE', #4978, #193, #4307 ) ;
#2730 = DIRECTION ( 'NONE',  ( -0.4875022170394798238, 0.000000000000000000, 0.8731217488882015987 ) ) ;
#2731 = ORIENTED_EDGE ( 'NONE', *, *, #358, .T. ) ;
#2732 = DATE_AND_TIME ( #4317, #5282 ) ;
#2733 = ORIENTED_EDGE ( 'NONE', *, *, #5394, .T. ) ;
#2734 = CARTESIAN_POINT ( 'NONE',  ( -2.153900252465000609, 0.08227262284767576650, 2.533058153653961142 ) ) ;
#2735 = ORIENTED_EDGE ( 'NONE', *, *, #6310, .T. ) ;
#2736 = CIRCLE ( 'NONE', #3984, 0.7699999999999999067 ) ;
#2737 = ORIENTED_EDGE ( 'NONE', *, *, #4868, .F. ) ;
#2738 = VECTOR ( 'NONE', #2752, 1000.000000000000000 ) ;
#2739 = DIRECTION ( 'NONE',  ( 0.000000000000000000, 1.000000000000000000, 0.000000000000000000 ) ) ;
#2740 = CARTESIAN_POINT ( 'NONE',  ( 2.351589171965992708, 2.169999999999999929, 2.352110813978995019 ) ) ;
#2741 = LINE ( 'NONE', #1257, #1084 ) ;
#2742 = TOROIDAL_SURFACE ( 'NONE', #2168, 3.205000000000000071, 0.1200000000000000094 ) ;
#2743 = ORIENTED_EDGE ( 'NONE', *, *, #6888, .T. ) ;
#2744 = CIRCLE ( 'NONE', #2522, 2.600000000000000089 ) ;
#2745 = DIRECTION ( 'NONE',  ( -0.8946402285633500151, 0.000000000000000000, -0.4467872664211869904 ) ) ;
#2746 = FACE_OUTER_BOUND ( 'NONE', #5751, .T. ) ;
#2747 = ORIENTED_EDGE ( 'NONE', *, *, #3746, .T. ) ;
#2748 = CARTESIAN_POINT ( 'NONE',  ( 1.786042650225280193, -2.200000000000000178, -1.104559483041209988 ) ) ;
#2749 = AXIS2_PLACEMENT_3D ( 'NONE', #5570, #5677, #2463 ) ;
#2750 = ORIENTED_EDGE ( 'NONE', *, *, #2118, .F. ) ;
#2751 = LINE ( 'NONE', #1901, #6327 ) ;
#2752 = DIRECTION ( 'NONE',  ( 0.000000000000000000, 1.000000000000000000, 0.000000000000000000 ) ) ;
#2753 = PLANE ( 'NONE',  #378 ) ;
#2754 = TOROIDAL_SURFACE ( 'NONE', #6709, 0.7699999999999999067, 0.1200000000000000094 ) ;
#2755 = DIRECTION ( 'NONE',  ( 0.000000000000000000, 0.000000000000000000, 1.000000000000000000 ) ) ;
#2756 = ORIENTED_EDGE ( 'NONE', *, *, #6606, .F. ) ;
#2757 = EDGE_CURVE ( 'NONE', #6935, #3171, #4178, .T. ) ;
#2758 = DIRECTION ( 'NONE',  ( 0.000000000000000000, -1.000000000000000000, 0.000000000000000000 ) ) ;
#2759 = VERTEX_POINT ( 'NONE', #2589 ) ;
#2760 = CARTESIAN_POINT ( 'NONE',  ( -8.250000000000000000, 1.930000000000000160, 0.000000000000000000 ) ) ;
#2761 = DIRECTION ( 'NONE',  ( 0.000000000000000000, 1.000000000000000000, 0.000000000000000000 ) ) ;
#2762 = CIRCLE ( 'NONE', #6149, 2.100000000000000089 ) ;
#2763 = LINE ( 'NONE', #3924, #3223 ) ;
#2764 = ORIENTED_EDGE ( 'NONE', *, *, #5394, .F. ) ;
#2765 = ADVANCED_FACE ( 'NONE', ( #4738 ), #4216, .F. ) ;
#2766 = EDGE_CURVE ( 'NONE', #194, #4784, #4947, .T. ) ;
#2767 = ORIENTED_EDGE ( 'NONE', *, *, #2153, .T. ) ;
#2768 = VECTOR ( 'NONE', #6290, 1000.000000000000114 ) ;
#2769 = CARTESIAN_POINT ( 'NONE',  ( -2.236049219908231578, -0.05332772801185943490, 2.460892261028865935 ) ) ;
#2770 = ORIENTED_EDGE ( 'NONE', *, *, #1613, .F. ) ;
#2771 = ORIENTED_EDGE ( 'NONE', *, *, #1393, .T. ) ;
#2772 = CARTESIAN_POINT ( 'NONE',  ( -1.076809640470870022, 0.5999999999999999778, 2.366533540474120123 ) ) ;
#2773 = DIRECTION ( 'NONE',  ( 0.000000000000000000, -1.000000000000000000, 0.000000000000000000 ) ) ;
#2774 = CARTESIAN_POINT ( 'NONE',  ( -0.3756907751836790488, -2.200000000000000178, -2.066121110061530430 ) ) ;
#2775 = VERTEX_POINT ( 'NONE', #681 ) ;
#2776 = DIRECTION ( 'NONE',  ( 0.000000000000000000, 0.000000000000000000, 1.000000000000000000 ) ) ;
#2777 = VECTOR ( 'NONE', #1230, 1000.000000000000000 ) ;
#2778 = DIRECTION ( 'NONE',  ( 1.000000000000000000, -0.000000000000000000, 1.224646799147353207E-16 ) ) ;
#2779 = DIRECTION ( 'NONE',  ( 0.000000000000000000, 0.000000000000000000, 1.000000000000000000 ) ) ;
#2780 = VERTEX_POINT ( 'NONE', #1133 ) ;
#2781 = DIRECTION ( 'NONE',  ( 0.000000000000000000, -1.000000000000000000, 0.000000000000000000 ) ) ;
#2782 = AXIS2_PLACEMENT_3D ( 'NONE', #1889, #4045, #5704 ) ;
#2783 = ORIENTED_EDGE ( 'NONE', *, *, #1724, .F. ) ;
#2784 = EDGE_CURVE ( 'NONE', #2351, #3771, #6923, .T. ) ;
#2785 = DIRECTION ( 'NONE',  ( 0.000000000000000000, 0.000000000000000000, 1.000000000000000000 ) ) ;
#2786 = CIRCLE ( 'NONE', #5367, 3.205000000000000071 ) ;
#2787 = DIRECTION ( 'NONE',  ( 0.9990812105660492604, 0.000000000000000000, -0.04285714285714280203 ) ) ;
#2788 = DIRECTION ( 'NONE',  ( 0.000000000000000000, 0.000000000000000000, 1.000000000000000000 ) ) ;
#2789 = CARTESIAN_POINT ( 'NONE',  ( -1.849597897417329939, -2.200000000000000178, -0.9944785658169870146 ) ) ;
#2790 = DIRECTION ( 'NONE',  ( 0.000000000000000000, 0.000000000000000000, 1.000000000000000000 ) ) ;
#2791 = AXIS2_PLACEMENT_3D ( 'NONE', #2842, #1857, #624 ) ;
#2792 = DIRECTION ( 'NONE',  ( 0.000000000000000000, -1.000000000000000000, 0.000000000000000000 ) ) ;
#2793 = ORIENTED_EDGE ( 'NONE', *, *, #6828, .T. ) ;
#2794 = FACE_BOUND ( 'NONE', #1500, .T. ) ;
#2795 = VERTEX_POINT ( 'NONE', #6573 ) ;
#2796 = CIRCLE ( 'NONE', #2115, 2.600000000000000089 ) ;
#2797 = DIRECTION ( 'NONE',  ( 0.000000000000000000, 1.000000000000000000, 0.000000000000000000 ) ) ;
#2798 = FACE_OUTER_BOUND ( 'NONE', #1565, .T. ) ;
#2799 = DIRECTION ( 'NONE',  ( 0.000000000000000000, 1.000000000000000000, 0.000000000000000000 ) ) ;
#2800 = ORIENTED_EDGE ( 'NONE', *, *, #2298, .F. ) ;
#2801 = VERTEX_POINT ( 'NONE', #2829 ) ;
#2802 = DIRECTION ( 'NONE',  ( 0.000000000000000000, -1.000000000000000000, 0.000000000000000000 ) ) ;
#2803 = VERTEX_POINT ( 'NONE', #5475 ) ;
#2804 = ORIENTED_EDGE ( 'NONE', *, *, #2978, .T. ) ;
#2805 = EDGE_CURVE ( 'NONE', #443, #4602, #6005, .T. ) ;
#2806 = PLANE ( 'NONE',  #498 ) ;
#2807 = DIRECTION ( 'NONE',  ( 0.000000000000000000, -1.000000000000000000, 0.000000000000000000 ) ) ;
#2808 = LINE ( 'NONE', #4393, #3122 ) ;
#2809 = ORIENTED_EDGE ( 'NONE', *, *, #4270, .F. ) ;
#2810 = CARTESIAN_POINT ( 'NONE',  ( 14.08571428571429962, 2.050000000000000266, -1.998162421132100075 ) ) ;
#2811 = DIRECTION ( 'NONE',  ( 0.000000000000000000, -1.000000000000000000, 0.000000000000000000 ) ) ;
#2812 = CYLINDRICAL_SURFACE ( 'NONE', #6123, 2.600000000000000089 ) ;
#2813 = EDGE_LOOP ( 'NONE', ( #4018, #1984, #6593, #4807 ) ) ;
#2814 = EDGE_CURVE ( 'NONE', #4295, #2192, #1733, .T. ) ;
#2815 = CYLINDRICAL_SURFACE ( 'NONE', #6037, 0.6500000000000000222 ) ;
#2816 = ADVANCED_FACE ( 'NONE', ( #51 ), #1607, .T. ) ;
#2817 = EDGE_CURVE ( 'NONE', #2655, #4602, #2526, .T. ) ;
#2818 = ORIENTED_EDGE ( 'NONE', *, *, #5404, .F. ) ;
#2819 = CARTESIAN_POINT ( 'NONE',  ( 6.250000000000000000, 0.1200000000000000094, 0.7699999999999999067 ) ) ;
#2820 = CARTESIAN_POINT ( 'NONE',  ( -2.228777735894150069, 1.930000000000000160, -2.626894517102379645 ) ) ;
#2821 = CARTESIAN_POINT ( 'NONE',  ( -12.25000000000000000, 1.930000000000000160, -0.7699999999999999067 ) ) ;
#2822 = DIRECTION ( 'NONE',  ( 0.000000000000000000, 1.000000000000000000, 0.000000000000000000 ) ) ;
#2823 = AXIS2_PLACEMENT_3D ( 'NONE', #924, #5800, #2646 ) ;
#2824 = DIRECTION ( 'NONE',  ( 0.000000000000000000, -1.000000000000000000, 0.000000000000000000 ) ) ;
#2825 = CARTESIAN_POINT ( 'NONE',  ( -10.25000000000000000, 1.930000000000000160, -0.7699999999999999067 ) ) ;
#2826 = VERTEX_POINT ( 'NONE', #1172 ) ;
#2827 = CARTESIAN_POINT ( 'NONE',  ( 0.000000000000000000, -2.200000000000000178, 0.000000000000000000 ) ) ;
#2828 = ORIENTED_EDGE ( 'NONE', *, *, #1598, .T. ) ;
#2829 = CARTESIAN_POINT ( 'NONE',  ( 1.474297749295910176, -2.200000000000000178, -1.495475224275219839 ) ) ;
#2830 = DIRECTION ( 'NONE',  ( 0.3786814106007040936, 0.000000000000000000, 0.9255270872672830551 ) ) ;
#2831 = CARTESIAN_POINT ( 'NONE',  ( -0.4098662319844609825, -2.200000000000000178, 2.719284772119110016 ) ) ;
#2832 = AXIS2_PLACEMENT_3D ( 'NONE', #734, #5034, #2392 ) ;
#2833 = ORIENTED_EDGE ( 'NONE', *, *, #520, .T. ) ;
#2834 = VERTEX_POINT ( 'NONE', #5902 ) ;
#2835 = CARTESIAN_POINT ( 'NONE',  ( 10.25000000000000000, 0.1200000000000000094, 0.000000000000000000 ) ) ;
#2836 = VERTEX_POINT ( 'NONE', #2727 ) ;
#2837 = AXIS2_PLACEMENT_3D ( 'NONE', #6111, #1841, #5125 ) ;
#2838 = ORIENTED_EDGE ( 'NONE', *, *, #2943, .T. ) ;
#2839 = DIRECTION ( 'NONE',  ( 0.000000000000000000, 1.000000000000000000, 0.000000000000000000 ) ) ;
#2840 = CARTESIAN_POINT ( 'NONE',  ( -2.222188178968634631, 2.090744719187457523, -2.473404013131342172 ) ) ;
#2841 = ORIENTED_EDGE ( 'NONE', *, *, #4668, .T. ) ;
#2842 = CARTESIAN_POINT ( 'NONE',  ( 0.000000000000000000, 2.350000000000000089, 0.000000000000000000 ) ) ;
#2843 = VECTOR ( 'NONE', #1094, 1000.000000000000000 ) ;
#2844 = EDGE_CURVE ( 'NONE', #6804, #4182, #5801, .T. ) ;
#2845 = FACE_BOUND ( 'NONE', #5221, .T. ) ;
#2846 = CARTESIAN_POINT ( 'NONE',  ( 0.000000000000000000, 0.5999999999999999778, 0.000000000000000000 ) ) ;
#2847 = EDGE_LOOP ( 'NONE', ( #3438, #4757, #6162, #4805 ) ) ;
#2848 = DIRECTION ( 'NONE',  ( 0.000000000000000000, -1.000000000000000000, 0.000000000000000000 ) ) ;
#2849 = VECTOR ( 'NONE', #6782, 1000.000000000000000 ) ;
#2850 = AXIS2_PLACEMENT_3D ( 'NONE', #865, #4502, #2915 ) ;
#2851 = ORIENTED_EDGE ( 'NONE', *, *, #5270, .F. ) ;
#2852 = DIRECTION ( 'NONE',  ( 0.000000000000000000, 1.000000000000000000, 0.000000000000000000 ) ) ;
#2853 = ADVANCED_FACE ( 'NONE', ( #4310 ), #5567, .T. ) ;
#2854 = EDGE_CURVE ( 'NONE', #1509, #49, #3849, .T. ) ;
#2855 = DIRECTION ( 'NONE',  ( 0.000000000000000000, 0.000000000000000000, -1.000000000000000000 ) ) ;
#2856 = EDGE_CURVE ( 'NONE', #1717, #1612, #3884, .T. ) ;
#2857 = DIRECTION ( 'NONE',  ( 0.9597102123655167905, 0.000000000000000000, 0.2809916516221340199 ) ) ;
#2858 = CARTESIAN_POINT ( 'NONE',  ( 2.097918202319720038, 0.5999999999999999778, 0.09348377600193219505 ) ) ;
#2859 = VECTOR ( 'NONE', #3480, 1000.000000000000114 ) ;
#2860 = VERTEX_POINT ( 'NONE', #6041 ) ;
#2861 = CARTESIAN_POINT ( 'NONE',  ( -2.559902808771560068, 0.5999999999999999778, -1.004687817007580142 ) ) ;
#2862 = PLANE ( 'NONE',  #4735 ) ;
#2863 = AXIS2_PLACEMENT_3D ( 'NONE', #5170, #6763, #2307 ) ;
#2864 = DIRECTION ( 'NONE',  ( 0.000000000000000000, 0.000000000000000000, 1.000000000000000000 ) ) ;
#2865 = CARTESIAN_POINT ( 'NONE',  ( -1.996972384009489732, 2.050000000000000266, -1.664962851688730039 ) ) ;
#2866 = EDGE_LOOP ( 'NONE', ( #688, #5633, #4452, #4252 ) ) ;
#2867 = FACE_OUTER_BOUND ( 'NONE', #3194, .T. ) ;
#2868 = CARTESIAN_POINT ( 'NONE',  ( -2.495244324181649542, 2.050000000000000266, 2.375243305987679854 ) ) ;
#2869 = EDGE_LOOP ( 'NONE', ( #6076, #6268, #6452 ) ) ;
#2870 = ADVANCED_FACE ( 'NONE', ( #5401 ), #2302, .F. ) ;
#2871 = ORIENTED_EDGE ( 'NONE', *, *, #5958, .F. ) ;
#2872 = CARTESIAN_POINT ( 'NONE',  ( 1.930720077974440008, 0.5999999999999999778, 0.8260266221535239595 ) ) ;
#2873 = ORIENTED_EDGE ( 'NONE', *, *, #239, .F. ) ;
#2874 = ORIENTED_EDGE ( 'NONE', *, *, #4278, .F. ) ;
#2875 = CARTESIAN_POINT ( 'NONE',  ( -14.08057142857140143, 0.1200000000000000094, -1.878272675864170127 ) ) ;
#2876 = CARTESIAN_POINT ( 'NONE',  ( 14.08571428571429962, 1.930000000000000160, 1.998162421132100075 ) ) ;
#2877 = CARTESIAN_POINT ( 'NONE',  ( -2.301618416106640197, 0.03741834724070769447, -2.471931045067579991 ) ) ;
#2878 = ORIENTED_EDGE ( 'NONE', *, *, #1641, .T. ) ;
#2879 = DIRECTION ( 'NONE',  ( 0.000000000000000000, 0.000000000000000000, -1.000000000000000000 ) ) ;
#2880 = AXIS2_PLACEMENT_3D ( 'NONE', #5370, #6403, #3188 ) ;
#2881 = CARTESIAN_POINT ( 'NONE',  ( -0.8105767296299890567, 0.5999999999999999778, -2.627825215911889778 ) ) ;
#2882 = CARTESIAN_POINT ( 'NONE',  ( -2.151101281907981999, 1.929999999999999272, 2.535426662114221852 ) ) ;
#2883 = CARTESIAN_POINT ( 'NONE',  ( -14.08571428571429962, 0.1200000000000000094, 1.998162421132100075 ) ) ;
#2884 = ORIENTED_EDGE ( 'NONE', *, *, #2107, .F. ) ;
#2885 = DIRECTION ( 'NONE',  ( 0.000000000000000000, 0.000000000000000000, -1.000000000000000000 ) ) ;
#2886 = AXIS2_PLACEMENT_3D ( 'NONE', #6912, #1477, #6944 ) ;
#2887 = ORIENTED_EDGE ( 'NONE', *, *, #5799, .T. ) ;
#2888 = DIRECTION ( 'NONE',  ( 0.000000000000000000, 0.000000000000000000, -1.000000000000000000 ) ) ;
#2889 = FACE_OUTER_BOUND ( 'NONE', #5168, .T. ) ;
#2890 = DIRECTION ( 'NONE',  ( 0.000000000000000000, 1.000000000000000000, 0.000000000000000000 ) ) ;
#2891 = CYLINDRICAL_SURFACE ( 'NONE', #6137, 0.6500000000000000222 ) ;
#2892 = DIRECTION ( 'NONE',  ( -0.9908706747644355772, 0.000000000000000000, -0.1348158221125109468 ) ) ;
#2893 = VECTOR ( 'NONE', #3189, 1000.000000000000000 ) ;
#2894 = EDGE_CURVE ( 'NONE', #5496, #2621, #1611, .T. ) ;
#2895 = CARTESIAN_POINT ( 'NONE',  ( 8.250000000000000000, 1.930000000000000160, 0.7699999999999999067 ) ) ;
#2896 = ADVANCED_FACE ( 'NONE', ( #5369 ), #88, .F. ) ;
#2897 = VECTOR ( 'NONE', #1844, 1000.000000000000000 ) ;
#2898 = CARTESIAN_POINT ( 'NONE',  ( 0.000000000000000000, 0.5999999999999999778, -2.750000000000000000 ) ) ;
#2899 = DIRECTION ( 'NONE',  ( 0.000000000000000000, 0.000000000000000000, 1.000000000000000000 ) ) ;
#2900 = FACE_OUTER_BOUND ( 'NONE', #1004, .T. ) ;
#2901 = ORIENTED_EDGE ( 'NONE', *, *, #1907, .T. ) ;
#2902 = ADVANCED_FACE ( 'NONE', ( #1099 ), #5287, .F. ) ;
#2903 = AXIS2_PLACEMENT_3D ( 'NONE', #5395, #3526, #2366 ) ;
#2904 = DIRECTION ( 'NONE',  ( 0.000000000000000000, -1.000000000000000000, 0.000000000000000000 ) ) ;
#2905 = CARTESIAN_POINT ( 'NONE',  ( 2.371628866147770687, -0.01834561849416748922, 2.330926720047460154 ) ) ;
#2906 = EDGE_CURVE ( 'NONE', #4990, #5622, #4049, .T. ) ;
#2907 = CARTESIAN_POINT ( 'NONE',  ( -14.00000000000000000, 0.1200000000000000094, 0.000000000000000000 ) ) ;
#2908 = ORIENTED_EDGE ( 'NONE', *, *, #2601, .F. ) ;
#2909 = APPROVAL_ROLE ( '' ) ;
#2910 = VECTOR ( 'NONE', #5591, 1000.000000000000000 ) ;
#2911 = EDGE_LOOP ( 'NONE', ( #706, #1362, #1466, #422 ) ) ;
#2912 = CARTESIAN_POINT ( 'NONE',  ( 2.495244324181649542, 2.050000000000000266, -2.375243305987679854 ) ) ;
#2913 = VERTEX_POINT ( 'NONE', #6240 ) ;
#2914 = VERTEX_POINT ( 'NONE', #1371 ) ;
#2915 = DIRECTION ( 'NONE',  ( 0.000000000000000000, 0.000000000000000000, -1.000000000000000000 ) ) ;
#2916 = CARTESIAN_POINT ( 'NONE',  ( 0.8534771780767229643, -2.200000000000000178, -1.918743522856089845 ) ) ;
#2917 = ADVANCED_FACE ( 'NONE', ( #1338 ), #5035, .T. ) ;
#2918 = CARTESIAN_POINT ( 'NONE',  ( 2.190572461040605656, 2.052458606680161779, -2.501411608222723792 ) ) ;
#2919 = VECTOR ( 'NONE', #5005, 1000.000000000000000 ) ;
#2920 = VERTEX_POINT ( 'NONE', #2923 ) ;
#2921 = CARTESIAN_POINT ( 'NONE',  ( -1.809541211016129969, 2.050000000000000266, 1.866965614475610158 ) ) ;
#2922 = CARTESIAN_POINT ( 'NONE',  ( 4.250000000000000000, 0.1200000000000000094, 0.000000000000000000 ) ) ;
#2923 = CARTESIAN_POINT ( 'NONE',  ( -1.474297749295930160, 0.000000000000000000, -1.495475224275200077 ) ) ;
#2924 = EDGE_LOOP ( 'NONE', ( #2357, #5630, #6872, #6765 ) ) ;
#2925 = DIRECTION ( 'NONE',  ( 0.8342492370898398901, 0.000000000000000000, 0.5513875319727679081 ) ) ;
#2926 = ORIENTED_EDGE ( 'NONE', *, *, #2945, .F. ) ;
#2927 = DIRECTION ( 'NONE',  ( 0.000000000000000000, 0.000000000000000000, 1.000000000000000000 ) ) ;
#2928 = VERTEX_POINT ( 'NONE', #6132 ) ;
#2929 = DIRECTION ( 'NONE',  ( 0.000000000000000000, 0.000000000000000000, -1.000000000000000000 ) ) ;
#2930 = CARTESIAN_POINT ( 'NONE',  ( -2.301511028871729980, 2.012539716750719965, -2.471981467203240523 ) ) ;
#2931 = CARTESIAN_POINT ( 'NONE',  ( -14.00000000000000000, 2.050000000000000266, 0.000000000000000000 ) ) ;
#2932 = LINE ( 'NONE', #3422, #5374 ) ;
#2933 = DIRECTION ( 'NONE',  ( 0.000000000000000000, 1.000000000000000000, 0.000000000000000000 ) ) ;
#2934 = EDGE_CURVE ( 'NONE', #5274, #2801, #4441, .T. ) ;
#2935 = CARTESIAN_POINT ( 'NONE',  ( 14.25000000000000000, 1.930000000000000160, 0.000000000000000000 ) ) ;
#2936 = ORIENTED_EDGE ( 'NONE', *, *, #6431, .T. ) ;
#2937 = AXIS2_PLACEMENT_3D ( 'NONE', #553, #4854, #1113 ) ;
#2938 = DIRECTION ( 'NONE',  ( 0.000000000000000000, -1.000000000000000000, 0.000000000000000000 ) ) ;
#2939 = DIRECTION ( 'NONE',  ( 0.000000000000000000, 0.000000000000000000, 1.000000000000000000 ) ) ;
#2940 = DIRECTION ( 'NONE',  ( 0.000000000000000000, 1.000000000000000000, 0.000000000000000000 ) ) ;
#2941 = ORIENTED_EDGE ( 'NONE', *, *, #3030, .T. ) ;
#2942 = VECTOR ( 'NONE', #1874, 1000.000000000000000 ) ;
#2943 = EDGE_CURVE ( 'NONE', #1151, #6235, #4615, .T. ) ;
#2944 = ORIENTED_EDGE ( 'NONE', *, *, #3929, .T. ) ;
#2945 = EDGE_CURVE ( 'NONE', #3374, #5558, #3648, .T. ) ;
#2946 = CIRCLE ( 'NONE', #2710, 3.445000000000000284 ) ;
#2947 = CARTESIAN_POINT ( 'NONE',  ( -2.322256832556967243, -0.02220845122508679353, 2.380657584835430551 ) ) ;
#2948 = ORIENTED_EDGE ( 'NONE', *, *, #3121, .F. ) ;
#2949 = EDGE_CURVE ( 'NONE', #775, #5134, #5605, .T. ) ;
#2950 = VERTEX_POINT ( 'NONE', #1931 ) ;
#2951 = CARTESIAN_POINT ( 'NONE',  ( 0.000000000000000000, 2.050000000000000266, 0.000000000000000000 ) ) ;
#2952 = DIRECTION ( 'NONE',  ( -1.000000000000000000, 0.000000000000000000, 0.000000000000000000 ) ) ;
#2953 = CIRCLE ( 'NONE', #811, 3.324999999999999734 ) ;
#2954 = DIRECTION ( 'NONE',  ( 0.000000000000000000, -1.000000000000000000, 0.000000000000000000 ) ) ;
#2955 = ORIENTED_EDGE ( 'NONE', *, *, #838, .T. ) ;
#2956 = DIRECTION ( 'NONE',  ( 0.000000000000000000, 0.000000000000000000, 1.000000000000000000 ) ) ;
#2957 = DIRECTION ( 'NONE',  ( 0.04285714285714280897, 0.000000000000000000, 0.9990812105660493714 ) ) ;
#2958 = EDGE_CURVE ( 'NONE', #5326, #2552, #3029, .T. ) ;
#2959 = FACE_OUTER_BOUND ( 'NONE', #1398, .T. ) ;
#2960 = VECTOR ( 'NONE', #5254, 1000.000000000000114 ) ;
#2961 = VERTEX_POINT ( 'NONE', #5111 ) ;
#2962 = CARTESIAN_POINT ( 'NONE',  ( 2.380549763303420274, 0.009034630121923039464, -2.434603292245270278 ) ) ;
#2963 = AXIS2_PLACEMENT_3D ( 'NONE', #2827, #2721, #5434 ) ;
#2964 = ORIENTED_EDGE ( 'NONE', *, *, #1253, .F. ) ;
#2965 = LINE ( 'NONE', #1232, #921 ) ;
#2966 = ORIENTED_EDGE ( 'NONE', *, *, #787, .T. ) ;
#2967 = CARTESIAN_POINT ( 'NONE',  ( 0.1114285714285710160, 0.5999999999999999778, -2.597611147471729609 ) ) ;
#2968 = DIRECTION ( 'NONE',  ( 0.1348158221125249911, 0.000000000000000000, 0.9908706747644336899 ) ) ;
#2969 = CIRCLE ( 'NONE', #1951, 3.205000000000000071 ) ;
#2970 = AXIS2_PLACEMENT_3D ( 'NONE', #4410, #5993, #2788 ) ;
#2971 = LINE ( 'NONE', #5122, #5497 ) ;
#2972 = DIRECTION ( 'NONE',  ( -1.000000000000000000, 0.000000000000000000, 0.000000000000000000 ) ) ;
#2973 = DIRECTION ( 'NONE',  ( 0.000000000000000000, 1.000000000000000000, 0.000000000000000000 ) ) ;
#2974 = ORIENTED_EDGE ( 'NONE', *, *, #6220, .F. ) ;
#2975 = CARTESIAN_POINT ( 'NONE',  ( 10.25000000000000000, 0.1200000000000000094, -0.7699999999999999067 ) ) ;
#2976 = CARTESIAN_POINT ( 'NONE',  ( 2.201288466400971977, -0.02095159904717957405, 2.492100303843180598 ) ) ;
#2977 = AXIS2_PLACEMENT_3D ( 'NONE', #5248, #6273, #980 ) ;
#2978 = EDGE_CURVE ( 'NONE', #6195, #1739, #5071, .T. ) ;
#2979 = LINE ( 'NONE', #6155, #658 ) ;
#2980 = VERTEX_POINT ( 'NONE', #1261 ) ;
#2981 = CARTESIAN_POINT ( 'NONE',  ( 2.223635094200719919, 1.950334041121619899, -2.507004762592420555 ) ) ;
#2982 = ORIENTED_EDGE ( 'NONE', *, *, #1985, .F. ) ;
#2983 = VECTOR ( 'NONE', #3177, 1000.000000000000000 ) ;
#2984 = EDGE_LOOP ( 'NONE', ( #5215, #3066, #2623, #3279 ) ) ;
#2985 = FACE_OUTER_BOUND ( 'NONE', #482, .T. ) ;
#2986 = DIRECTION ( 'NONE',  ( 1.000000000000000000, -0.000000000000000000, 1.224646799147353207E-16 ) ) ;
#2987 = CARTESIAN_POINT ( 'NONE',  ( 4.250000000000000000, 1.930000000000000160, 0.6500000000000000222 ) ) ;
#2988 = EDGE_CURVE ( 'NONE', #4549, #4092, #2175, .T. ) ;
#2989 = EDGE_CURVE ( 'NONE', #2273, #216, #1409, .T. ) ;
#2990 = ORIENTED_EDGE ( 'NONE', *, *, #3993, .F. ) ;
#2991 = ADVANCED_FACE ( 'NONE', ( #4508 ), #2393, .T. ) ;
#2992 = DIRECTION ( 'NONE',  ( 0.9990812105660493714, 0.000000000000000000, -0.04285714285714280897 ) ) ;
#2993 = DIRECTION ( 'NONE',  ( 0.000000000000000000, 0.000000000000000000, 1.000000000000000000 ) ) ;
#2994 = CARTESIAN_POINT ( 'NONE',  ( -2.223634878751290067, 1.930000000000000160, 2.507004771834460133 ) ) ;
#2995 = ORIENTED_EDGE ( 'NONE', *, *, #4881, .F. ) ;
#2996 = CARTESIAN_POINT ( 'NONE',  ( 2.408281810690523272, -4.367488311398281006E-15, -2.292462984221227185 ) ) ;
#2997 = CARTESIAN_POINT ( 'NONE',  ( -12.25000000000000000, 0.1200000000000000094, -0.7699999999999999067 ) ) ;
#2998 = AXIS2_PLACEMENT_3D ( 'NONE', #4384, #6610, #3285 ) ;
#2999 = ADVANCED_FACE ( 'NONE', ( #2959 ), #6582, .T. ) ;
#3000 = ORIENTED_EDGE ( 'NONE', *, *, #5480, .T. ) ;
#3001 = DIRECTION ( 'NONE',  ( 0.6346615560562528513, 0.000000000000000000, 0.7727902103832939851 ) ) ;
#3002 = ORIENTED_EDGE ( 'NONE', *, *, #5482, .T. ) ;
#3003 = DIRECTION ( 'NONE',  ( -0.08905375999726940217, 0.000000000000000000, 0.9960268208388510791 ) ) ;
#3004 = CARTESIAN_POINT ( 'NONE',  ( -10.25000000000000000, 1.930000000000000160, 0.000000000000000000 ) ) ;
#3005 = AXIS2_PLACEMENT_3D ( 'NONE', #3427, #2904, #4948 ) ;
#3006 = VECTOR ( 'NONE', #2925, 999.9999999999998863 ) ;
#3007 = LINE ( 'NONE', #5050, #3694 ) ;
#3008 = DIRECTION ( 'NONE',  ( 0.000000000000000000, 1.000000000000000000, 0.000000000000000000 ) ) ;
#3009 = AXIS2_PLACEMENT_3D ( 'NONE', #3542, #5636, #243 ) ;
#3010 = PLANE ( 'NONE',  #589 ) ;
#3011 = ORIENTED_EDGE ( 'NONE', *, *, #1450, .T. ) ;
#3012 = CARTESIAN_POINT ( 'NONE',  ( 12.25000000000000000, 0.000000000000000000, 0.7699999999999999067 ) ) ;
#3013 = VECTOR ( 'NONE', #6645, 1000.000000000000000 ) ;
#3014 = FACE_OUTER_BOUND ( 'NONE', #6047, .T. ) ;
#3015 = DIRECTION ( 'NONE',  ( 0.000000000000000000, -1.000000000000000000, 0.000000000000000000 ) ) ;
#3016 = VERTEX_POINT ( 'NONE', #873 ) ;
#3017 = CARTESIAN_POINT ( 'NONE',  ( 2.439542877549150113, 2.050000000000000266, -2.405103189165430422 ) ) ;
#3018 = VERTEX_POINT ( 'NONE', #804 ) ;
#3019 = VECTOR ( 'NONE', #188, 1000.000000000000000 ) ;
#3020 = ORIENTED_EDGE ( 'NONE', *, *, #4666, .T. ) ;
#3021 = DIRECTION ( 'NONE',  ( 0.000000000000000000, 0.000000000000000000, 1.000000000000000000 ) ) ;
#3022 = DIRECTION ( 'NONE',  ( 0.8342492370898318965, 0.000000000000000000, -0.5513875319727798985 ) ) ;
#3023 = PLANE ( 'NONE',  #1200 ) ;
#3024 = ORIENTED_EDGE ( 'NONE', *, *, #5947, .F. ) ;
#3025 = VECTOR ( 'NONE', #5690, 999.9999999999998863 ) ;
#3026 = DIRECTION ( 'NONE',  ( -0.9990812105660493714, 0.000000000000000000, 0.04285714285714280897 ) ) ;
#3027 = CARTESIAN_POINT ( 'NONE',  ( 2.495244324181649542, 2.050000000000000266, -2.375243305987679854 ) ) ;
#3028 = LINE ( 'NONE', #5179, #3623 ) ;
#3029 = LINE ( 'NONE', #4577, #5229 ) ;
#3030 = EDGE_CURVE ( 'NONE', #6494, #1270, #161, .T. ) ;
#3031 = ORIENTED_EDGE ( 'NONE', *, *, #6707, .F. ) ;
#3032 = VECTOR ( 'NONE', #3026, 999.9999999999998863 ) ;
#3033 = CYLINDRICAL_SURFACE ( 'NONE', #80, 0.1199999999999998845 ) ;
#3034 = CARTESIAN_POINT ( 'NONE',  ( 6.250000000000000000, 1.930000000000000160, 0.7699999999999999067 ) ) ;
#3035 = ORIENTED_EDGE ( 'NONE', *, *, #6955, .F. ) ;
#3036 = FACE_OUTER_BOUND ( 'NONE', #5914, .T. ) ;
#3037 = ORIENTED_EDGE ( 'NONE', *, *, #4060, .F. ) ;
#3038 = EDGE_CURVE ( 'NONE', #1561, #2209, #5213, .T. ) ;
#3039 = DIRECTION ( 'NONE',  ( 0.000000000000000000, 0.000000000000000000, 1.000000000000000000 ) ) ;
#3040 = EDGE_CURVE ( 'NONE', #1606, #2555, #6375, .T. ) ;
#3041 = EDGE_CURVE ( 'NONE', #3234, #6774, #6409, .T. ) ;
#3042 = DIRECTION ( 'NONE',  ( 0.000000000000000000, 1.000000000000000000, 0.000000000000000000 ) ) ;
#3043 = CARTESIAN_POINT ( 'NONE',  ( 2.276541277376330275, 2.000449171444509844, -2.483406930441729887 ) ) ;
#3044 = FACE_OUTER_BOUND ( 'NONE', #2321, .T. ) ;
#3045 = EDGE_CURVE ( 'NONE', #4233, #1288, #4885, .T. ) ;
#3046 = DIRECTION ( 'NONE',  ( 0.000000000000000000, 0.000000000000000000, -1.000000000000000000 ) ) ;
#3047 = CARTESIAN_POINT ( 'NONE',  ( -2.381569860407199979, 0.5999999999999999778, 1.375000000000000000 ) ) ;
#3048 = DIRECTION ( 'NONE',  ( 0.9512380230706051210, 0.000000000000000000, 0.3084578147246829771 ) ) ;
#3049 = ORIENTED_EDGE ( 'NONE', *, *, #4406, .F. ) ;
#3050 = DIRECTION ( 'NONE',  ( 0.000000000000000000, 0.000000000000000000, 1.000000000000000000 ) ) ;
#3051 = ORIENTED_EDGE ( 'NONE', *, *, #3456, .F. ) ;
#3052 = AXIS2_PLACEMENT_3D ( 'NONE', #3643, #1983, #1463 ) ;
#3053 = ORIENTED_EDGE ( 'NONE', *, *, #6307, .F. ) ;
#3054 = DIRECTION ( 'NONE',  ( 0.000000000000000000, 0.000000000000000000, 1.000000000000000000 ) ) ;
#3055 = CARTESIAN_POINT ( 'NONE',  ( 6.250000000000000000, 1.930000000000000160, -0.7699999999999999067 ) ) ;
#3056 = CARTESIAN_POINT ( 'NONE',  ( 2.205638859286881637, 2.072276193512282205, -2.488139466409021949 ) ) ;
#3057 = CIRCLE ( 'NONE', #2708, 0.1199999999999998845 ) ;
#3058 = ORIENTED_EDGE ( 'NONE', *, *, #2509, .T. ) ;
#3059 = DIRECTION ( 'NONE',  ( 0.000000000000000000, 0.000000000000000000, 1.000000000000000000 ) ) ;
#3060 = LINE ( 'NONE', #6304, #3702 ) ;
#3061 = CARTESIAN_POINT ( 'NONE',  ( -2.301618416106640197, 0.03741834724070769447, -2.471931045067579991 ) ) ;
#3062 = AXIS2_PLACEMENT_3D ( 'NONE', #708, #220, #6067 ) ;
#3063 = ORIENTED_EDGE ( 'NONE', *, *, #6242, .F. ) ;
#3064 = DIRECTION ( 'NONE',  ( 0.000000000000000000, 0.000000000000000000, 1.000000000000000000 ) ) ;
#3065 = FACE_OUTER_BOUND ( 'NONE', #3376, .T. ) ;
#3066 = ORIENTED_EDGE ( 'NONE', *, *, #293, .T. ) ;
#3067 = EDGE_CURVE ( 'NONE', #4877, #3772, #1845, .T. ) ;
#3068 = AXIS2_PLACEMENT_3D ( 'NONE', #2037, #3135, #986 ) ;
#3069 = AXIS2_PLACEMENT_3D ( 'NONE', #3, #1639, #4294 ) ;
#3070 = DIRECTION ( 'NONE',  ( -0.9780252003871725552, 0.000000000000000000, 0.2084867079878978957 ) ) ;
#3071 = ORIENTED_EDGE ( 'NONE', *, *, #614, .F. ) ;
#3072 = CARTESIAN_POINT ( 'NONE',  ( -14.25000000000000000, 2.050000000000000266, -0.7699999999999999067 ) ) ;
#3073 = DIRECTION ( 'NONE',  ( 0.000000000000000000, -1.000000000000000000, 0.000000000000000000 ) ) ;
#3074 = VECTOR ( 'NONE', #3461, 1000.000000000000000 ) ;
#3075 = ADVANCED_FACE ( 'NONE', ( #4153 ), #5280, .F. ) ;
#3076 = EDGE_CURVE ( 'NONE', #2834, #4855, #5339, .T. ) ;
#3077 = CARTESIAN_POINT ( 'NONE',  ( -2.276613085301959938, 0.04948003430390929963, 2.483374988984719867 ) ) ;
#3078 = ADVANCED_FACE ( 'NONE', ( #6305 ), #4377, .F. ) ;
#3079 = CARTESIAN_POINT ( 'NONE',  ( -10.25000000000000000, 0.000000000000000000, 0.000000000000000000 ) ) ;
#3080 = CIRCLE ( 'NONE', #5786, 3.324999999999999734 ) ;
#3081 = CARTESIAN_POINT ( 'NONE',  ( -10.25000000000000000, 2.050000000000000266, 0.000000000000000000 ) ) ;
#3082 = DIRECTION ( 'NONE',  ( 0.000000000000000000, -1.000000000000000000, 0.000000000000000000 ) ) ;
#3083 = CIRCLE ( 'NONE', #716, 0.1199999999999999956 ) ;
#3084 = PLANE ( 'NONE',  #1545 ) ;
#3085 = DIRECTION ( 'NONE',  ( 0.000000000000000000, 0.000000000000000000, 1.000000000000000000 ) ) ;
#3086 = ORIENTED_EDGE ( 'NONE', *, *, #6881, .F. ) ;
#3087 = AXIS2_PLACEMENT_3D ( 'NONE', #2264, #3356, #6433 ) ;
#3088 = ORIENTED_EDGE ( 'NONE', *, *, #5056, .T. ) ;
#3089 = ORIENTED_EDGE ( 'NONE', *, *, #3297, .F. ) ;
#3090 = DIRECTION ( 'NONE',  ( 0.9990812105660493714, 0.000000000000000000, -0.04285714285714280897 ) ) ;
#3091 = DIRECTION ( 'NONE',  ( 0.000000000000000000, 0.000000000000000000, 1.000000000000000000 ) ) ;
#3092 = CARTESIAN_POINT ( 'NONE',  ( -2.186779462265852736, 0.003140436388797060441, -2.504728462957392932 ) ) ;
#3093 = ADVANCED_FACE ( 'NONE', ( #455 ), #5448, .T. ) ;
#3094 = VERTEX_POINT ( 'NONE', #3655 ) ;
#3095 = FACE_OUTER_BOUND ( 'NONE', #5385, .T. ) ;
#3096 = CARTESIAN_POINT ( 'NONE',  ( 0.000000000000000000, 0.5999999999999999778, 0.000000000000000000 ) ) ;
#3097 = CARTESIAN_POINT ( 'NONE',  ( -2.495244324181649542, -1.084202172485499997E-16, -2.375243305987670084 ) ) ;
#3098 = ORIENTED_EDGE ( 'NONE', *, *, #1117, .F. ) ;
#3099 = DIRECTION ( 'NONE',  ( 0.000000000000000000, 1.000000000000000000, 0.000000000000000000 ) ) ;
#3100 = CARTESIAN_POINT ( 'NONE',  ( 14.08057142857140143, 1.930000000000000160, 1.878272675864170127 ) ) ;
#3101 = ORIENTED_EDGE ( 'NONE', *, *, #4961, .T. ) ;
#3102 = CARTESIAN_POINT ( 'NONE',  ( 0.000000000000000000, 2.169999999999999929, 0.000000000000000000 ) ) ;
#3103 = VERTEX_POINT ( 'NONE', #5818 ) ;
#3104 = LINE ( 'NONE', #5256, #806 ) ;
#3105 = CARTESIAN_POINT ( 'NONE',  ( 2.495244324181649542, 0.000000000000000000, -2.375243305987679854 ) ) ;
#3106 = VECTOR ( 'NONE', #833, 1000.000000000000000 ) ;
#3107 = CARTESIAN_POINT ( 'NONE',  ( -2.237085513683249705, 0.08065259966654669821, 2.501136137133439963 ) ) ;
#3108 = FACE_OUTER_BOUND ( 'NONE', #2122, .T. ) ;
#3109 = AXIS2_PLACEMENT_3D ( 'NONE', #371, #1354, #2515 ) ;
#3110 = DIRECTION ( 'NONE',  ( 0.000000000000000000, 0.000000000000000000, 1.000000000000000000 ) ) ;
#3111 = ADVANCED_FACE ( 'NONE', ( #2596 ), #6908, .F. ) ;
#3112 = EDGE_CURVE ( 'NONE', #1480, #5422, #1140, .T. ) ;
#3113 = DIRECTION ( 'NONE',  ( 0.000000000000000000, -1.000000000000000000, 0.000000000000000000 ) ) ;
#3114 = DIRECTION ( 'NONE',  ( 0.000000000000000000, -1.000000000000000000, 0.000000000000000000 ) ) ;
#3115 = VECTOR ( 'NONE', #218, 1000.000000000000000 ) ;
#3116 = CARTESIAN_POINT ( 'NONE',  ( -2.228777735894150069, 0.1200000000000000094, 2.626894517102379645 ) ) ;
#3117 = VERTEX_POINT ( 'NONE', #3290 ) ;
#3118 = B_SPLINE_CURVE_WITH_KNOTS ( 'NONE', 3,
 ( #2131, #6341, #4686, #5283, #2002, #983, #1574, #391, #6377, #4224, #4782, #6308, #5784, #3721 ),
 .UNSPECIFIED., .F., .F.,
 ( 4, 2, 2, 2, 2, 2, 4 ),
 ( 0.000000000000000000, 0.1250000000000002220, 0.1875000000000003331, 0.2500000000000004441, 0.3750000000000008882, 0.5000000000000013323, 1.000000000000000000 ),
 .UNSPECIFIED. ) ;
#3119 = ORIENTED_EDGE ( 'NONE', *, *, #5015, .T. ) ;
#3120 = EDGE_CURVE ( 'NONE', #1361, #3969, #1056, .T. ) ;
#3121 = EDGE_CURVE ( 'NONE', #3171, #1678, #6013, .T. ) ;
#3122 = VECTOR ( 'NONE', #6511, 1000.000000000000000 ) ;
#3123 = ORIENTED_EDGE ( 'NONE', *, *, #1673, .F. ) ;
#3124 = EDGE_CURVE ( 'NONE', #6334, #1137, #4997, .T. ) ;
#3125 = CARTESIAN_POINT ( 'NONE',  ( -8.250000000000000000, 1.930000000000000160, 0.000000000000000000 ) ) ;
#3126 = FACE_OUTER_BOUND ( 'NONE', #843, .T. ) ;
#3127 = DIRECTION ( 'NONE',  ( 0.000000000000000000, 1.000000000000000000, 0.000000000000000000 ) ) ;
#3128 = ORIENTED_EDGE ( 'NONE', *, *, #4158, .F. ) ;
#3129 = AXIS2_PLACEMENT_3D ( 'NONE', #4069, #2481, #721 ) ;
#3130 = CARTESIAN_POINT ( 'NONE',  ( -2.223635094200719919, 0.09966595887837659262, -2.507004762592420555 ) ) ;
#3131 = ORIENTED_EDGE ( 'NONE', *, *, #1872, .F. ) ;
#3132 = CARTESIAN_POINT ( 'NONE',  ( 14.08057142857140143, 0.1200000000000000094, -1.878272675864170127 ) ) ;
#3133 = CARTESIAN_POINT ( 'NONE',  ( -4.250000000000000000, 0.000000000000000000, 0.000000000000000000 ) ) ;
#3134 = VECTOR ( 'NONE', #3336, 1000.000000000000000 ) ;
#3135 = DIRECTION ( 'NONE',  ( 0.000000000000000000, -1.000000000000000000, 0.000000000000000000 ) ) ;
#3136 = EDGE_LOOP ( 'NONE', ( #6398, #5939, #4004, #3738 ) ) ;
#3137 = CIRCLE ( 'NONE', #5380, 0.7699999999999999067 ) ;
#3138 = DIRECTION ( 'NONE',  ( 0.000000000000000000, 1.000000000000000000, 0.000000000000000000 ) ) ;
#3139 = ORIENTED_EDGE ( 'NONE', *, *, #2427, .F. ) ;
#3140 = ORIENTED_EDGE ( 'NONE', *, *, #1906, .F. ) ;
#3141 = DIRECTION ( 'NONE',  ( 0.000000000000000000, -1.000000000000000000, 0.000000000000000000 ) ) ;
#3142 = CARTESIAN_POINT ( 'NONE',  ( -1.178850596882419888, 2.050000000000000266, 2.317393205787479982 ) ) ;
#3143 = DIRECTION ( 'NONE',  ( 0.000000000000000000, 0.000000000000000000, -1.000000000000000000 ) ) ;
#3144 = DIRECTION ( 'NONE',  ( -0.2365091976266340545, 0.000000000000000000, -0.9716292499909652269 ) ) ;
#3145 = AXIS2_PLACEMENT_3D ( 'NONE', #3379, #1273, #5043 ) ;
#3146 = DIRECTION ( 'NONE',  ( -0.000000000000000000, 1.000000000000000000, 0.000000000000000000 ) ) ;
#3147 = LINE ( 'NONE', #2652, #5760 ) ;
#3148 = ORIENTED_EDGE ( 'NONE', *, *, #3368, .F. ) ;
#3149 = ADVANCED_FACE ( 'NONE', ( #4952 ), #6927, .T. ) ;
#3150 = EDGE_LOOP ( 'NONE', ( #6577, #253, #6865, #2268 ) ) ;
#3151 = VERTEX_POINT ( 'NONE', #651 ) ;
#3152 = CARTESIAN_POINT ( 'NONE',  ( 2.495244324181649542, 2.050000000000000266, 2.375243305987679854 ) ) ;
#3153 = CARTESIAN_POINT ( 'NONE',  ( -2.151413617528585842, 0.08161338242194778048, -2.535161646269197266 ) ) ;
#3154 = ORIENTED_EDGE ( 'NONE', *, *, #279, .T. ) ;
#3155 = ADVANCED_FACE ( 'NONE', ( #546 ), #1166, .T. ) ;
#3156 = EDGE_CURVE ( 'NONE', #1034, #2928, #5121, .T. ) ;
#3157 = APPLICATION_PROTOCOL_DEFINITION ( 'international standard', 'config_control_design', 1994, #704 ) ;
#3158 = EDGE_CURVE ( 'NONE', #1, #3869, #4426, .T. ) ;
#3159 = DIRECTION ( 'NONE',  ( 7.671981247365798045E-15, 0.000000000000000000, 1.000000000000000000 ) ) ;
#3160 = VERTEX_POINT ( 'NONE', #4882 ) ;
#3161 = DIRECTION ( 'NONE',  ( 0.000000000000000000, 0.000000000000000000, 1.000000000000000000 ) ) ;
#3162 = LINE ( 'NONE', #2068, #1801 ) ;
#3163 = VECTOR ( 'NONE', #6679, 1000.000000000000000 ) ;
#3164 = AXIS2_PLACEMENT_3D ( 'NONE', #6378, #2700, #3692 ) ;
#3165 = EDGE_LOOP ( 'NONE', ( #2054, #306, #6463, #2027 ) ) ;
#3166 = EDGE_CURVE ( 'NONE', #1181, #6583, #3553, .T. ) ;
#3167 = CARTESIAN_POINT ( 'NONE',  ( 1.680720077974450000, -2.200000000000000178, 1.259039324045750030 ) ) ;
#3168 = CIRCLE ( 'NONE', #4065, 0.7699999999999999067 ) ;
#3169 = ORIENTED_EDGE ( 'NONE', *, *, #6080, .F. ) ;
#3170 = FACE_OUTER_BOUND ( 'NONE', #2414, .T. ) ;
#3171 = VERTEX_POINT ( 'NONE', #27 ) ;
#3172 = AXIS2_PLACEMENT_3D ( 'NONE', #3909, #1791, #2927 ) ;
#3173 = ORIENTED_EDGE ( 'NONE', *, *, #4629, .F. ) ;
#3174 = EDGE_CURVE ( 'NONE', #6151, #3920, #3751, .T. ) ;
#3175 = CARTESIAN_POINT ( 'NONE',  ( 1.870475028870050016, 0.000000000000000000, 2.015892647532010251 ) ) ;
#3176 = CYLINDRICAL_SURFACE ( 'NONE', #5763, 0.6500000000000000222 ) ;
#3177 = DIRECTION ( 'NONE',  ( 0.000000000000000000, -1.000000000000000000, 0.000000000000000000 ) ) ;
#3178 = DIRECTION ( 'NONE',  ( 0.000000000000000000, 0.000000000000000000, 1.000000000000000000 ) ) ;
#3179 = VECTOR ( 'NONE', #1078, 1000.000000000000227 ) ;
#3180 = CARTESIAN_POINT ( 'NONE',  ( 2.182491370753300242, 0.09062809243583191954, 2.508769528553308703 ) ) ;
#3181 = CARTESIAN_POINT ( 'NONE',  ( 10.25000000000000000, -2.200000000000000178, 0.6500000000000000222 ) ) ;
#3182 = AXIS2_PLACEMENT_3D ( 'NONE', #1239, #4906, #5510 ) ;
#3183 = ORIENTED_EDGE ( 'NONE', *, *, #6791, .F. ) ;
#3184 = ORIENTED_EDGE ( 'NONE', *, *, #1005, .T. ) ;
#3185 = AXIS2_PLACEMENT_3D ( 'NONE', #1419, #2010, #5223 ) ;
#3186 = ORIENTED_EDGE ( 'NONE', *, *, #5286, .F. ) ;
#3187 = DIRECTION ( 'NONE',  ( -0.6894755605189183401, 2.491769668634271462E-15, -0.7243089475128163812 ) ) ;
#3188 = DIRECTION ( 'NONE',  ( 0.000000000000000000, 0.000000000000000000, 1.000000000000000000 ) ) ;
#3189 = DIRECTION ( 'NONE',  ( 0.000000000000000000, -1.000000000000000000, 0.000000000000000000 ) ) ;
#3190 = TOROIDAL_SURFACE ( 'NONE', #1160, 0.7699999999999999067, 0.1200000000000000094 ) ;
#3191 = ORIENTED_EDGE ( 'NONE', *, *, #1907, .F. ) ;
#3192 = CARTESIAN_POINT ( 'NONE',  ( -14.08057142857140143, 0.000000000000000000, 1.878272675864170127 ) ) ;
#3193 = AXIS2_PLACEMENT_3D ( 'NONE', #1301, #4084, #3442 ) ;
#3194 = EDGE_LOOP ( 'NONE', ( #2076, #2756, #578, #6605 ) ) ;
#3195 = EDGE_CURVE ( 'NONE', #4295, #6917, #6819, .T. ) ;
#3196 = CARTESIAN_POINT ( 'NONE',  ( 1.129918426019259847, 0.5999999999999999778, 1.770108570269679937 ) ) ;
#3197 = CARTESIAN_POINT ( 'NONE',  ( -14.08057142857140143, 0.1200000000000000094, -1.878272675864170127 ) ) ;
#3198 = EDGE_CURVE ( 'NONE', #3686, #5098, #1966, .T. ) ;
#3199 = EDGE_CURVE ( 'NONE', #2914, #5425, #6250, .T. ) ;
#3200 = VERTEX_POINT ( 'NONE', #6440 ) ;
#3201 = AXIS2_PLACEMENT_3D ( 'NONE', #4604, #3432, #3503 ) ;
#3202 = CARTESIAN_POINT ( 'NONE',  ( 1.870475028870050016, 0.000000000000000000, 2.015892647532010251 ) ) ;
#3203 = PLANE ( 'NONE',  #6692 ) ;
#3204 = ORIENTED_EDGE ( 'NONE', *, *, #2844, .F. ) ;
#3205 = ADVANCED_FACE ( 'NONE', ( #6505 ), #5103, .F. ) ;
#3206 = ORIENTED_EDGE ( 'NONE', *, *, #3875, .F. ) ;
#3207 = DIRECTION ( 'NONE',  ( 0.000000000000000000, -1.000000000000000000, 0.000000000000000000 ) ) ;
#3208 = DIRECTION ( 'NONE',  ( 0.000000000000000000, 0.000000000000000000, 1.000000000000000000 ) ) ;
#3209 = CARTESIAN_POINT ( 'NONE',  ( -10.25000000000000000, 0.1200000000000000094, 0.7699999999999999067 ) ) ;
#3210 = DIRECTION ( 'NONE',  ( 1.000000000000000000, -0.000000000000000000, 1.224646799147353207E-16 ) ) ;
#3211 = AXIS2_PLACEMENT_3D ( 'NONE', #573, #4311, #3715 ) ;
#3212 = FACE_OUTER_BOUND ( 'NONE', #3797, .T. ) ;
#3213 = ORIENTED_EDGE ( 'NONE', *, *, #6888, .F. ) ;
#3214 = ORIENTED_EDGE ( 'NONE', *, *, #700, .T. ) ;
#3215 = VERTEX_POINT ( 'NONE', #272 ) ;
#3216 = DIRECTION ( 'NONE',  ( 0.000000000000000000, -1.000000000000000000, 0.000000000000000000 ) ) ;
#3217 = DIRECTION ( 'NONE',  ( 0.000000000000000000, 1.000000000000000000, 0.000000000000000000 ) ) ;
#3218 = AXIS2_PLACEMENT_3D ( 'NONE', #3341, #667, #6554 ) ;
#3219 = DIRECTION ( 'NONE',  ( 0.000000000000000000, -1.000000000000000000, 0.000000000000000000 ) ) ;
#3220 = ORIENTED_EDGE ( 'NONE', *, *, #3274, .T. ) ;
#3221 = ORIENTED_EDGE ( 'NONE', *, *, #75, .F. ) ;
#3222 = DIRECTION ( 'NONE',  ( 0.000000000000000000, -1.000000000000000000, 0.000000000000000000 ) ) ;
#3223 = VECTOR ( 'NONE', #23, 1000.000000000000114 ) ;
#3224 = VERTEX_POINT ( 'NONE', #6121 ) ;
#3225 = DIRECTION ( 'NONE',  ( 0.000000000000000000, 1.000000000000000000, 0.000000000000000000 ) ) ;
#3226 = CARTESIAN_POINT ( 'NONE',  ( 2.199896280060196663, 2.065853795232417855, 2.493251706486828034 ) ) ;
#3227 = TOROIDAL_SURFACE ( 'NONE', #1648, 0.7699999999999999067, 0.1200000000000000094 ) ;
#3228 = ORIENTED_EDGE ( 'NONE', *, *, #6670, .T. ) ;
#3229 = EDGE_CURVE ( 'NONE', #6943, #2913, #1028, .T. ) ;
#3230 = DIRECTION ( 'NONE',  ( 0.000000000000000000, 0.000000000000000000, -1.000000000000000000 ) ) ;
#3231 = DIRECTION ( 'NONE',  ( 0.000000000000000000, 0.000000000000000000, 1.000000000000000000 ) ) ;
#3232 = ORIENTED_EDGE ( 'NONE', *, *, #3970, .T. ) ;
#3233 = AXIS2_PLACEMENT_3D ( 'NONE', #2810, #3372, #4506 ) ;
#3234 = VERTEX_POINT ( 'NONE', #5664 ) ;
#3235 = ADVANCED_FACE ( 'NONE', ( #3470 ), #1327, .T. ) ;
#3236 = CARTESIAN_POINT ( 'NONE',  ( 14.08057142857140143, 0.1200000000000000094, 1.878272675864170127 ) ) ;
#3237 = AXIS2_PLACEMENT_3D ( 'NONE', #802, #5673, #2956 ) ;
#3238 = EDGE_CURVE ( 'NONE', #3530, #6885, #5002, .T. ) ;
#3239 = EDGE_CURVE ( 'NONE', #4945, #3103, #3759, .T. ) ;
#3240 = CARTESIAN_POINT ( 'NONE',  ( -14.25000000000000000, -2.200000000000000178, 0.000000000000000000 ) ) ;
#3241 = CARTESIAN_POINT ( 'NONE',  ( 2.495244324181649542, 0.000000000000000000, -2.375243305987679854 ) ) ;
#3242 = AXIS2_PLACEMENT_3D ( 'NONE', #5937, #5816, #58 ) ;
#3243 = CARTESIAN_POINT ( 'NONE',  ( 10.25000000000000000, 1.930000000000000160, 0.000000000000000000 ) ) ;
#3244 = CYLINDRICAL_SURFACE ( 'NONE', #2903, 1.375000000000000000 ) ;
#3245 = ORIENTED_EDGE ( 'NONE', *, *, #713, .F. ) ;
#3246 = LINE ( 'NONE', #1691, #1269 ) ;
#3247 = ORIENTED_EDGE ( 'NONE', *, *, #449, .T. ) ;
#3248 = CIRCLE ( 'NONE', #4173, 0.7699999999999999067 ) ;
#3249 = ORIENTED_EDGE ( 'NONE', *, *, #1681, .F. ) ;
#3250 = CARTESIAN_POINT ( 'NONE',  ( -2.408241824532797892, 2.049999999999999822, 2.292424921073441091 ) ) ;
#3251 = CARTESIAN_POINT ( 'NONE',  ( 0.000000000000000000, 0.000000000000000000, 0.000000000000000000 ) ) ;
#3252 = CARTESIAN_POINT ( 'NONE',  ( -12.25000000000000000, -2.200000000000000178, 0.000000000000000000 ) ) ;
#3253 = ORIENTED_EDGE ( 'NONE', *, *, #4966, .T. ) ;
#3254 = APPLICATION_PROTOCOL_DEFINITION ( 'international standard', 'config_control_design', 1994, #3445 ) ;
#3255 = ORIENTED_EDGE ( 'NONE', *, *, #4489, .T. ) ;
#3256 = DIRECTION ( 'NONE',  ( -0.7232010147388769905, 0.000000000000000000, 0.6906375983688251008 ) ) ;
#3257 = EDGE_LOOP ( 'NONE', ( #2535, #2689, #2086, #342 ) ) ;
#3258 = CARTESIAN_POINT ( 'NONE',  ( 2.151142517227300210, 0.1200000000000000094, 2.535391660193160313 ) ) ;
#3259 = CARTESIAN_POINT ( 'NONE',  ( -8.250000000000000000, 2.050000000000000266, 0.7699999999999999067 ) ) ;
#3260 = CARTESIAN_POINT ( 'NONE',  ( 0.000000000000000000, 2.230000000000000426, 0.000000000000000000 ) ) ;
#3261 = ORIENTED_EDGE ( 'NONE', *, *, #136, .T. ) ;
#3262 = CARTESIAN_POINT ( 'NONE',  ( -1.870475028870020040, -2.200000000000000178, 2.015892647532030235 ) ) ;
#3263 = CARTESIAN_POINT ( 'NONE',  ( 0.000000000000000000, 0.5999999999999999778, 0.000000000000000000 ) ) ;
#3264 = VERTEX_POINT ( 'NONE', #5131 ) ;
#3265 = DIRECTION ( 'NONE',  ( 0.000000000000000000, -1.000000000000000000, 0.000000000000000000 ) ) ;
#3266 = EDGE_CURVE ( 'NONE', #1431, #194, #4764, .T. ) ;
#3267 = EDGE_LOOP ( 'NONE', ( #6243, #4835, #1800 ) ) ;
#3268 = AXIS2_PLACEMENT_3D ( 'NONE', #5691, #1350, #4630 ) ;
#3269 = CARTESIAN_POINT ( 'NONE',  ( 0.1114285714285710160, 0.5999999999999999778, 2.597611147471729609 ) ) ;
#3270 = AXIS2_PLACEMENT_3D ( 'NONE', #208, #4993, #1781 ) ;
#3271 = DIRECTION ( 'NONE',  ( 0.000000000000000000, 1.000000000000000000, 0.000000000000000000 ) ) ;
#3272 = CARTESIAN_POINT ( 'NONE',  ( 1.381119163458450094, -2.200000000000000178, -1.581932317239849839 ) ) ;
#3273 = VECTOR ( 'NONE', #1756, 1000.000000000000000 ) ;
#3274 = EDGE_CURVE ( 'NONE', #6351, #2620, #4867, .T. ) ;
#3275 = ADVANCED_FACE ( 'NONE', ( #3932 ), #6083, .F. ) ;
#3276 = DIRECTION ( 'NONE',  ( 0.000000000000000000, 1.000000000000000000, 0.000000000000000000 ) ) ;
#3277 = EDGE_CURVE ( 'NONE', #2017, #3844, #4040, .T. ) ;
#3278 = DIRECTION ( 'NONE',  ( 0.000000000000000000, 0.000000000000000000, -1.000000000000000000 ) ) ;
#3279 = ORIENTED_EDGE ( 'NONE', *, *, #2766, .F. ) ;
#3280 = CIRCLE ( 'NONE', #6555, 0.1199999999999998845 ) ;
#3281 = LINE ( 'NONE', #1167, #4421 ) ;
#3282 = ORIENTED_EDGE ( 'NONE', *, *, #3881, .F. ) ;
#3283 = ORIENTED_EDGE ( 'NONE', *, *, #780, .F. ) ;
#3284 = DIRECTION ( 'NONE',  ( 0.000000000000000000, 0.000000000000000000, 1.000000000000000000 ) ) ;
#3285 = DIRECTION ( 'NONE',  ( 0.000000000000000000, 0.000000000000000000, 1.000000000000000000 ) ) ;
#3286 = CIRCLE ( 'NONE', #3850, 0.6500000000000000222 ) ;
#3287 = LINE ( 'NONE', #2831, #4583 ) ;
#3288 = ORIENTED_EDGE ( 'NONE', *, *, #1690, .F. ) ;
#3289 = ORIENTED_EDGE ( 'NONE', *, *, #4038, .T. ) ;
#3290 = CARTESIAN_POINT ( 'NONE',  ( 0.06355524719204730388, -2.200000000000000178, 2.099038048858179906 ) ) ;
#3291 = ORIENTED_EDGE ( 'NONE', *, *, #3719, .F. ) ;
#3292 = VECTOR ( 'NONE', #2253, 1000.000000000000114 ) ;
#3293 = ORIENTED_EDGE ( 'NONE', *, *, #2337, .F. ) ;
#3294 = TOROIDAL_SURFACE ( 'NONE', #3639, 0.7699999999999999067, 0.1200000000000000094 ) ;
#3295 = DIRECTION ( 'NONE',  ( 0.000000000000000000, 0.000000000000000000, 1.000000000000000000 ) ) ;
#3296 = DIRECTION ( 'NONE',  ( -0.9990812105660495934, 7.744301232038114901E-17, 0.04285714285713617538 ) ) ;
#3297 = EDGE_CURVE ( 'NONE', #2169, #6614, #5236, .T. ) ;
#3298 = CARTESIAN_POINT ( 'NONE',  ( 0.000000000000000000, 2.050000000000000266, 0.000000000000000000 ) ) ;
#3299 = ORIENTED_EDGE ( 'NONE', *, *, #647, .T. ) ;
#3300 = CARTESIAN_POINT ( 'NONE',  ( -2.182113259286820206, 1.930000000000000160, -2.508785906299029644 ) ) ;
#3301 = VECTOR ( 'NONE', #6543, 999.9999999999998863 ) ;
#3302 = CYLINDRICAL_SURFACE ( 'NONE', #2394, 2.100000000000000089 ) ;
#3303 = CARTESIAN_POINT ( 'NONE',  ( 2.150036576787059950, 0.000000000000000000, -1.714596955111539867 ) ) ;
#3304 = ORIENTED_EDGE ( 'NONE', *, *, #3324, .T. ) ;
#3305 = LINE ( 'NONE', #5987, #2777 ) ;
#3306 = AXIS2_PLACEMENT_3D ( 'NONE', #3816, #3222, #3854 ) ;
#3307 = ORIENTED_EDGE ( 'NONE', *, *, #367, .T. ) ;
#3308 = DIRECTION ( 'NONE',  ( 0.000000000000000000, 0.000000000000000000, 1.000000000000000000 ) ) ;
#3309 = DIRECTION ( 'NONE',  ( 0.000000000000000000, 1.000000000000000000, 0.000000000000000000 ) ) ;
#3310 = FACE_OUTER_BOUND ( 'NONE', #319, .T. ) ;
#3311 = LINE ( 'NONE', #6456, #1833 ) ;
#3312 = AXIS2_PLACEMENT_3D ( 'NONE', #4640, #5892, #6455 ) ;
#3313 = DIRECTION ( 'NONE',  ( 0.000000000000000000, 1.000000000000000000, 0.000000000000000000 ) ) ;
#3314 = DIRECTION ( 'NONE',  ( -0.9512380230706009021, 0.000000000000000000, 0.3084578147246960222 ) ) ;
#3315 = ORIENTED_EDGE ( 'NONE', *, *, #1949, .F. ) ;
#3316 = ADVANCED_FACE ( 'NONE', ( #760 ), #6690, .F. ) ;
#3317 = DIRECTION ( 'NONE',  ( 0.000000000000000000, 0.000000000000000000, -1.000000000000000000 ) ) ;
#3318 = ORIENTED_EDGE ( 'NONE', *, *, #1949, .T. ) ;
#3319 = DIRECTION ( 'NONE',  ( 0.000000000000000000, 1.000000000000000000, 0.000000000000000000 ) ) ;
#3320 = CARTESIAN_POINT ( 'NONE',  ( -1.193180282573270024, 0.5999999999999999778, 2.477664386731659896 ) ) ;
#3321 = AXIS2_PLACEMENT_3D ( 'NONE', #5276, #5844, #1067 ) ;
#3322 = CARTESIAN_POINT ( 'NONE',  ( 0.000000000000000000, -2.079999999999999627, 3.205000000000000071 ) ) ;
#3323 = EDGE_LOOP ( 'NONE', ( #6637, #5000, #4223, #1712 ) ) ;
#3324 = EDGE_CURVE ( 'NONE', #3370, #396, #5112, .T. ) ;
#3325 = ORIENTED_EDGE ( 'NONE', *, *, #5874, .T. ) ;
#3326 = CIRCLE ( 'NONE', #300, 1.879999999999999893 ) ;
#3327 = DIRECTION ( 'NONE',  ( 0.000000000000000000, 0.000000000000000000, 1.000000000000000000 ) ) ;
#3328 = ORIENTED_EDGE ( 'NONE', *, *, #627, .F. ) ;
#3329 = ADVANCED_FACE ( 'NONE', ( #5203 ), #6488, .F. ) ;
#3330 = AXIS2_PLACEMENT_3D ( 'NONE', #2895, #5048, #5533 ) ;
#3331 = ORIENTED_EDGE ( 'NONE', *, *, #5262, .T. ) ;
#3332 = CARTESIAN_POINT ( 'NONE',  ( 2.223634878751290067, 0.1200000000000000094, 2.507004771834460133 ) ) ;
#3333 = CARTESIAN_POINT ( 'NONE',  ( -10.25000000000000000, 0.1200000000000000094, 0.000000000000000000 ) ) ;
#3334 = CYLINDRICAL_SURFACE ( 'NONE', #985, 2.100000000000000089 ) ;
#3335 = ORIENTED_EDGE ( 'NONE', *, *, #6355, .F. ) ;
#3336 = DIRECTION ( 'NONE',  ( 0.000000000000000000, -1.000000000000000000, 0.000000000000000000 ) ) ;
#3337 = AXIS2_PLACEMENT_3D ( 'NONE', #6546, #4469, #656 ) ;
#3338 = DIRECTION ( 'NONE',  ( 0.000000000000000000, -1.000000000000000000, 0.000000000000000000 ) ) ;
#3339 = DIRECTION ( 'NONE',  ( 0.000000000000000000, 1.000000000000000000, 0.000000000000000000 ) ) ;
#3340 = ORIENTED_EDGE ( 'NONE', *, *, #1003, .F. ) ;
#3341 = CARTESIAN_POINT ( 'NONE',  ( 12.25000000000000000, 2.050000000000000266, 0.000000000000000000 ) ) ;
#3342 = VECTOR ( 'NONE', #3803, 1000.000000000000000 ) ;
#3343 = EDGE_LOOP ( 'NONE', ( #3500, #5838, #3484, #3538 ) ) ;
#3344 = DIRECTION ( 'NONE',  ( 0.000000000000000000, 0.000000000000000000, 1.000000000000000000 ) ) ;
#3345 = AXIS2_PLACEMENT_3D ( 'NONE', #781, #3454, #1836 ) ;
#3346 = DIRECTION ( 'NONE',  ( 0.000000000000000000, 1.000000000000000000, 0.000000000000000000 ) ) ;
#3347 = LINE ( 'NONE', #2363, #2738 ) ;
#3348 = CARTESIAN_POINT ( 'NONE',  ( 0.000000000000000000, 0.5999999999999999778, 0.000000000000000000 ) ) ;
#3349 = PLANE ( 'NONE',  #2453 ) ;
#3350 = AXIS2_PLACEMENT_3D ( 'NONE', #6890, #4203, #5828 ) ;
#3351 = DIRECTION ( 'NONE',  ( 0.000000000000000000, -1.000000000000000000, 0.000000000000000000 ) ) ;
#3352 = ORIENTED_EDGE ( 'NONE', *, *, #3040, .F. ) ;
#3353 = CARTESIAN_POINT ( 'NONE',  ( 6.250000000000000000, 0.1200000000000000094, -0.7699999999999999067 ) ) ;
#3354 = ORIENTED_EDGE ( 'NONE', *, *, #5912, .T. ) ;
#3355 = VECTOR ( 'NONE', #903, 1000.000000000000000 ) ;
#3356 = DIRECTION ( 'NONE',  ( 0.000000000000000000, -1.000000000000000000, 0.000000000000000000 ) ) ;
#3357 = LINE ( 'NONE', #1696, #1978 ) ;
#3358 = CARTESIAN_POINT ( 'NONE',  ( -6.250000000000000000, 1.930000000000000160, 0.000000000000000000 ) ) ;
#3359 = EDGE_CURVE ( 'NONE', #1185, #4968, #1154, .T. ) ;
#3360 = ORIENTED_EDGE ( 'NONE', *, *, #4921, .T. ) ;
#3361 = ORIENTED_EDGE ( 'NONE', *, *, #268, .T. ) ;
#3362 = DIRECTION ( 'NONE',  ( 0.000000000000000000, 1.000000000000000000, 0.000000000000000000 ) ) ;
#3363 = ORIENTED_EDGE ( 'NONE', *, *, #136, .F. ) ;
#3364 = ORIENTED_EDGE ( 'NONE', *, *, #5054, .F. ) ;
#3365 = DIRECTION ( 'NONE',  ( 0.000000000000000000, -1.000000000000000000, 0.000000000000000000 ) ) ;
#3366 = CARTESIAN_POINT ( 'NONE',  ( -2.151275634093616773, 1.949141608854916496, -2.535278717741147769 ) ) ;
#3367 = DIRECTION ( 'NONE',  ( 0.000000000000000000, -1.000000000000000000, 0.000000000000000000 ) ) ;
#3368 = EDGE_CURVE ( 'NONE', #5558, #6618, #6294, .T. ) ;
#3369 = ADVANCED_FACE ( 'NONE', ( #4673 ), #3800, .F. ) ;
#3370 = VERTEX_POINT ( 'NONE', #1059 ) ;
#3371 = EDGE_CURVE ( 'NONE', #571, #2382, #40, .T. ) ;
#3372 = DIRECTION ( 'NONE',  ( 0.04285714285714280897, 0.000000000000000000, -0.9990812105660493714 ) ) ;
#3373 = DIRECTION ( 'NONE',  ( 0.8731217488882010436, 0.000000000000000000, 0.4875022170394810450 ) ) ;
#3374 = VERTEX_POINT ( 'NONE', #6959 ) ;
#3375 = CARTESIAN_POINT ( 'NONE',  ( 2.681051758500020199, 0.000000000000000000, 0.6119325683798361171 ) ) ;
#3376 = EDGE_LOOP ( 'NONE', ( #2120, #588, #1704, #5742 ) ) ;
#3377 = DIRECTION ( 'NONE',  ( 0.000000000000000000, -1.000000000000000000, 0.000000000000000000 ) ) ;
#3378 = VECTOR ( 'NONE', #2551, 1000.000000000000227 ) ;
#3379 = CARTESIAN_POINT ( 'NONE',  ( 0.000000000000000000, -2.200000000000000178, 0.000000000000000000 ) ) ;
#3380 = CARTESIAN_POINT ( 'NONE',  ( 14.25000000000000000, 0.000000000000000000, 0.000000000000000000 ) ) ;
#3381 = FACE_OUTER_BOUND ( 'NONE', #1818, .T. ) ;
#3382 = EDGE_CURVE ( 'NONE', #1717, #2961, #3654, .T. ) ;
#3383 = AXIS2_PLACEMENT_3D ( 'NONE', #6390, #6252, #6821 ) ;
#3384 = DIRECTION ( 'NONE',  ( -0.6695673856624868581, 0.000000000000000000, 0.7427513150827149691 ) ) ;
#3385 = DIRECTION ( 'NONE',  ( 0.000000000000000000, 0.000000000000000000, -1.000000000000000000 ) ) ;
#3386 = FACE_OUTER_BOUND ( 'NONE', #5483, .T. ) ;
#3387 = DIRECTION ( 'NONE',  ( -1.000000000000000000, 0.000000000000000000, 0.000000000000000000 ) ) ;
#3388 = ORIENTED_EDGE ( 'NONE', *, *, #2609, .F. ) ;
#3389 = DIRECTION ( 'NONE',  ( 0.000000000000000000, 1.000000000000000000, 0.000000000000000000 ) ) ;
#3390 = CARTESIAN_POINT ( 'NONE',  ( 14.08571428571429962, 0.1200000000000000094, -1.998162421132100075 ) ) ;
#3391 = ORIENTED_EDGE ( 'NONE', *, *, #5471, .T. ) ;
#3392 = DATE_AND_TIME ( #1138, #221 ) ;
#3393 = ORIENTED_EDGE ( 'NONE', *, *, #529, .T. ) ;
#3394 = CARTESIAN_POINT ( 'NONE',  ( -2.276613085301959938, 0.04948003430390929963, 2.483374988984719867 ) ) ;
#3395 = ORIENTED_EDGE ( 'NONE', *, *, #4424, .T. ) ;
#3396 = TOROIDAL_SURFACE ( 'NONE', #1149, 0.7699999999999999067, 0.1200000000000000094 ) ;
#3397 = ORIENTED_EDGE ( 'NONE', *, *, #3199, .T. ) ;
#3398 = DIRECTION ( 'NONE',  ( 0.000000000000000000, -1.000000000000000000, 0.000000000000000000 ) ) ;
#3399 = LINE ( 'NONE', #2876, #6213 ) ;
#3400 = CARTESIAN_POINT ( 'NONE',  ( 1.234942045101850017, -2.200000000000000178, 1.698504679192750055 ) ) ;
#3401 = ORIENTED_EDGE ( 'NONE', *, *, #364, .T. ) ;
#3402 = CARTESIAN_POINT ( 'NONE',  ( 0.000000000000000000, 0.000000000000000000, -2.750000000000000000 ) ) ;
#3403 = CIRCLE ( 'NONE', #6237, 0.7699999999999999067 ) ;
#3404 = CARTESIAN_POINT ( 'NONE',  ( -2.230034297051580516, 2.028631471359902960, 2.466648544102639118 ) ) ;
#3405 = ADVANCED_FACE ( 'NONE', ( #1465 ), #2178, .F. ) ;
#3406 = DIRECTION ( 'NONE',  ( 0.000000000000000000, 0.000000000000000000, 1.000000000000000000 ) ) ;
#3407 = EDGE_CURVE ( 'NONE', #5929, #2186, #4891, .T. ) ;
#3408 = ORIENTED_EDGE ( 'NONE', *, *, #879, .T. ) ;
#3409 = EDGE_CURVE ( 'NONE', #1258, #375, #2627, .T. ) ;
#3410 = CARTESIAN_POINT ( 'NONE',  ( -14.25000000000000000, -2.200000000000000178, 0.6500000000000000222 ) ) ;
#3411 = CIRCLE ( 'NONE', #6809, 3.324999999999999734 ) ;
#3412 = ORIENTED_EDGE ( 'NONE', *, *, #5269, .T. ) ;
#3413 = LINE ( 'NONE', #2322, #884 ) ;
#3414 = CARTESIAN_POINT ( 'NONE',  ( 2.381569860407219963, -2.200000000000000178, 1.374999999999980016 ) ) ;
#3415 = PLANE ( 'NONE',  #3809 ) ;
#3416 = EDGE_CURVE ( 'NONE', #396, #5153, #6830, .T. ) ;
#3417 = PLANE ( 'NONE',  #4207 ) ;
#3418 = CARTESIAN_POINT ( 'NONE',  ( 2.408327250480109871, -0.1200000000000000094, 2.292506238725410039 ) ) ;
#3419 = EDGE_CURVE ( 'NONE', #4496, #937, #503, .T. ) ;
#3420 = AXIS2_PLACEMENT_3D ( 'NONE', #4383, #6498, #5512 ) ;
#3421 = CARTESIAN_POINT ( 'NONE',  ( 1.870475028870050016, -2.200000000000000178, 2.015892647532010251 ) ) ;
#3422 = CARTESIAN_POINT ( 'NONE',  ( -0.4434139339150620085, 2.050000000000000266, 2.561910241052559822 ) ) ;
#3423 = DIRECTION ( 'NONE',  ( 0.3519251759597359919, 0.000000000000000000, 0.9360281355417200411 ) ) ;
#3424 = CIRCLE ( 'NONE', #6002, 0.7699999999999999067 ) ;
#3425 = DIRECTION ( 'NONE',  ( 0.000000000000000000, -1.000000000000000000, 0.000000000000000000 ) ) ;
#3426 = ORIENTED_EDGE ( 'NONE', *, *, #5226, .F. ) ;
#3427 = CARTESIAN_POINT ( 'NONE',  ( 0.000000000000000000, 2.050000000000000266, 0.000000000000000000 ) ) ;
#3428 = DIRECTION ( 'NONE',  ( 0.000000000000000000, 1.000000000000000000, 0.000000000000000000 ) ) ;
#3429 = CARTESIAN_POINT ( 'NONE',  ( 0.7654626712879000205, 0.5999999999999999778, -2.569555337238609738 ) ) ;
#3430 = EDGE_LOOP ( 'NONE', ( #6040, #5783, #4815, #954 ) ) ;
#3431 = ORIENTED_EDGE ( 'NONE', *, *, #6467, .T. ) ;
#3432 = DIRECTION ( 'NONE',  ( -0.9990812105660492604, 0.000000000000000000, -0.04285714285714280203 ) ) ;
#3433 = EDGE_LOOP ( 'NONE', ( #6019, #1467, #5474, #6173, #1291, #5747 ) ) ;
#3434 = VERTEX_POINT ( 'NONE', #6797 ) ;
#3435 = DIRECTION ( 'NONE',  ( 0.000000000000000000, -1.000000000000000000, 0.000000000000000000 ) ) ;
#3436 = LINE ( 'NONE', #99, #1375 ) ;
#3437 = LINE ( 'NONE', #382, #5830 ) ;
#3438 = ORIENTED_EDGE ( 'NONE', *, *, #3382, .T. ) ;
#3439 = CARTESIAN_POINT ( 'NONE',  ( 1.193180282573300222, 0.000000000000000000, 2.477664386731639912 ) ) ;
#3440 = AXIS2_PLACEMENT_3D ( 'NONE', #4457, #1174, #6534 ) ;
#3441 = DIRECTION ( 'NONE',  ( -0.7427513150827149691, 0.000000000000000000, -0.6695673856624868581 ) ) ;
#3442 = DIRECTION ( 'NONE',  ( 0.000000000000000000, 0.000000000000000000, -1.000000000000000000 ) ) ;
#3443 = ORIENTED_EDGE ( 'NONE', *, *, #2049, .T. ) ;
#3444 = FACE_OUTER_BOUND ( 'NONE', #4364, .T. ) ;
#3445 = APPLICATION_CONTEXT ( 'configuration controlled 3d designs of mechanical parts and assemblies' ) ;
#3446 = AXIS2_PLACEMENT_3D ( 'NONE', #5880, #4288, #1045 ) ;
#3447 = VERTEX_POINT ( 'NONE', #5330 ) ;
#3448 = EDGE_CURVE ( 'NONE', #96, #3200, #3424, .T. ) ;
#3449 = LINE ( 'NONE', #4443, #3507 ) ;
#3450 = CARTESIAN_POINT ( 'NONE',  ( 2.299313802189320910, -0.09505951773894444345, 2.401894052345563413 ) ) ;
#3451 = CARTESIAN_POINT ( 'NONE',  ( 0.000000000000000000, -2.200000000000000178, 0.000000000000000000 ) ) ;
#3452 = CARTESIAN_POINT ( 'NONE',  ( -2.439278249353139749, 2.050000000000000266, -2.405245050716199984 ) ) ;
#3453 = CIRCLE ( 'NONE', #2664, 2.100000000000000089 ) ;
#3454 = DIRECTION ( 'NONE',  ( 0.000000000000000000, -1.000000000000000000, 0.000000000000000000 ) ) ;
#3455 = ADVANCED_FACE ( 'NONE', ( #3571 ), #4828, .F. ) ;
#3456 = EDGE_CURVE ( 'NONE', #60, #3117, #5770, .T. ) ;
#3457 = CIRCLE ( 'NONE', #5265, 0.1199999999999999956 ) ;
#3458 = CARTESIAN_POINT ( 'NONE',  ( -6.250000000000000000, 1.930000000000000160, 0.7699999999999999067 ) ) ;
#3459 = EDGE_CURVE ( 'NONE', #1626, #6839, #2405, .T. ) ;
#3460 = CARTESIAN_POINT ( 'NONE',  ( -1.977158756200430023, -2.200000000000000178, 0.7077027997542399973 ) ) ;
#3461 = DIRECTION ( 'NONE',  ( 0.8180576496984517387, 0.000000000000000000, -0.5751362288795978106 ) ) ;
#3462 = VERTEX_POINT ( 'NONE', #558 ) ;
#3463 = VECTOR ( 'NONE', #817, 1000.000000000000227 ) ;
#3464 = CARTESIAN_POINT ( 'NONE',  ( 0.000000000000000000, 0.000000000000000000, -2.750000000000000000 ) ) ;
#3465 = FACE_BOUND ( 'NONE', #1055, .T. ) ;
#3466 = CARTESIAN_POINT ( 'NONE',  ( -2.521610255635959863, 0.5999999999999999778, 0.6336258506970480209 ) ) ;
#3467 = EDGE_LOOP ( 'NONE', ( #5707, #4003 ) ) ;
#3468 = CIRCLE ( 'NONE', #2574, 0.7699999999999999067 ) ;
#3469 = ORIENTED_EDGE ( 'NONE', *, *, #5534, .F. ) ;
#3470 = FACE_OUTER_BOUND ( 'NONE', #4534, .T. ) ;
#3471 = ORIENTED_EDGE ( 'NONE', *, *, #5471, .F. ) ;
#3472 = ORIENTED_EDGE ( 'NONE', *, *, #3274, .F. ) ;
#3473 = CARTESIAN_POINT ( 'NONE',  ( -8.250000000000000000, 0.1200000000000000094, 0.6500000000000000222 ) ) ;
#3474 = LINE ( 'NONE', #866, #853 ) ;
#3475 = CARTESIAN_POINT ( 'NONE',  ( 14.00000000000000000, 2.050000000000000266, 0.000000000000000000 ) ) ;
#3476 = AXIS2_PLACEMENT_3D ( 'NONE', #1790, #3945, #6100 ) ;
#3477 = ORIENTED_EDGE ( 'NONE', *, *, #2234, .T. ) ;
#3478 = DIRECTION ( 'NONE',  ( 0.000000000000000000, -1.000000000000000000, 0.000000000000000000 ) ) ;
#3479 = CYLINDRICAL_SURFACE ( 'NONE', #3729, 0.6500000000000000222 ) ;
#3480 = DIRECTION ( 'NONE',  ( -0.4875022170394798238, 0.000000000000000000, 0.8731217488882015987 ) ) ;
#3481 = ORIENTED_EDGE ( 'NONE', *, *, #3693, .F. ) ;
#3482 = CARTESIAN_POINT ( 'NONE',  ( -6.250000000000000000, 0.1200000000000000094, 0.000000000000000000 ) ) ;
#3483 = AXIS2_PLACEMENT_3D ( 'NONE', #3516, #1447, #5785 ) ;
#3484 = ORIENTED_EDGE ( 'NONE', *, *, #4748, .T. ) ;
#3485 = FACE_OUTER_BOUND ( 'NONE', #5018, .T. ) ;
#3486 = ORIENTED_EDGE ( 'NONE', *, *, #4404, .T. ) ;
#3487 = CARTESIAN_POINT ( 'NONE',  ( 0.000000000000000000, 0.000000000000000000, 0.000000000000000000 ) ) ;
#3488 = ADVANCED_FACE ( 'NONE', ( #2711 ), #2891, .F. ) ;
#3489 = DIRECTION ( 'NONE',  ( 0.000000000000000000, 1.000000000000000000, 0.000000000000000000 ) ) ;
#3490 = DIRECTION ( 'NONE',  ( 1.000000000000000000, -0.000000000000000000, 1.224646799147353207E-16 ) ) ;
#3491 = CARTESIAN_POINT ( 'NONE',  ( 4.250000000000000000, 0.000000000000000000, 0.7699999999999999067 ) ) ;
#3492 = ORIENTED_EDGE ( 'NONE', *, *, #6791, .T. ) ;
#3493 = ADVANCED_FACE ( 'NONE', ( #3990 ), #6344, .T. ) ;
#3494 = ADVANCED_FACE ( 'NONE', ( #3310 ), #3417, .F. ) ;
#3495 = VECTOR ( 'NONE', #6397, 1000.000000000000000 ) ;
#3496 = EDGE_CURVE ( 'NONE', #3771, #1671, #3837, .T. ) ;
#3497 = LINE ( 'NONE', #5657, #4014 ) ;
#3498 = CARTESIAN_POINT ( 'NONE',  ( 2.225064786792098293, -0.04522725431312751843, 2.471002970081288996 ) ) ;
#3499 = CARTESIAN_POINT ( 'NONE',  ( 0.3756907751836490172, 0.5999999999999999778, -2.066121110061540200 ) ) ;
#3500 = ORIENTED_EDGE ( 'NONE', *, *, #2203, .F. ) ;
#3501 = AXIS2_PLACEMENT_3D ( 'NONE', #1384, #3527, #2476 ) ;
#3502 = AXIS2_PLACEMENT_3D ( 'NONE', #1255, #1813, #655 ) ;
#3503 = DIRECTION ( 'NONE',  ( -0.04285714285713616845, 0.000000000000000000, 0.9990812105660494824 ) ) ;
#3504 = ORIENTED_EDGE ( 'NONE', *, *, #466, .F. ) ;
#3505 = ORIENTED_EDGE ( 'NONE', *, *, #1437, .F. ) ;
#3506 = FACE_OUTER_BOUND ( 'NONE', #3752, .T. ) ;
#3507 = VECTOR ( 'NONE', #5610, 999.9999999999998863 ) ;
#3508 = CARTESIAN_POINT ( 'NONE',  ( -0.2500000000000000000, 0.000000000000000000, -2.085065946199299969 ) ) ;
#3509 = ORIENTED_EDGE ( 'NONE', *, *, #3985, .F. ) ;
#3510 = CARTESIAN_POINT ( 'NONE',  ( 14.08057142857140143, 2.050000000000000266, 1.878272675864170127 ) ) ;
#3511 = CARTESIAN_POINT ( 'NONE',  ( 2.495244324181649542, 0.000000000000000000, 2.375243305987679854 ) ) ;
#3512 = DIRECTION ( 'NONE',  ( 0.9512380230706009021, 0.000000000000000000, -0.3084578147246960222 ) ) ;
#3513 = EDGE_CURVE ( 'NONE', #361, #1223, #2290, .T. ) ;
#3514 = ORIENTED_EDGE ( 'NONE', *, *, #4677, .F. ) ;
#3515 = CARTESIAN_POINT ( 'NONE',  ( 2.355408060322970787, -0.1200574169701090071, -2.348099009211889854 ) ) ;
#3516 = CARTESIAN_POINT ( 'NONE',  ( 8.250000000000000000, -2.200000000000000178, 0.000000000000000000 ) ) ;
#3517 = AXIS2_PLACEMENT_3D ( 'NONE', #3879, #6530, #5473 ) ;
#3518 = ORIENTED_EDGE ( 'NONE', *, *, #5437, .T. ) ;
#3519 = DIRECTION ( 'NONE',  ( 0.000000000000000000, 1.000000000000000000, 0.000000000000000000 ) ) ;
#3520 = ORIENTED_EDGE ( 'NONE', *, *, #6608, .T. ) ;
#3521 = PLANE ( 'NONE',  #132 ) ;
#3522 = CARTESIAN_POINT ( 'NONE',  ( -2.222817688943690140, 0.5999999999999999778, 1.348733302665509948 ) ) ;
#3523 = AXIS2_PLACEMENT_3D ( 'NONE', #2403, #5080, #4554 ) ;
#3524 = VECTOR ( 'NONE', #744, 1000.000000000000000 ) ;
#3525 = PERSON ( 'UNSPECIFIED', 'UNSPECIFIED', 'UNSPECIFIED', ('UNSPECIFIED'), ('UNSPECIFIED'), ('UNSPECIFIED') ) ;
#3526 = DIRECTION ( 'NONE',  ( 0.000000000000000000, 1.000000000000000000, 0.000000000000000000 ) ) ;
#3527 = DIRECTION ( 'NONE',  ( -0.6894755605189193393, 0.000000000000000000, -0.7243089475128153820 ) ) ;
#3528 = VECTOR ( 'NONE', #2839, 1000.000000000000000 ) ;
#3529 = LINE ( 'NONE', #3998, #5995 ) ;
#3530 = VERTEX_POINT ( 'NONE', #182 ) ;
#3531 = DIRECTION ( 'NONE',  ( 0.000000000000000000, 1.000000000000000000, 0.000000000000000000 ) ) ;
#3532 = CARTESIAN_POINT ( 'NONE',  ( 2.495244324181649542, 0.000000000000000000, 2.375243305987670084 ) ) ;
#3533 = AXIS2_PLACEMENT_3D ( 'NONE', #6663, #5712, #2424 ) ;
#3534 = CARTESIAN_POINT ( 'NONE',  ( 12.25000000000000000, 0.1200000000000000094, 0.000000000000000000 ) ) ;
#3535 = ORIENTED_EDGE ( 'NONE', *, *, #3782, .T. ) ;
#3536 = EDGE_CURVE ( 'NONE', #2621, #5496, #6931, .T. ) ;
#3537 = CARTESIAN_POINT ( 'NONE',  ( 2.276541277376330275, 2.000449171444509844, -2.483406930441729887 ) ) ;
#3538 = ORIENTED_EDGE ( 'NONE', *, *, #3544, .F. ) ;
#3539 = ORIENTED_EDGE ( 'NONE', *, *, #561, .T. ) ;
#3540 = PLANE ( 'NONE',  #831 ) ;
#3541 = CARTESIAN_POINT ( 'NONE',  ( -2.150036576787090148, 0.5999999999999999778, -1.714596955111509891 ) ) ;
#3542 = CARTESIAN_POINT ( 'NONE',  ( 0.000000000000000000, -2.200000000000000178, 0.000000000000000000 ) ) ;
#3543 = ORIENTED_EDGE ( 'NONE', *, *, #6954, .F. ) ;
#3544 = EDGE_CURVE ( 'NONE', #3160, #2694, #1851, .T. ) ;
#3545 = DIRECTION ( 'NONE',  ( 0.000000000000000000, -1.000000000000000000, 0.000000000000000000 ) ) ;
#3546 = EDGE_CURVE ( 'NONE', #4531, #1334, #3347, .T. ) ;
#3547 = CARTESIAN_POINT ( 'NONE',  ( -2.495244324181649542, 2.050000000000000266, -2.375243305987679854 ) ) ;
#3548 = ADVANCED_FACE ( 'NONE', ( #6560 ), #149, .F. ) ;
#3549 = DIRECTION ( 'NONE',  ( 0.6894755605189183401, -2.491769668634231625E-15, -0.7243089475128163812 ) ) ;
#3550 = ORIENTED_EDGE ( 'NONE', *, *, #963, .T. ) ;
#3551 = FACE_BOUND ( 'NONE', #2213, .T. ) ;
#3552 = DIRECTION ( 'NONE',  ( 0.000000000000000000, 0.000000000000000000, 1.000000000000000000 ) ) ;
#3553 = B_SPLINE_CURVE_WITH_KNOTS ( 'NONE', 3,
 ( #6472, #6580, #2734, #2232, #61, #3891, #1216, #5446, #5410, #4286, #2769, #5973, #4914, #2196 ),
 .UNSPECIFIED., .F., .F.,
 ( 4, 2, 2, 2, 2, 2, 4 ),
 ( 0.000000000000000000, 0.1250000000000001943, 0.1875000000000002776, 0.2500000000000003886, 0.3750000000000005551, 0.5000000000000007772, 1.000000000000000000 ),
 .UNSPECIFIED. ) ;
#3554 = AXIS2_PLACEMENT_3D ( 'NONE', #3959, #4908, #6006 ) ;
#3555 = ORIENTED_EDGE ( 'NONE', *, *, #1631, .T. ) ;
#3556 = EDGE_CURVE ( 'NONE', #6839, #2165, #5504, .T. ) ;
#3557 = LINE ( 'NONE', #1710, #3179 ) ;
#3558 = ORIENTED_EDGE ( 'NONE', *, *, #383, .T. ) ;
#3559 = CARTESIAN_POINT ( 'NONE',  ( -6.250000000000000000, 0.1200000000000000094, -0.6500000000000000222 ) ) ;
#3560 = CARTESIAN_POINT ( 'NONE',  ( -1.870475028870020040, 0.000000000000000000, 2.015892647532030235 ) ) ;
#3561 = AXIS2_PLACEMENT_3D ( 'NONE', #4190, #488, #2666 ) ;
#3562 = DIRECTION ( 'NONE',  ( -1.000000000000000000, 0.000000000000000000, 0.000000000000000000 ) ) ;
#3563 = CARTESIAN_POINT ( 'NONE',  ( 2.495244324181649542, 2.050000000000000266, -2.375243305987670084 ) ) ;
#3564 = AXIS2_PLACEMENT_3D ( 'NONE', #3252, #2799, #4312 ) ;
#3565 = CARTESIAN_POINT ( 'NONE',  ( 2.408327250480109871, -0.1200000000000000094, -2.292506238725410039 ) ) ;
#3566 = CARTESIAN_POINT ( 'NONE',  ( 12.25000000000000000, 1.930000000000000160, 0.000000000000000000 ) ) ;
#3567 = VECTOR ( 'NONE', #2650, 1000.000000000000000 ) ;
#3568 = FACE_BOUND ( 'NONE', #1987, .T. ) ;
#3569 = DIRECTION ( 'NONE',  ( 0.000000000000000000, 1.000000000000000000, 0.000000000000000000 ) ) ;
#3570 = ORIENTED_EDGE ( 'NONE', *, *, #2934, .T. ) ;
#3571 = FACE_OUTER_BOUND ( 'NONE', #1403, .T. ) ;
#3572 = VERTEX_POINT ( 'NONE', #6142 ) ;
#3573 = VECTOR ( 'NONE', #3667, 1000.000000000000000 ) ;
#3574 = EDGE_LOOP ( 'NONE', ( #50, #3000, #5447, #2974 ) ) ;
#3575 = ADVANCED_FACE ( 'NONE', ( #598 ), #3872, .F. ) ;
#3576 = CARTESIAN_POINT ( 'NONE',  ( 14.25000000000000000, 0.000000000000000000, 0.7699999999999999067 ) ) ;
#3577 = LINE ( 'NONE', #1922, #3106 ) ;
#3578 = DIRECTION ( 'NONE',  ( 0.000000000000000000, 0.000000000000000000, 1.000000000000000000 ) ) ;
#3579 = ORIENTED_EDGE ( 'NONE', *, *, #2949, .T. ) ;
#3580 = VECTOR ( 'NONE', #3048, 1000.000000000000114 ) ;
#3581 = LINE ( 'NONE', #6840, #773 ) ;
#3582 = CARTESIAN_POINT ( 'NONE',  ( -2.276613085301959938, 2.000519965696100133, -2.483374988984719867 ) ) ;
#3583 = CARTESIAN_POINT ( 'NONE',  ( -2.408327292419069732, -0.1201178833527030282, -2.292506278647441942 ) ) ;
#3584 = ORIENTED_EDGE ( 'NONE', *, *, #326, .T. ) ;
#3585 = EDGE_CURVE ( 'NONE', #6953, #2286, #610, .T. ) ;
#3586 = LINE ( 'NONE', #4654, #2550 ) ;
#3587 = DIRECTION ( 'NONE',  ( 0.000000000000000000, -1.000000000000000000, 0.000000000000000000 ) ) ;
#3588 = ADVANCED_FACE ( 'NONE', ( #1311 ), #2754, .T. ) ;
#3589 = ADVANCED_FACE ( 'NONE', ( #78 ), #3294, .T. ) ;
#3590 = ORIENTED_EDGE ( 'NONE', *, *, #2641, .F. ) ;
#3591 = LINE ( 'NONE', #5790, #2960 ) ;
#3592 = VERTEX_POINT ( 'NONE', #672 ) ;
#3593 = FACE_OUTER_BOUND ( 'NONE', #3852, .T. ) ;
#3594 = LINE ( 'NONE', #5824, #4872 ) ;
#3595 = VECTOR ( 'NONE', #6205, 1000.000000000000000 ) ;
#3596 = CARTESIAN_POINT ( 'NONE',  ( 0.000000000000000000, 0.5999999999999999778, 0.000000000000000000 ) ) ;
#3597 = CARTESIAN_POINT ( 'NONE',  ( 2.195077384050552194, 1.987120551137801172, -2.497855025804302187 ) ) ;
#3598 = CARTESIAN_POINT ( 'NONE',  ( 0.000000000000000000, -2.200000000000000178, 0.000000000000000000 ) ) ;
#3599 = EDGE_CURVE ( 'NONE', #3720, #4968, #594, .T. ) ;
#3600 = DIRECTION ( 'NONE',  ( -0.2084867079878979512, 0.000000000000000000, -0.9780252003871726663 ) ) ;
#3601 = DIRECTION ( 'NONE',  ( 0.000000000000000000, -1.000000000000000000, 0.000000000000000000 ) ) ;
#3602 = CARTESIAN_POINT ( 'NONE',  ( -2.097918202319720038, -2.200000000000000178, 0.09348377600196229598 ) ) ;
#3603 = ORIENTED_EDGE ( 'NONE', *, *, #6141, .F. ) ;
#3604 = DIRECTION ( 'NONE',  ( -0.7232010147388857613, 0.000000000000000000, -0.6906375983688158859 ) ) ;
#3605 = ORIENTED_EDGE ( 'NONE', *, *, #2295, .F. ) ;
#3606 = TOROIDAL_SURFACE ( 'NONE', #3964, 0.7699999999999999067, 0.1200000000000000094 ) ;
#3607 = ORIENTED_EDGE ( 'NONE', *, *, #4833, .T. ) ;
#3608 = DIRECTION ( 'NONE',  ( 0.000000000000000000, 1.000000000000000000, 0.000000000000000000 ) ) ;
#3609 = LINE ( 'NONE', #345, #1488 ) ;
#3610 = FACE_OUTER_BOUND ( 'NONE', #3853, .T. ) ;
#3611 = TOROIDAL_SURFACE ( 'NONE', #4403, 0.7699999999999999067, 0.1200000000000000094 ) ;
#3612 = ORIENTED_EDGE ( 'NONE', *, *, #318, .T. ) ;
#3613 = B_SPLINE_CURVE_WITH_KNOTS ( 'NONE', 3,
 ( #2109, #4166, #3107, #3077, #6317, #6925, #960, #5759 ),
 .UNSPECIFIED., .F., .F.,
 ( 4, 2, 2, 4 ),
 ( 0.000000000000000000, 0.2499999999999995837, 0.4999999999999990563, 1.000000000000000000 ),
 .UNSPECIFIED. ) ;
#3614 = DIRECTION ( 'NONE',  ( 0.000000000000000000, -1.000000000000000000, 0.000000000000000000 ) ) ;
#3615 = AXIS2_PLACEMENT_3D ( 'NONE', #1604, #5911, #6055 ) ;
#3616 = FACE_OUTER_BOUND ( 'NONE', #5188, .T. ) ;
#3617 = CARTESIAN_POINT ( 'NONE',  ( -2.237262477650820092, 0.08049891498111000354, -2.501056944821399508 ) ) ;
#3618 = TOROIDAL_SURFACE ( 'NONE', #5984, 3.445000000000000284, 0.1200000000000000094 ) ;
#3619 = ORIENTED_EDGE ( 'NONE', *, *, #657, .T. ) ;
#3620 = CARTESIAN_POINT ( 'NONE',  ( -2.088419223178580086, -2.200000000000000178, 0.2202388436633280211 ) ) ;
#3621 = DIRECTION ( 'NONE',  ( 1.000000000000000000, 0.000000000000000000, 0.000000000000000000 ) ) ;
#3622 = ORIENTED_EDGE ( 'NONE', *, *, #525, .T. ) ;
#3623 = VECTOR ( 'NONE', #350, 1000.000000000000000 ) ;
#3624 = AXIS2_PLACEMENT_3D ( 'NONE', #2052, #3707, #2684 ) ;
#3625 = ADVANCED_FACE ( 'NONE', ( #710 ), #2325, .F. ) ;
#3626 = DIRECTION ( 'NONE',  ( 0.000000000000000000, -1.000000000000000000, 0.000000000000000000 ) ) ;
#3627 = ADVANCED_FACE ( 'NONE', ( #2436 ), #5455, .T. ) ;
#3628 = EDGE_LOOP ( 'NONE', ( #4174, #3724, #3963, #1077 ) ) ;
#3629 = DIRECTION ( 'NONE',  ( 0.000000000000000000, -1.000000000000000000, 0.000000000000000000 ) ) ;
#3630 = DIRECTION ( 'NONE',  ( 0.000000000000000000, -1.000000000000000000, 0.000000000000000000 ) ) ;
#3631 = VECTOR ( 'NONE', #1282, 1000.000000000000114 ) ;
#3632 = CARTESIAN_POINT ( 'NONE',  ( -0.3314220029706069770, 0.5999999999999999778, 2.578790308642199935 ) ) ;
#3633 = EDGE_CURVE ( 'NONE', #2382, #5899, #2605, .T. ) ;
#3634 = CARTESIAN_POINT ( 'NONE',  ( 2.151101476921218225, 1.970682988009732961, -2.535426496661150164 ) ) ;
#3635 = EDGE_CURVE ( 'NONE', #5966, #4041, #4633, .T. ) ;
#3636 = CIRCLE ( 'NONE', #1049, 0.6500000000000000222 ) ;
#3637 = ADVANCED_FACE ( 'NONE', ( #6282 ), #16, .T. ) ;
#3638 = CARTESIAN_POINT ( 'NONE',  ( -12.25000000000000000, 2.050000000000000266, 0.000000000000000000 ) ) ;
#3639 = AXIS2_PLACEMENT_3D ( 'NONE', #4374, #3949, #3913 ) ;
#3640 = CARTESIAN_POINT ( 'NONE',  ( 0.000000000000000000, 2.230000000000000426, 3.205000000000000071 ) ) ;
#3641 = AXIS2_PLACEMENT_3D ( 'NONE', #6416, #2672, #2208 ) ;
#3642 = CARTESIAN_POINT ( 'NONE',  ( -8.250000000000000000, 2.050000000000000266, -0.7699999999999999067 ) ) ;
#3643 = CARTESIAN_POINT ( 'NONE',  ( 0.000000000000000000, 0.000000000000000000, 0.000000000000000000 ) ) ;
#3644 = VERTEX_POINT ( 'NONE', #3072 ) ;
#3645 = VECTOR ( 'NONE', #6265, 1000.000000000000114 ) ;
#3646 = ORIENTED_EDGE ( 'NONE', *, *, #1587, .F. ) ;
#3647 = VERTEX_POINT ( 'NONE', #1869 ) ;
#3648 = CIRCLE ( 'NONE', #1286, 2.100000000000000089 ) ;
#3649 = CARTESIAN_POINT ( 'NONE',  ( 2.224978760723110849, 2.095113408615651540, 2.471081547191388950 ) ) ;
#3650 = PLANE ( 'NONE',  #1187 ) ;
#3651 = FACE_BOUND ( 'NONE', #5319, .T. ) ;
#3652 = VERTEX_POINT ( 'NONE', #1455 ) ;
#3653 = CARTESIAN_POINT ( 'NONE',  ( 0.6794339920680538825, 0.5999999999999999778, 1.987050439828460302 ) ) ;
#3654 = CIRCLE ( 'NONE', #5124, 0.6500000000000000222 ) ;
#3655 = CARTESIAN_POINT ( 'NONE',  ( -2.097918202319720038, 0.000000000000000000, 0.09348377600196260129 ) ) ;
#3656 = VERTEX_POINT ( 'NONE', #397 ) ;
#3657 = LINE ( 'NONE', #5910, #4465 ) ;
#3658 = DIRECTION ( 'NONE',  ( 0.000000000000000000, -1.000000000000000000, 0.000000000000000000 ) ) ;
#3659 =( BOUNDED_SURFACE ( )  B_SPLINE_SURFACE ( 3, 2, ( 
 ( #1322, #1804, #3532 ),
 ( #338, #2905, #5128 ),
 ( #5090, #267, #2412 ),
 ( #3498, #5658, #823 ),
 ( #2976, #1913, #2518 ),
 ( #1462, #1981, #5297 ),
 ( #6324, #3180, #6897 ),
 ( #1496, #1559, #4731 ) ),
 .UNSPECIFIED., .F., .F., .T. ) 
 B_SPLINE_SURFACE_WITH_KNOTS ( ( 4, 2, 2, 4 ),
 ( 3, 3 ),
 ( 0.0001525721510982669979, 0.0003915345339337029918, 0.0005110157253514220187, 0.0006304969167691399073 ),
 ( -0.0006947758396895689767, 1.000000000000000000 ),
 .UNSPECIFIED. ) 
 GEOMETRIC_REPRESENTATION_ITEM ( )  RATIONAL_B_SPLINE_SURFACE ( (
 ( 1.000407273031080013, 0.7069032860545079178, 1.000000000000000000),
 ( 1.000326156763519991, 0.7652791412112280867, 1.000000000000000000),
 ( 1.000251362112599907, 0.8191056033934940306, 1.000000000000000000),
 ( 1.000159381101870082, 0.8853003423803599281, 1.000000000000000000),
 ( 1.000131607636479902, 0.9052876993087309865, 1.000000000000000000),
 ( 1.000089258171570128, 0.9357647701113640526, 1.000000000000000000),
 ( 1.000075007605059962, 0.9460202839730119662, 1.000000000000000000),
 ( 1.000075191528490004, 0.9458879222690220745, 1.000000000000000000) ) ) 
 REPRESENTATION_ITEM ( '' )  SURFACE ( )  );
#3660 = CARTESIAN_POINT ( 'NONE',  ( -2.587882985193959762, 2.050000000000000266, -0.2507222665492769842 ) ) ;
#3661 = ORIENTED_EDGE ( 'NONE', *, *, #1600, .F. ) ;
#3662 = DIRECTION ( 'NONE',  ( 0.000000000000000000, 0.000000000000000000, -1.000000000000000000 ) ) ;
#3663 = EDGE_LOOP ( 'NONE', ( #2454, #4046, #1211, #4642 ) ) ;
#3664 = AXIS2_PLACEMENT_3D ( 'NONE', #5934, #4345, #2059 ) ;
#3665 = ADVANCED_FACE ( 'NONE', ( #291 ), #4058, .F. ) ;
#3666 = ORIENTED_EDGE ( 'NONE', *, *, #4587, .F. ) ;
#3667 = DIRECTION ( 'NONE',  ( 0.000000000000000000, -1.000000000000000000, 0.000000000000000000 ) ) ;
#3668 = DIRECTION ( 'NONE',  ( 0.000000000000000000, 1.000000000000000000, 0.000000000000000000 ) ) ;
#3669 = AXIS2_PLACEMENT_3D ( 'NONE', #1660, #790, #3046 ) ;
#3670 = DIRECTION ( 'NONE',  ( -0.4875022170394798238, 0.000000000000000000, 0.8731217488882015987 ) ) ;
#3671 = TOROIDAL_SURFACE ( 'NONE', #302, 0.7699999999999999067, 0.1200000000000000094 ) ;
#3672 = ADVANCED_FACE ( 'NONE', ( #2009 ), #3611, .T. ) ;
#3673 = DIRECTION ( 'NONE',  ( 0.000000000000000000, -1.000000000000000000, 0.000000000000000000 ) ) ;
#3674 = EDGE_CURVE ( 'NONE', #6118, #3925, #5079, .T. ) ;
#3675 = CARTESIAN_POINT ( 'NONE',  ( -1.930720077974430016, -2.200000000000000178, 0.8260266221535510489 ) ) ;
#3676 = ADVANCED_FACE ( 'NONE', ( #3593 ), #257, .T. ) ;
#3677 = AXIS2_PLACEMENT_3D ( 'NONE', #1796, #747, #1277 ) ;
#3678 = DIRECTION ( 'NONE',  ( 0.000000000000000000, -1.000000000000000000, 0.000000000000000000 ) ) ;
#3679 = ORIENTED_EDGE ( 'NONE', *, *, #1557, .T. ) ;
#3680 = EDGE_LOOP ( 'NONE', ( #1665, #1376, #4984, #62 ) ) ;
#3681 = CIRCLE ( 'NONE', #4591, 0.7699999999999999067 ) ;
#3682 = ORIENTED_EDGE ( 'NONE', *, *, #3929, .F. ) ;
#3683 = DIRECTION ( 'NONE',  ( 0.000000000000000000, -1.000000000000000000, 0.000000000000000000 ) ) ;
#3684 = CARTESIAN_POINT ( 'NONE',  ( -0.8105767296299890567, 0.5999999999999999778, -2.627825215911889778 ) ) ;
#3685 = FACE_BOUND ( 'NONE', #2044, .T. ) ;
#3686 = VERTEX_POINT ( 'NONE', #4163 ) ;
#3687 = AXIS2_PLACEMENT_3D ( 'NONE', #5625, #3428, #4563 ) ;
#3688 = COORDINATED_UNIVERSAL_TIME_OFFSET ( 2, 0, .AHEAD. ) ;
#3689 = CARTESIAN_POINT ( 'NONE',  ( -2.380456173966179811, 0.009074926598976979647, -2.434646826159009958 ) ) ;
#3690 = ORIENTED_EDGE ( 'NONE', *, *, #2427, .T. ) ;
#3691 = PLANE ( 'NONE',  #4799 ) ;
#3692 = DIRECTION ( 'NONE',  ( 0.000000000000000000, 0.000000000000000000, 1.000000000000000000 ) ) ;
#3693 = EDGE_CURVE ( 'NONE', #1289, #2231, #2541, .T. ) ;
#3694 = VECTOR ( 'NONE', #4594, 1000.000000000000000 ) ;
#3695 = ORIENTED_EDGE ( 'NONE', *, *, #1393, .F. ) ;
#3696 = DIRECTION ( 'NONE',  ( 0.000000000000000000, 1.000000000000000000, 0.000000000000000000 ) ) ;
#3697 = VERTEX_POINT ( 'NONE', #3559 ) ;
#3698 = CIRCLE ( 'NONE', #6407, 0.6500000000000000222 ) ;
#3699 = CARTESIAN_POINT ( 'NONE',  ( -14.25000000000000000, 0.000000000000000000, 0.000000000000000000 ) ) ;
#3700 = ORIENTED_EDGE ( 'NONE', *, *, #5404, .T. ) ;
#3701 = VERTEX_POINT ( 'NONE', #6315 ) ;
#3702 = VECTOR ( 'NONE', #2026, 1000.000000000000000 ) ;
#3703 = CYLINDRICAL_SURFACE ( 'NONE', #4366, 0.6500000000000000222 ) ;
#3704 = CARTESIAN_POINT ( 'NONE',  ( 1.549130159674929841, -2.200000000000000178, -2.272156629369010084 ) ) ;
#3705 = CARTESIAN_POINT ( 'NONE',  ( 14.08571428571429962, 0.1200000000000000094, 1.998162421132100075 ) ) ;
#3706 = FACE_OUTER_BOUND ( 'NONE', #5300, .T. ) ;
#3707 = DIRECTION ( 'NONE',  ( 0.000000000000000000, 1.000000000000000000, 0.000000000000000000 ) ) ;
#3708 = ORIENTED_EDGE ( 'NONE', *, *, #5534, .T. ) ;
#3709 = ADVANCED_FACE ( 'NONE', ( #1904 ), #1482, .T. ) ;
#3710 = ADVANCED_FACE ( 'NONE', ( #1345 ), #3521, .F. ) ;
#3711 = ORIENTED_EDGE ( 'NONE', *, *, #2593, .T. ) ;
#3712 = EDGE_CURVE ( 'NONE', #6935, #5837, #3832, .T. ) ;
#3713 = ORIENTED_EDGE ( 'NONE', *, *, #5813, .F. ) ;
#3714 = CARTESIAN_POINT ( 'NONE',  ( 2.060553155526509972, 0.000000000000000000, -0.4051181225886579806 ) ) ;
#3715 = DIRECTION ( 'NONE',  ( 0.000000000000000000, 0.000000000000000000, 1.000000000000000000 ) ) ;
#3716 = CARTESIAN_POINT ( 'NONE',  ( -4.250000000000000000, 1.930000000000000160, 0.000000000000000000 ) ) ;
#3717 = VERTEX_POINT ( 'NONE', #4623 ) ;
#3718 = CARTESIAN_POINT ( 'NONE',  ( -2.201288466400949773, -0.02095159904719061730, -2.492100303843190368 ) ) ;
#3719 = EDGE_CURVE ( 'NONE', #6603, #3788, #2262, .T. ) ;
#3720 = VERTEX_POINT ( 'NONE', #4127 ) ;
#3721 = CARTESIAN_POINT ( 'NONE',  ( 2.408327250480109871, -0.1200000000000000094, -2.292506238725410039 ) ) ;
#3722 = DIRECTION ( 'NONE',  ( -0.1348158221125109468, 0.000000000000000000, 0.9908706747644355772 ) ) ;
#3723 = CIRCLE ( 'NONE', #3383, 2.100000000000000089 ) ;
#3724 = ORIENTED_EDGE ( 'NONE', *, *, #6182, .T. ) ;
#3725 = PLANE ( 'NONE',  #370 ) ;
#3726 = AXIS2_PLACEMENT_3D ( 'NONE', #4204, #6356, #3344 ) ;
#3727 = LINE ( 'NONE', #5885, #5077 ) ;
#3728 = ORIENTED_EDGE ( 'NONE', *, *, #5195, .T. ) ;
#3729 = AXIS2_PLACEMENT_3D ( 'NONE', #284, #2423, #4576 ) ;
#3730 = ORIENTED_EDGE ( 'NONE', *, *, #2817, .F. ) ;
#3731 = DIRECTION ( 'NONE',  ( 0.000000000000000000, -1.000000000000000000, 0.000000000000000000 ) ) ;
#3732 = CARTESIAN_POINT ( 'NONE',  ( -1.193180282573270024, -2.200000000000000178, 2.477664386731659896 ) ) ;
#3733 = CYLINDRICAL_SURFACE ( 'NONE', #4862, 0.6500000000000000222 ) ;
#3734 = AXIS2_PLACEMENT_3D ( 'NONE', #4869, #2758, #85 ) ;
#3735 = DIRECTION ( 'NONE',  ( 1.000000000000000000, -0.000000000000000000, 1.224646799147353207E-16 ) ) ;
#3736 = LINE ( 'NONE', #5896, #1802 ) ;
#3737 = AXIS2_PLACEMENT_3D ( 'NONE', #850, #815, #258 ) ;
#3738 = ORIENTED_EDGE ( 'NONE', *, *, #1631, .F. ) ;
#3739 = EDGE_LOOP ( 'NONE', ( #801, #2306, #1530, #2696 ) ) ;
#3740 = AXIS2_PLACEMENT_3D ( 'NONE', #3348, #1722, #79 ) ;
#3741 = ORIENTED_EDGE ( 'NONE', *, *, #110, .T. ) ;
#3742 = DIRECTION ( 'NONE',  ( 0.000000000000000000, 1.000000000000000000, 0.000000000000000000 ) ) ;
#3743 = DIRECTION ( 'NONE',  ( 0.000000000000000000, -1.000000000000000000, 0.000000000000000000 ) ) ;
#3744 = CARTESIAN_POINT ( 'NONE',  ( -2.262347271943856430, -0.07355959012957392906, -2.436751543193142577 ) ) ;
#3745 = AXIS2_PLACEMENT_3D ( 'NONE', #938, #5739, #6970 ) ;
#3746 = EDGE_CURVE ( 'NONE', #775, #3878, #5792, .T. ) ;
#3747 = EDGE_LOOP ( 'NONE', ( #829, #5461, #1764, #2800 ) ) ;
#3748 = CC_DESIGN_PERSON_AND_ORGANIZATION_ASSIGNMENT ( #5906, #483, ( #890 ) ) ;
#3749 = CALENDAR_DATE ( 2025, 7, 4 ) ;
#3750 = CARTESIAN_POINT ( 'NONE',  ( -2.182505308773571073, 0.1200000000000001621, 2.508769088726360508 ) ) ;
#3751 = CIRCLE ( 'NONE', #167, 0.1199999999999998845 ) ;
#3752 = EDGE_LOOP ( 'NONE', ( #677, #55, #3555, #1666 ) ) ;
#3753 = CARTESIAN_POINT ( 'NONE',  ( 0.000000000000000000, 0.5999999999999999778, 0.000000000000000000 ) ) ;
#3754 = CARTESIAN_POINT ( 'NONE',  ( 2.153900252465007270, 1.967727377153851043, 2.533058153653954925 ) ) ;
#3755 = EDGE_CURVE ( 'NONE', #6917, #6368, #3104, .T. ) ;
#3756 = EDGE_CURVE ( 'NONE', #2277, #1074, #1247, .T. ) ;
#3757 = ORIENTED_EDGE ( 'NONE', *, *, #3746, .F. ) ;
#3758 = EDGE_CURVE ( 'NONE', #1671, #4747, #295, .T. ) ;
#3759 = CIRCLE ( 'NONE', #826, 2.274999999999999911 ) ;
#3760 = CARTESIAN_POINT ( 'NONE',  ( -2.742310442248250268, 0.5999999999999999778, -0.2055077573626570009 ) ) ;
#3761 = DIRECTION ( 'NONE',  ( -0.9071114096957356709, 0.000000000000000000, -0.4208905919592588751 ) ) ;
#3762 = ORIENTED_EDGE ( 'NONE', *, *, #6705, .F. ) ;
#3763 = EDGE_CURVE ( 'NONE', #3656, #5929, #4290, .T. ) ;
#3764 = ORIENTED_EDGE ( 'NONE', *, *, #6199, .F. ) ;
#3765 = LINE ( 'NONE', #3269, #5769 ) ;
#3766 = DIRECTION ( 'NONE',  ( 0.000000000000000000, 1.000000000000000000, 0.000000000000000000 ) ) ;
#3767 = CARTESIAN_POINT ( 'NONE',  ( -2.230118976453059787, 2.028723911118211376, -2.466594491214099349 ) ) ;
#3768 = DIRECTION ( 'NONE',  ( 0.4208905919592718092, 0.000000000000000000, 0.9071114096957295647 ) ) ;
#3769 = VECTOR ( 'NONE', #541, 1000.000000000000000 ) ;
#3770 = DIRECTION ( 'NONE',  ( 0.000000000000000000, 0.000000000000000000, 1.000000000000000000 ) ) ;
#3771 = VERTEX_POINT ( 'NONE', #2441 ) ;
#3772 = VERTEX_POINT ( 'NONE', #4062 ) ;
#3773 = VERTEX_POINT ( 'NONE', #334 ) ;
#3774 = DIRECTION ( 'NONE',  ( 0.000000000000000000, 0.000000000000000000, -1.000000000000000000 ) ) ;
#3775 = LINE ( 'NONE', #2625, #6717 ) ;
#3776 = CIRCLE ( 'NONE', #2320, 2.100000000000000089 ) ;
#3777 = DIRECTION ( 'NONE',  ( 0.000000000000000000, 0.000000000000000000, 1.000000000000000000 ) ) ;
#3778 = ORIENTED_EDGE ( 'NONE', *, *, #1773, .T. ) ;
#3779 = EDGE_LOOP ( 'NONE', ( #1916, #2733, #6053, #25, #2127, #2995 ) ) ;
#3780 = DIRECTION ( 'NONE',  ( 0.000000000000000000, 1.000000000000000000, 0.000000000000000000 ) ) ;
#3781 = TOROIDAL_SURFACE ( 'NONE', #5151, 0.7699999999999999067, 0.1200000000000000094 ) ;
#3782 = EDGE_CURVE ( 'NONE', #4726, #6719, #5652, .T. ) ;
#3783 = ORIENTED_EDGE ( 'NONE', *, *, #4276, .F. ) ;
#3784 = FACE_OUTER_BOUND ( 'NONE', #1692, .T. ) ;
#3785 = FACE_OUTER_BOUND ( 'NONE', #3628, .T. ) ;
#3786 = DIRECTION ( 'NONE',  ( 0.000000000000000000, 0.000000000000000000, -1.000000000000000000 ) ) ;
#3787 = VECTOR ( 'NONE', #2083, 1000.000000000000000 ) ;
#3788 = VERTEX_POINT ( 'NONE', #5160 ) ;
#3789 = CARTESIAN_POINT ( 'NONE',  ( -0.8534771780767500537, -2.200000000000000178, -1.918743522856079853 ) ) ;
#3790 = ADVANCED_FACE ( 'NONE', ( #1839 ), #6321, .T. ) ;
#3791 = CYLINDRICAL_SURFACE ( 'NONE', #30, 0.1199999999999998845 ) ;
#3792 = EDGE_CURVE ( 'NONE', #4, #5326, #2038, .T. ) ;
#3793 = ORIENTED_EDGE ( 'NONE', *, *, #2388, .F. ) ;
#3794 = EDGE_CURVE ( 'NONE', #1141, #5734, #5197, .T. ) ;
#3795 = VECTOR ( 'NONE', #5159, 1000.000000000000000 ) ;
#3796 = CARTESIAN_POINT ( 'NONE',  ( 0.8142287025627419350, 0.5999999999999999778, -2.567463442458869594 ) ) ;
#3797 = EDGE_LOOP ( 'NONE', ( #3086, #4567, #3905, #2887 ) ) ;
#3798 = CARTESIAN_POINT ( 'NONE',  ( -10.25000000000000000, 2.050000000000000266, -0.7699999999999999067 ) ) ;
#3799 = CIRCLE ( 'NONE', #3916, 2.000000000000000000 ) ;
#3800 = CYLINDRICAL_SURFACE ( 'NONE', #3312, 0.6500000000000000222 ) ;
#3801 = CARTESIAN_POINT ( 'NONE',  ( -1.129918426019240085, 0.5999999999999999778, 1.770108570269689929 ) ) ;
#3802 = CC_DESIGN_SECURITY_CLASSIFICATION ( #2230, ( #890 ) ) ;
#3803 = DIRECTION ( 'NONE',  ( 0.000000000000000000, -1.000000000000000000, 0.000000000000000000 ) ) ;
#3804 = CARTESIAN_POINT ( 'NONE',  ( 1.601467981016760023, 0.000000000000000000, 1.358418310307279997 ) ) ;
#3805 = ORIENTED_EDGE ( 'NONE', *, *, #6017, .F. ) ;
#3806 = CARTESIAN_POINT ( 'NONE',  ( 0.2500000000000000000, 0.5999999999999999778, -2.085065946199299969 ) ) ;
#3807 = EDGE_CURVE ( 'NONE', #5855, #3151, #6779, .T. ) ;
#3808 = ORIENTED_EDGE ( 'NONE', *, *, #1002, .T. ) ;
#3809 = AXIS2_PLACEMENT_3D ( 'NONE', #6102, #743, #3309 ) ;
#3810 = ORIENTED_EDGE ( 'NONE', *, *, #5663, .T. ) ;
#3811 = CARTESIAN_POINT ( 'NONE',  ( -2.371628866147753367, 2.068345618494108695, 2.330926720047467704 ) ) ;
#3812 = CARTESIAN_POINT ( 'NONE',  ( 14.00000000000000000, 0.1200000000000000094, 0.000000000000000000 ) ) ;
#3813 = DIRECTION ( 'NONE',  ( -2.131628207280299927E-14, 0.000000000000000000, 1.000000000000000000 ) ) ;
#3814 = VERTEX_POINT ( 'NONE', #1280 ) ;
#3815 = EDGE_LOOP ( 'NONE', ( #1779, #1104, #1621, #726 ) ) ;
#3816 = CARTESIAN_POINT ( 'NONE',  ( 0.000000000000000000, 0.5999999999999999778, 0.000000000000000000 ) ) ;
#3817 = ORIENTED_EDGE ( 'NONE', *, *, #2243, .F. ) ;
#3818 = ORIENTED_EDGE ( 'NONE', *, *, #5623, .T. ) ;
#3819 = CARTESIAN_POINT ( 'NONE',  ( 2.439542877549170097, -5.644816096216609885E-16, 2.405103189165509914 ) ) ;
#3820 = DIRECTION ( 'NONE',  ( 0.000000000000000000, -1.000000000000000000, 0.000000000000000000 ) ) ;
#3821 = CARTESIAN_POINT ( 'NONE',  ( -14.25000000000000000, 1.930000000000000160, 0.7699999999999999067 ) ) ;
#3822 = ORIENTED_EDGE ( 'NONE', *, *, #4149, .F. ) ;
#3823 = DIRECTION ( 'NONE',  ( 0.000000000000000000, 0.000000000000000000, 1.000000000000000000 ) ) ;
#3824 = DIRECTION ( 'NONE',  ( 0.000000000000000000, 0.000000000000000000, -1.000000000000000000 ) ) ;
#3825 = DIRECTION ( 'NONE',  ( 0.000000000000000000, 0.000000000000000000, 1.000000000000000000 ) ) ;
#3826 = CIRCLE ( 'NONE', #11, 0.1199999999999998845 ) ;
#3827 = ORIENTED_EDGE ( 'NONE', *, *, #6231, .T. ) ;
#3828 = LINE ( 'NONE', #5952, #3894 ) ;
#3829 = ORIENTED_EDGE ( 'NONE', *, *, #520, .F. ) ;
#3830 = ADVANCED_FACE ( 'NONE', ( #6074 ), #2140, .T. ) ;
#3831 = ADVANCED_FACE ( 'NONE', ( #5085 ), #4558, .F. ) ;
#3832 = CIRCLE ( 'NONE', #914, 0.1199999999999999678 ) ;
#3833 = CC_DESIGN_PERSON_AND_ORGANIZATION_ASSIGNMENT ( #4744, #2063, ( #890 ) ) ;
#3834 = CARTESIAN_POINT ( 'NONE',  ( 0.9679997763004509759, 0.5999999999999999778, -1.863592346271650158 ) ) ;
#3835 = CIRCLE ( 'NONE', #4407, 0.7699999999999999067 ) ;
#3836 = CARTESIAN_POINT ( 'NONE',  ( 2.151413617528587174, 0.08161338242194775272, 2.535161646269194602 ) ) ;
#3837 = LINE ( 'NONE', #2252, #6570 ) ;
#3838 = LINE ( 'NONE', #115, #3292 ) ;
#3839 = AXIS2_PLACEMENT_3D ( 'NONE', #5890, #5955, #5389 ) ;
#3840 = DIRECTION ( 'NONE',  ( 0.000000000000000000, 0.000000000000000000, 1.000000000000000000 ) ) ;
#3841 = ADVANCED_FACE ( 'NONE', ( #3386 ), #717, .F. ) ;
#3842 = EDGE_CURVE ( 'NONE', #3720, #4501, #5530, .T. ) ;
#3843 = CARTESIAN_POINT ( 'NONE',  ( -0.8202942746994060785, 2.050000000000000266, -2.467208402809820011 ) ) ;
#3844 = VERTEX_POINT ( 'NONE', #2333 ) ;
#3845 = EDGE_CURVE ( 'NONE', #5951, #5356, #4488, .T. ) ;
#3846 = AXIS2_PLACEMENT_3D ( 'NONE', #4292, #5457, #626 ) ;
#3847 = DIRECTION ( 'NONE',  ( 0.000000000000000000, 1.000000000000000000, 0.000000000000000000 ) ) ;
#3848 = EDGE_LOOP ( 'NONE', ( #6529, #2269, #1218, #6883 ) ) ;
#3849 = LINE ( 'NONE', #4419, #4665 ) ;
#3850 = AXIS2_PLACEMENT_3D ( 'NONE', #2935, #1945, #1423 ) ;
#3851 = CARTESIAN_POINT ( 'NONE',  ( -1.193180282573270024, 0.5999999999999999778, 2.477664386731659896 ) ) ;
#3852 = EDGE_LOOP ( 'NONE', ( #5061, #3053, #5, #298 ) ) ;
#3853 = EDGE_LOOP ( 'NONE', ( #3700, #3728, #3987, #4214 ) ) ;
#3854 = DIRECTION ( 'NONE',  ( 0.000000000000000000, 0.000000000000000000, -1.000000000000000000 ) ) ;
#3855 = ORIENTED_EDGE ( 'NONE', *, *, #1947, .F. ) ;
#3856 = CIRCLE ( 'NONE', #4428, 0.7699999999999999067 ) ;
#3857 = EDGE_LOOP ( 'NONE', ( #6965, #3002 ) ) ;
#3858 = AXIS2_PLACEMENT_3D ( 'NONE', #3966, #725, #4533 ) ;
#3859 = CARTESIAN_POINT ( 'NONE',  ( 0.000000000000000000, 0.000000000000000000, 0.000000000000000000 ) ) ;
#3860 = CARTESIAN_POINT ( 'NONE',  ( -0.8534771780767500537, 0.000000000000000000, -1.918743522856079853 ) ) ;
#3861 = CARTESIAN_POINT ( 'NONE',  ( -2.439542877549159883, -7.133695157621540016E-16, -2.405103189165460176 ) ) ;
#3862 = ORIENTED_EDGE ( 'NONE', *, *, #6918, .T. ) ;
#3863 = CARTESIAN_POINT ( 'NONE',  ( 0.000000000000000000, 0.5999999999999999778, -2.750000000000000000 ) ) ;
#3864 = VECTOR ( 'NONE', #5440, 1000.000000000000000 ) ;
#3865 = CARTESIAN_POINT ( 'NONE',  ( 0.000000000000000000, -2.200000000000000178, 0.000000000000000000 ) ) ;
#3866 = ORIENTED_EDGE ( 'NONE', *, *, #5355, .T. ) ;
#3867 = CARTESIAN_POINT ( 'NONE',  ( 0.000000000000000000, 0.000000000000000000, 0.000000000000000000 ) ) ;
#3868 = VECTOR ( 'NONE', #1701, 1000.000000000000000 ) ;
#3869 = VERTEX_POINT ( 'NONE', #5585 ) ;
#3870 = CARTESIAN_POINT ( 'NONE',  ( 14.25000000000000000, 0.1200000000000000094, 0.000000000000000000 ) ) ;
#3871 = CARTESIAN_POINT ( 'NONE',  ( 2.234852747576031362, -0.05242677667863295671, 2.461992375856958404 ) ) ;
#3872 = PLANE ( 'NONE',  #6688 ) ;
#3873 = CARTESIAN_POINT ( 'NONE',  ( 14.25000000000000000, 1.930000000000000160, -0.6500000000000000222 ) ) ;
#3874 = AXIS2_PLACEMENT_3D ( 'NONE', #203, #4498, #6651 ) ;
#3875 = EDGE_CURVE ( 'NONE', #443, #3530, #227, .T. ) ;
#3876 = DIRECTION ( 'NONE',  ( 0.000000000000000000, 0.000000000000000000, 1.000000000000000000 ) ) ;
#3877 = DIRECTION ( 'NONE',  ( 0.6346615560562528513, 0.000000000000000000, 0.7727902103832939851 ) ) ;
#3878 = VERTEX_POINT ( 'NONE', #4522 ) ;
#3879 = CARTESIAN_POINT ( 'NONE',  ( -10.25000000000000000, 2.050000000000000266, 0.000000000000000000 ) ) ;
#3880 = VERTEX_POINT ( 'NONE', #3460 ) ;
#3881 = EDGE_CURVE ( 'NONE', #499, #6804, #261, .T. ) ;
#3882 = EDGE_CURVE ( 'NONE', #4461, #1344, #6894, .T. ) ;
#3883 = EDGE_CURVE ( 'NONE', #375, #3717, #3168, .T. ) ;
#3884 = LINE ( 'NONE', #609, #1730 ) ;
#3885 = LINE ( 'NONE', #4492, #5020 ) ;
#3886 = CIRCLE ( 'NONE', #3440, 0.7699999999999999067 ) ;
#3887 = DIRECTION ( 'NONE',  ( 0.000000000000000000, -1.000000000000000000, 0.000000000000000000 ) ) ;
#3888 = VERTEX_POINT ( 'NONE', #2046 ) ;
#3889 = ORIENTED_EDGE ( 'NONE', *, *, #2445, .T. ) ;
#3890 = AXIS2_PLACEMENT_3D ( 'NONE', #892, #404, #4526 ) ;
#3891 = CARTESIAN_POINT ( 'NONE',  ( -2.172264346982832883, 0.02887764033387183946, 2.517323465592136600 ) ) ;
#3892 = ORIENTED_EDGE ( 'NONE', *, *, #3112, .T. ) ;
#3893 = EDGE_CURVE ( 'NONE', #5550, #2860, #1524, .T. ) ;
#3894 = VECTOR ( 'NONE', #2248, 1000.000000000000000 ) ;
#3895 = ORIENTED_EDGE ( 'NONE', *, *, #2814, .T. ) ;
#3896 = CARTESIAN_POINT ( 'NONE',  ( 10.25000000000000000, -2.200000000000000178, -0.6500000000000000222 ) ) ;
#3897 = LINE ( 'NONE', #1364, #570 ) ;
#3898 = CARTESIAN_POINT ( 'NONE',  ( 0.4098662319845000068, 0.5999999999999999778, 2.719284772119100246 ) ) ;
#3899 = ORIENTED_EDGE ( 'NONE', *, *, #402, .T. ) ;
#3900 = DIRECTION ( 'NONE',  ( 0.000000000000000000, -1.000000000000000000, 0.000000000000000000 ) ) ;
#3901 = AXIS2_PLACEMENT_3D ( 'NONE', #5371, #6300, #1470 ) ;
#3902 = FACE_OUTER_BOUND ( 'NONE', #4929, .T. ) ;
#3903 = LINE ( 'NONE', #2883, #5645 ) ;
#3904 = ADVANCED_FACE ( 'NONE', ( #469 ), #6833, .F. ) ;
#3905 = ORIENTED_EDGE ( 'NONE', *, *, #6485, .T. ) ;
#3906 = DIRECTION ( 'NONE',  ( -0.5751362288795982547, 0.000000000000000000, -0.8180576496984515167 ) ) ;
#3907 = AXIS2_PLACEMENT_3D ( 'NONE', #4385, #3887, #6007 ) ;
#3908 = VERTEX_POINT ( 'NONE', #5294 ) ;
#3909 = CARTESIAN_POINT ( 'NONE',  ( 12.25000000000000000, 2.050000000000000266, 0.000000000000000000 ) ) ;
#3910 = AXIS2_PLACEMENT_3D ( 'NONE', #2931, #6638, #1761 ) ;
#3911 = CARTESIAN_POINT ( 'NONE',  ( 2.151142517227300210, 0.1200000000000000094, 2.535391660193160313 ) ) ;
#3912 = TOROIDAL_SURFACE ( 'NONE', #327, 0.7699999999999999067, 0.1200000000000000094 ) ;
#3913 = DIRECTION ( 'NONE',  ( 0.000000000000000000, 0.000000000000000000, 1.000000000000000000 ) ) ;
#3914 = CARTESIAN_POINT ( 'NONE',  ( 0.000000000000000000, 2.350000000000000089, 0.000000000000000000 ) ) ;
#3915 = DIRECTION ( 'NONE',  ( 0.000000000000000000, -1.000000000000000000, 0.000000000000000000 ) ) ;
#3916 = AXIS2_PLACEMENT_3D ( 'NONE', #2907, #4601, #5059 ) ;
#3917 = CARTESIAN_POINT ( 'NONE',  ( -10.25000000000000000, 2.050000000000000266, 0.7699999999999999067 ) ) ;
#3918 = ORIENTED_EDGE ( 'NONE', *, *, #4196, .T. ) ;
#3919 = FACE_OUTER_BOUND ( 'NONE', #1654, .T. ) ;
#3920 = VERTEX_POINT ( 'NONE', #2613 ) ;
#3921 = CIRCLE ( 'NONE', #4603, 0.1199999999999999956 ) ;
#3922 = CARTESIAN_POINT ( 'NONE',  ( -2.380456173966190025, 2.040925073401029799, 2.434646826159009958 ) ) ;
#3923 = DIRECTION ( 'NONE',  ( 0.000000000000000000, -1.000000000000000000, 0.000000000000000000 ) ) ;
#3924 = CARTESIAN_POINT ( 'NONE',  ( -2.381569860407199979, -2.200000000000000178, 1.375000000000000000 ) ) ;
#3925 = VERTEX_POINT ( 'NONE', #4238 ) ;
#3926 = EDGE_CURVE ( 'NONE', #2286, #5010, #4964, .T. ) ;
#3927 = AXIS2_PLACEMENT_3D ( 'NONE', #3096, #4613, #1998 ) ;
#3928 = EDGE_CURVE ( 'NONE', #2961, #4855, #5867, .T. ) ;
#3929 = EDGE_CURVE ( 'NONE', #281, #4400, #3723, .T. ) ;
#3930 = ORIENTED_EDGE ( 'NONE', *, *, #6479, .F. ) ;
#3931 = AXIS2_PLACEMENT_3D ( 'NONE', #2429, #3820, #1076 ) ;
#3932 = FACE_OUTER_BOUND ( 'NONE', #3150, .T. ) ;
#3933 = VERTEX_POINT ( 'NONE', #1554 ) ;
#3934 = ORIENTED_EDGE ( 'NONE', *, *, #6608, .F. ) ;
#3935 = DIRECTION ( 'NONE',  ( 0.000000000000000000, -1.000000000000000000, 0.000000000000000000 ) ) ;
#3936 = CARTESIAN_POINT ( 'NONE',  ( 0.000000000000000000, 0.000000000000000000, 0.000000000000000000 ) ) ;
#3937 = DIRECTION ( 'NONE',  ( 0.000000000000000000, -1.000000000000000000, 0.000000000000000000 ) ) ;
#3938 = ORIENTED_EDGE ( 'NONE', *, *, #20, .T. ) ;
#3939 = EDGE_CURVE ( 'NONE', #1590, #2928, #5761, .T. ) ;
#3940 = CYLINDRICAL_SURFACE ( 'NONE', #2832, 0.6500000000000000222 ) ;
#3941 = DIRECTION ( 'NONE',  ( 0.000000000000000000, 0.000000000000000000, 1.000000000000000000 ) ) ;
#3942 = ORIENTED_EDGE ( 'NONE', *, *, #5195, .F. ) ;
#3943 = FACE_OUTER_BOUND ( 'NONE', #2369, .T. ) ;
#3944 = ORIENTED_EDGE ( 'NONE', *, *, #3195, .T. ) ;
#3945 = DIRECTION ( 'NONE',  ( 0.000000000000000000, -1.000000000000000000, 0.000000000000000000 ) ) ;
#3946 = CARTESIAN_POINT ( 'NONE',  ( -8.250000000000000000, 1.930000000000000160, 0.6500000000000000222 ) ) ;
#3947 = VECTOR ( 'NONE', #6062, 1000.000000000000000 ) ;
#3948 = DIRECTION ( 'NONE',  ( -0.8587501788015283744, 0.000000000000000000, 0.5123945066141353255 ) ) ;
#3949 = DIRECTION ( 'NONE',  ( 0.000000000000000000, 1.000000000000000000, 0.000000000000000000 ) ) ;
#3950 = LINE ( 'NONE', #1275, #5552 ) ;
#3951 = AXIS2_PLACEMENT_3D ( 'NONE', #6781, #1940, #5190 ) ;
#3952 = PLANE ( 'NONE',  #6961 ) ;
#3953 = CIRCLE ( 'NONE', #1809, 2.100000000000000089 ) ;
#3954 = CARTESIAN_POINT ( 'NONE',  ( -6.250000000000000000, 2.050000000000000266, 0.7699999999999999067 ) ) ;
#3955 = CARTESIAN_POINT ( 'NONE',  ( 0.000000000000000000, 0.5999999999999999778, -2.750000000000000000 ) ) ;
#3956 = CARTESIAN_POINT ( 'NONE',  ( 1.549130159674929841, 0.000000000000000000, -2.272156629369010084 ) ) ;
#3957 = ORIENTED_EDGE ( 'NONE', *, *, #3807, .F. ) ;
#3958 = CIRCLE ( 'NONE', #6551, 0.1200000000000001760 ) ;
#3959 = CARTESIAN_POINT ( 'NONE',  ( 6.250000000000000000, 1.930000000000000160, 0.000000000000000000 ) ) ;
#3960 = CARTESIAN_POINT ( 'NONE',  ( -1.193180282573270024, -2.200000000000000178, 2.477664386731659896 ) ) ;
#3961 = CARTESIAN_POINT ( 'NONE',  ( -12.25000000000000000, 1.930000000000000160, 0.000000000000000000 ) ) ;
#3962 = AXIS2_PLACEMENT_3D ( 'NONE', #6514, #2778, #590 ) ;
#3963 = ORIENTED_EDGE ( 'NONE', *, *, #5543, .T. ) ;
#3964 = AXIS2_PLACEMENT_3D ( 'NONE', #4509, #2317, #3406 ) ;
#3965 = EDGE_LOOP ( 'NONE', ( #2770, #312, #45, #3364 ) ) ;
#3966 = CARTESIAN_POINT ( 'NONE',  ( 1.870475028870050016, 0.5999999999999999778, 2.015892647532010251 ) ) ;
#3967 = ORIENTED_EDGE ( 'NONE', *, *, #6174, .T. ) ;
#3968 = CIRCLE ( 'NONE', #4758, 0.6500000000000000222 ) ;
#3969 = VERTEX_POINT ( 'NONE', #2544 ) ;
#3970 = EDGE_CURVE ( 'NONE', #6464, #5274, #434, .T. ) ;
#3971 = FACE_OUTER_BOUND ( 'NONE', #6740, .T. ) ;
#3972 = DIRECTION ( 'NONE',  ( -0.2084867079878979512, 0.000000000000000000, -0.9780252003871726663 ) ) ;
#3973 = CARTESIAN_POINT ( 'NONE',  ( 2.273582933585524657, 2.130807813589774558, -2.426264545291774599 ) ) ;
#3974 = ORIENTED_EDGE ( 'NONE', *, *, #5568, .F. ) ;
#3975 = LINE ( 'NONE', #3863, #3134 ) ;
#3976 = AXIS2_PLACEMENT_3D ( 'NONE', #3699, #2575, #1019 ) ;
#3977 = LINE ( 'NONE', #2881, #4753 ) ;
#3978 = CARTESIAN_POINT ( 'NONE',  ( 0.000000000000000000, -2.200000000000000178, 0.000000000000000000 ) ) ;
#3979 = LINE ( 'NONE', #6590, #3947 ) ;
#3980 = ORIENTED_EDGE ( 'NONE', *, *, #6880, .T. ) ;
#3981 = ADVANCED_FACE ( 'NONE', ( #3108 ), #3176, .F. ) ;
#3982 = DIRECTION ( 'NONE',  ( 0.000000000000000000, 1.000000000000000000, 0.000000000000000000 ) ) ;
#3983 = EDGE_CURVE ( 'NONE', #4439, #1082, #3057, .T. ) ;
#3984 = AXIS2_PLACEMENT_3D ( 'NONE', #2073, #6316, #3039 ) ;
#3985 = EDGE_CURVE ( 'NONE', #571, #3094, #4746, .T. ) ;
#3986 = AXIS2_PLACEMENT_3D ( 'NONE', #4431, #1254, #2699 ) ;
#3987 = ORIENTED_EDGE ( 'NONE', *, *, #839, .T. ) ;
#3988 = CARTESIAN_POINT ( 'NONE',  ( 4.250000000000000000, -2.200000000000000178, 0.6500000000000000222 ) ) ;
#3989 = CARTESIAN_POINT ( 'NONE',  ( -2.352428868029524889, 2.165249431950274417, 2.350126839027622871 ) ) ;
#3990 = FACE_OUTER_BOUND ( 'NONE', #3574, .T. ) ;
#3991 = FACE_OUTER_BOUND ( 'NONE', #6194, .T. ) ;
#3992 = AXIS2_PLACEMENT_3D ( 'NONE', #5313, #4255, #4222 ) ;
#3993 = EDGE_CURVE ( 'NONE', #2653, #2297, #1698, .T. ) ;
#3994 = CARTESIAN_POINT ( 'NONE',  ( -2.222817688943690140, 2.050000000000000266, 1.348733302665509948 ) ) ;
#3995 = CARTESIAN_POINT ( 'NONE',  ( -2.223634878751290067, 0.1200000000000000094, -2.507004771834460133 ) ) ;
#3996 = DIRECTION ( 'NONE',  ( 0.000000000000000000, 0.000000000000000000, 1.000000000000000000 ) ) ;
#3997 = AXIS2_PLACEMENT_3D ( 'NONE', #6596, #1274, #223 ) ;
#3998 = CARTESIAN_POINT ( 'NONE',  ( -1.786042650225290185, 0.5999999999999999778, -1.104559483041190004 ) ) ;
#3999 = ORIENTED_EDGE ( 'NONE', *, *, #279, .F. ) ;
#4000 = CYLINDRICAL_SURFACE ( 'NONE', #6153, 2.600000000000000089 ) ;
#4001 = DIRECTION ( 'NONE',  ( 0.08905375999726938829, 0.000000000000000000, -0.9960268208388509681 ) ) ;
#4002 = CARTESIAN_POINT ( 'NONE',  ( -10.25000000000000000, 0.1200000000000000094, 0.000000000000000000 ) ) ;
#4003 = ORIENTED_EDGE ( 'NONE', *, *, #4796, .T. ) ;
#4004 = ORIENTED_EDGE ( 'NONE', *, *, #5532, .F. ) ;
#4005 = CARTESIAN_POINT ( 'NONE',  ( -2.194937784320828200, 0.06308987913419245031, 2.497993213080470287 ) ) ;
#4006 = ORIENTED_EDGE ( 'NONE', *, *, #657, .F. ) ;
#4007 = AXIS2_PLACEMENT_3D ( 'NONE', #381, #1624, #2188 ) ;
#4008 = ORIENTED_EDGE ( 'NONE', *, *, #2641, .T. ) ;
#4009 = DIRECTION ( 'NONE',  ( 0.000000000000000000, 0.000000000000000000, 1.000000000000000000 ) ) ;
#4010 = CARTESIAN_POINT ( 'NONE',  ( 2.559902808771549854, 0.5999999999999999778, -1.004687817007609896 ) ) ;
#4011 = DIRECTION ( 'NONE',  ( -0.000000000000000000, 1.000000000000000000, 0.000000000000000000 ) ) ;
#4012 = EDGE_LOOP ( 'NONE', ( #6704, #3128, #2130, #973 ) ) ;
#4013 = LINE ( 'NONE', #2921, #6181 ) ;
#4014 = VECTOR ( 'NONE', #821, 1000.000000000000000 ) ;
#4015 = EDGE_CURVE ( 'NONE', #4295, #6351, #2144, .T. ) ;
#4016 = CARTESIAN_POINT ( 'NONE',  ( 8.250000000000000000, -2.200000000000000178, -0.6500000000000000222 ) ) ;
#4017 = DIRECTION ( 'NONE',  ( -0.9990812105660493714, 0.000000000000000000, 0.04285714285714280897 ) ) ;
#4018 = ORIENTED_EDGE ( 'NONE', *, *, #6569, .T. ) ;
#4019 = FACE_BOUND ( 'NONE', #67, .T. ) ;
#4020 = ORIENTED_EDGE ( 'NONE', *, *, #2234, .F. ) ;
#4021 = EDGE_CURVE ( 'NONE', #1746, #3171, #1932, .T. ) ;
#4022 = LINE ( 'NONE', #1343, #6218 ) ;
#4023 = ADVANCED_FACE ( 'NONE', ( #4405 ), #4897, .T. ) ;
#4024 = ORIENTED_EDGE ( 'NONE', *, *, #1347, .F. ) ;
#4025 = EDGE_CURVE ( 'NONE', #5496, #1361, #4525, .T. ) ;
#4026 = DIRECTION ( 'NONE',  ( -0.9716292499909653380, 0.000000000000000000, 0.2365091976266340823 ) ) ;
#4027 = AXIS2_PLACEMENT_3D ( 'NONE', #3821, #5030, #731 ) ;
#4028 = AXIS2_PLACEMENT_3D ( 'NONE', #6154, #756, #5058 ) ;
#4029 = CARTESIAN_POINT ( 'NONE',  ( -1.849597897417329939, 0.5999999999999999778, -0.9944785658169870146 ) ) ;
#4030 = CARTESIAN_POINT ( 'NONE',  ( -0.8105767296299890567, 0.000000000000000000, -2.627825215911889778 ) ) ;
#4031 = CARTESIAN_POINT ( 'NONE',  ( 2.439278249353160177, 2.050000000000000266, 2.405245050716230182 ) ) ;
#4032 = ORIENTED_EDGE ( 'NONE', *, *, #6565, .T. ) ;
#4033 = AXIS2_PLACEMENT_3D ( 'NONE', #2278, #4435, #2776 ) ;
#4034 = CARTESIAN_POINT ( 'NONE',  ( 2.151142517227300210, 0.1200000000000000094, -2.535391660193160313 ) ) ;
#4035 = CARTESIAN_POINT ( 'NONE',  ( -1.930720077974430016, 0.5999999999999999778, 0.8260266221535519371 ) ) ;
#4036 = CARTESIAN_POINT ( 'NONE',  ( -1.234942045101830033, 0.5999999999999999778, 1.698504679192770261 ) ) ;
#4037 = ORIENTED_EDGE ( 'NONE', *, *, #1681, .T. ) ;
#4038 = EDGE_CURVE ( 'NONE', #1509, #4573, #1680, .T. ) ;
#4039 = TOROIDAL_SURFACE ( 'NONE', #217, 0.7699999999999999067, 0.1200000000000000094 ) ;
#4040 = LINE ( 'NONE', #2872, #4559 ) ;
#4041 = VERTEX_POINT ( 'NONE', #2709 ) ;
#4042 = VERTEX_POINT ( 'NONE', #1086 ) ;
#4043 = CARTESIAN_POINT ( 'NONE',  ( 2.786071468060228663E-16, 2.350000000000000089, -2.274999999999999911 ) ) ;
#4044 = CYLINDRICAL_SURFACE ( 'NONE', #5650, 2.100000000000000089 ) ;
#4045 = DIRECTION ( 'NONE',  ( 0.5513875319727680191, 0.000000000000000000, -0.8342492370898398901 ) ) ;
#4046 = ORIENTED_EDGE ( 'NONE', *, *, #442, .T. ) ;
#4047 = CARTESIAN_POINT ( 'NONE',  ( -14.08571428571429962, 0.1200000000000000094, -1.998162421132100075 ) ) ;
#4048 = LINE ( 'NONE', #1821, #1942 ) ;
#4049 = LINE ( 'NONE', #351, #2292 ) ;
#4050 = VERTEX_POINT ( 'NONE', #4969 ) ;
#4051 = FACE_OUTER_BOUND ( 'NONE', #3747, .T. ) ;
#4052 = PLANE ( 'NONE',  #2583 ) ;
#4053 = CLOSED_SHELL ( 'NONE', ( #6092, #5662, #4237, #912, #3627, #668, #5920, #3588, #1416, #3672, #3493, #5388, #2723, #5746, #2376, #2999, #6133, #1909, #1180, #3830, #2816, #2677, #5593, #3155, #5439, #4911, #6517, #2870, #3981, #878, #5449, #674, #3831, #2164, #5988, #2375, #1487, #3075, #4318, #189, #4737, #3369, #5676, #2287, #2902, #3205, #2639, #6966, #2991, #2546, #5351, #3149, #560, #3078, #5706, #18, #2654, #4792, #1725, #2686, #1778, #5072, #5705, #4355, #2245, #965, #5149, #3904, #4125, #3235, #3676, #1736, #1385, #6515, #6477, #2030, #2247, #1299, #6134, #6708, #6387, #2592, #975, #4023, #2514, #805, #4922, #2917, #5626, #4625, #1397, #5578, #5653, #5012, #4316, #4675, #1999, #47, #6647, #365, #1835, #2356, #3710, #1489, #5840, #6311, #3575, #2035, #5345, #5150, #4636, #17, #3665, #6607, #1325, #6269, #3405, #1643, #1408, #4667, #331, #4315, #144, #4409, #1169, #6048, #2202, #5788, #4963, #3275, #4500, #3494, #1924, #1817, #4579, #5685, #5387, #1355, #3316, #1475, #6052, #1161, #1914, #5996, #2556, #4590, #748, #2603, #6531, #2632, #187, #1225, #2896, #2765, #6366, #5308, #6882, #3111, #3841, #1268, #3625, #2391, #236, #536, #3548, #4460, #2572, #2205, #5481, #1116, #330, #1819, #2114, #1515, #5107, #3488, #4831, #4711, #1948, #3329, #958, #3455, #4235, #5913, #4332, #146, #6347, #4200, #4647, #698, #6695, #4275, #3790, #1522, #4804, #4369, #6428, #2676, #5047, #916, #3637, #5353, #2853, #1394, #2602, #1047, #3093, #6747, #5997, #3589, #2212, #3709, #527, #555, #5135 ) ) ;
#4054 = VERTEX_POINT ( 'NONE', #6558 ) ;
#4055 = LINE ( 'NONE', #5117, #2714 ) ;
#4056 = B_SPLINE_CURVE_WITH_KNOTS ( 'NONE', 3,
 ( #5741, #4114, #6267, #311, #766, #3973, #4079, #867, #1962, #3056, #5067, #2918, #6698, #2530, #2491, #4609 ),
 .UNSPECIFIED., .F., .F.,
 ( 4, 2, 2, 2, 2, 2, 2, 4 ),
 ( 0.000000000000000000, 0.2500000000000002776, 0.3749999999999997780, 0.4999999999999993339, 0.6249999999999988898, 0.6874999999999994449, 0.7499999999999998890, 1.000000000000000000 ),
 .UNSPECIFIED. ) ;
#4057 = VERTEX_POINT ( 'NONE', #3798 ) ;
#4058 = PLANE ( 'NONE',  #5649 ) ;
#4059 = DIRECTION ( 'NONE',  ( 0.000000000000000000, 0.000000000000000000, 1.000000000000000000 ) ) ;
#4060 = EDGE_CURVE ( 'NONE', #210, #5078, #3958, .T. ) ;
#4061 = LINE ( 'NONE', #4557, #6857 ) ;
#4062 = CARTESIAN_POINT ( 'NONE',  ( 3.998471799216108366E-16, -2.200000000000000178, -3.205000000000000071 ) ) ;
#4063 = CARTESIAN_POINT ( 'NONE',  ( 10.25000000000000000, 0.1200000000000000094, 0.6500000000000000222 ) ) ;
#4064 = ORIENTED_EDGE ( 'NONE', *, *, #2945, .T. ) ;
#4065 = AXIS2_PLACEMENT_3D ( 'NONE', #3079, #3668, #961 ) ;
#4066 = EDGE_CURVE ( 'NONE', #1114, #5310, #1718, .T. ) ;
#4067 = DIRECTION ( 'NONE',  ( 1.000000000000000000, -0.000000000000000000, 1.224646799147353207E-16 ) ) ;
#4068 = EDGE_CURVE ( 'NONE', #5377, #5118, #6436, .T. ) ;
#4069 = CARTESIAN_POINT ( 'NONE',  ( -4.250000000000000000, 2.050000000000000266, 0.000000000000000000 ) ) ;
#4070 = EDGE_CURVE ( 'NONE', #3103, #4945, #4412, .T. ) ;
#4071 = CARTESIAN_POINT ( 'NONE',  ( -2.150036576787090148, 0.000000000000000000, -1.714596955111509891 ) ) ;
#4072 = EDGE_LOOP ( 'NONE', ( #4725, #2838, #4672, #492, #2381, #164 ) ) ;
#4073 = AXIS2_PLACEMENT_3D ( 'NONE', #670, #6522, #4267 ) ;
#4074 = CARTESIAN_POINT ( 'NONE',  ( -2.380549763303420274, 0.009034630121924309282, 2.434603292245270278 ) ) ;
#4075 = ORIENTED_EDGE ( 'NONE', *, *, #1039, .T. ) ;
#4076 = EDGE_LOOP ( 'NONE', ( #3191, #1602, #4475, #2024 ) ) ;
#4077 = DIRECTION ( 'NONE',  ( 0.000000000000000000, 1.000000000000000000, 0.000000000000000000 ) ) ;
#4078 = CARTESIAN_POINT ( 'NONE',  ( 2.088419223178590300, -2.200000000000000178, 0.2202388436632980173 ) ) ;
#4079 = CARTESIAN_POINT ( 'NONE',  ( 2.262347271944688210, 2.123559590131002484, -2.436751543192378300 ) ) ;
#4080 = ORIENTED_EDGE ( 'NONE', *, *, #4540, .T. ) ;
#4081 = CARTESIAN_POINT ( 'NONE',  ( -4.250000000000000000, 1.930000000000000160, 0.000000000000000000 ) ) ;
#4082 = CARTESIAN_POINT ( 'NONE',  ( -2.223634878751290067, 1.930000000000000160, -2.507004771834460133 ) ) ;
#4083 = FACE_OUTER_BOUND ( 'NONE', #4012, .T. ) ;
#4084 = DIRECTION ( 'NONE',  ( 0.000000000000000000, -1.000000000000000000, 0.000000000000000000 ) ) ;
#4085 = VECTOR ( 'NONE', #6415, 1000.000000000000000 ) ;
#4086 = ORIENTED_EDGE ( 'NONE', *, *, #2338, .T. ) ;
#4087 = CARTESIAN_POINT ( 'NONE',  ( 2.230118976453059787, 0.02127608888180281335, -2.466594491214099349 ) ) ;
#4088 = CARTESIAN_POINT ( 'NONE',  ( -8.250000000000000000, -2.200000000000000178, 0.000000000000000000 ) ) ;
#4089 = CIRCLE ( 'NONE', #1828, 2.100000000000000089 ) ;
#4090 = VERTEX_POINT ( 'NONE', #6487 ) ;
#4091 = CARTESIAN_POINT ( 'NONE',  ( 14.08571428571429962, 1.930000000000000160, 1.998162421132100075 ) ) ;
#4092 = VERTEX_POINT ( 'NONE', #2110 ) ;
#4093 = CARTESIAN_POINT ( 'NONE',  ( 2.681051758500020199, 0.5999999999999999778, 0.6119325683798361171 ) ) ;
#4094 = AXIS2_PLACEMENT_3D ( 'NONE', #4729, #6893, #2047 ) ;
#4095 = AXIS2_PLACEMENT_3D ( 'NONE', #1534, #5843, #645 ) ;
#4096 = LINE ( 'NONE', #2332, #2674 ) ;
#4097 = CARTESIAN_POINT ( 'NONE',  ( 4.250000000000000000, 0.1200000000000000094, 0.7699999999999999067 ) ) ;
#4098 = VECTOR ( 'NONE', #2000, 1000.000000000000000 ) ;
#4099 = EDGE_CURVE ( 'NONE', #6614, #5356, #5202, .T. ) ;
#4100 = CARTESIAN_POINT ( 'NONE',  ( 2.276613085301959938, 2.000519965696089919, 2.483374988984719867 ) ) ;
#4101 = ORIENTED_EDGE ( 'NONE', *, *, #1083, .T. ) ;
#4102 = CARTESIAN_POINT ( 'NONE',  ( 0.4098662319845000068, 0.5999999999999999778, 2.719284772119100246 ) ) ;
#4103 = CARTESIAN_POINT ( 'NONE',  ( 2.742310442248239610, -2.200000000000000178, -0.2055077573626959975 ) ) ;
#4104 = AXIS2_PLACEMENT_3D ( 'NONE', #687, #94, #4351 ) ;
#4105 = CARTESIAN_POINT ( 'NONE',  ( -1.381119163458470078, 0.5999999999999999778, -1.581932317239830077 ) ) ;
#4106 = ORIENTED_EDGE ( 'NONE', *, *, #4881, .T. ) ;
#4107 = EDGE_CURVE ( 'NONE', #977, #3878, #692, .T. ) ;
#4108 = DIRECTION ( 'NONE',  ( 0.000000000000000000, 1.000000000000000000, 0.000000000000000000 ) ) ;
#4109 = ORIENTED_EDGE ( 'NONE', *, *, #409, .F. ) ;
#4110 = EDGE_CURVE ( 'NONE', #1606, #4531, #1490, .T. ) ;
#4111 = EDGE_LOOP ( 'NONE', ( #3352, #343, #4418, #3184 ) ) ;
#4112 = CARTESIAN_POINT ( 'NONE',  ( 6.250000000000000000, 0.000000000000000000, -0.7699999999999999067 ) ) ;
#4113 = CARTESIAN_POINT ( 'NONE',  ( 10.25000000000000000, 0.1200000000000000094, 0.000000000000000000 ) ) ;
#4114 = CARTESIAN_POINT ( 'NONE',  ( 2.380004902496200003, 2.170000000000000373, -2.322259476162681580 ) ) ;
#4115 = VERTEX_POINT ( 'NONE', #1647 ) ;
#4116 = DIRECTION ( 'NONE',  ( 0.6346615560562418601, 0.000000000000000000, -0.7727902103833029779 ) ) ;
#4117 = DIRECTION ( 'NONE',  ( 1.000000000000000000, -0.000000000000000000, 1.224646799147353207E-16 ) ) ;
#4118 = DIRECTION ( 'NONE',  ( 0.9998967236536201453, 0.000000000000000000, 0.01437157008666590206 ) ) ;
#4119 = ORIENTED_EDGE ( 'NONE', *, *, #1267, .T. ) ;
#4120 = CARTESIAN_POINT ( 'NONE',  ( 12.25000000000000000, 0.1200000000000000094, 0.6500000000000000222 ) ) ;
#4121 = DIRECTION ( 'NONE',  ( 0.000000000000000000, 1.000000000000000000, 0.000000000000000000 ) ) ;
#4122 = AXIS2_PLACEMENT_3D ( 'NONE', #3251, #4809, #6465 ) ;
#4123 = ORIENTED_EDGE ( 'NONE', *, *, #1450, .F. ) ;
#4124 = CYLINDRICAL_SURFACE ( 'NONE', #5872, 2.000000000000000000 ) ;
#4125 = ADVANCED_FACE ( 'NONE', ( #6420 ), #1581, .F. ) ;
#4126 = VERTEX_POINT ( 'NONE', #1058 ) ;
#4127 = CARTESIAN_POINT ( 'NONE',  ( -12.25000000000000000, 2.050000000000000266, -0.7699999999999999067 ) ) ;
#4128 = DIRECTION ( 'NONE',  ( -0.06039099147351188746, 0.000000000000000000, 0.9981747983939717184 ) ) ;
#4129 = AXIS2_PLACEMENT_3D ( 'NONE', #1752, #3265, #4895 ) ;
#4130 = DIRECTION ( 'NONE',  ( 0.000000000000000000, 0.000000000000000000, -1.000000000000000000 ) ) ;
#4131 = CARTESIAN_POINT ( 'NONE',  ( 6.250000000000000000, -2.200000000000000178, 0.000000000000000000 ) ) ;
#4132 = AXIS2_PLACEMENT_3D ( 'NONE', #901, #6803, #3578 ) ;
#4133 = CARTESIAN_POINT ( 'NONE',  ( -2.381569860407199979, -2.200000000000000178, 1.375000000000000000 ) ) ;
#4134 = DIRECTION ( 'NONE',  ( 0.000000000000000000, 0.000000000000000000, 1.000000000000000000 ) ) ;
#4135 = AXIS2_PLACEMENT_3D ( 'NONE', #43, #532, #1090 ) ;
#4136 = CARTESIAN_POINT ( 'NONE',  ( 0.3756907751836500720, -2.200000000000000178, -2.066121110061540200 ) ) ;
#4137 = DIRECTION ( 'NONE',  ( 0.6121892641637399768, 0.000000000000000000, 0.7907112651547709703 ) ) ;
#4138 = ORIENTED_EDGE ( 'NONE', *, *, #5876, .T. ) ;
#4139 = DIRECTION ( 'NONE',  ( 0.000000000000000000, -1.000000000000000000, 0.000000000000000000 ) ) ;
#4140 = ORIENTED_EDGE ( 'NONE', *, *, #4870, .F. ) ;
#4141 = AXIS2_PLACEMENT_3D ( 'NONE', #3596, #3141, #4130 ) ;
#4142 = ORIENTED_EDGE ( 'NONE', *, *, #2260, .T. ) ;
#4143 = DIRECTION ( 'NONE',  ( 0.000000000000000000, 0.000000000000000000, 1.000000000000000000 ) ) ;
#4144 = DIRECTION ( 'NONE',  ( 0.000000000000000000, 0.000000000000000000, -1.000000000000000000 ) ) ;
#4145 = DIRECTION ( 'NONE',  ( -0.1632379251584109847, 0.000000000000000000, 0.9865867320159830145 ) ) ;
#4146 = EDGE_CURVE ( 'NONE', #1071, #619, #2953, .T. ) ;
#4147 = EDGE_CURVE ( 'NONE', #5515, #1676, #3765, .T. ) ;
#4148 = VERTEX_POINT ( 'NONE', #596 ) ;
#4149 = EDGE_CURVE ( 'NONE', #2017, #3572, #2751, .T. ) ;
#4150 = VECTOR ( 'NONE', #1995, 1000.000000000000000 ) ;
#4151 = CARTESIAN_POINT ( 'NONE',  ( -0.8202942746994060785, 0.5999999999999999778, -2.467208402809820011 ) ) ;
#4152 = CARTESIAN_POINT ( 'NONE',  ( 4.250000000000000000, 0.1200000000000000094, -0.6500000000000000222 ) ) ;
#4153 = FACE_OUTER_BOUND ( 'NONE', #1862, .T. ) ;
#4154 = VERTEX_POINT ( 'NONE', #6633 ) ;
#4155 = CIRCLE ( 'NONE', #3476, 0.6500000000000000222 ) ;
#4156 = CARTESIAN_POINT ( 'NONE',  ( -14.25000000000000000, -2.200000000000000178, 0.000000000000000000 ) ) ;
#4157 = CARTESIAN_POINT ( 'NONE',  ( 0.000000000000000000, 2.350000000000000089, 3.205000000000000071 ) ) ;
#4158 = EDGE_CURVE ( 'NONE', #2486, #1015, #4022, .T. ) ;
#4159 = EDGE_CURVE ( 'NONE', #3094, #5899, #1272, .T. ) ;
#4160 = VERTEX_POINT ( 'NONE', #847 ) ;
#4161 = CYLINDRICAL_SURFACE ( 'NONE', #254, 3.324999999999999734 ) ;
#4162 = ORIENTED_EDGE ( 'NONE', *, *, #2336, .T. ) ;
#4163 = CARTESIAN_POINT ( 'NONE',  ( 14.25000000000000000, 2.050000000000000266, 0.7699999999999999067 ) ) ;
#4164 = DIRECTION ( 'NONE',  ( 1.000000000000000000, -0.000000000000000000, 1.224646799147353207E-16 ) ) ;
#4165 = CIRCLE ( 'NONE', #5390, 2.100000000000000089 ) ;
#4166 = CARTESIAN_POINT ( 'NONE',  ( -2.223635173115280139, 0.09965351321340119861, 2.507004759207250189 ) ) ;
#4167 = CARTESIAN_POINT ( 'NONE',  ( 2.299763500551652129, 2.151940936574203267, -2.402350414722772776 ) ) ;
#4168 = CARTESIAN_POINT ( 'NONE',  ( -8.250000000000000000, -2.200000000000000178, 0.6500000000000000222 ) ) ;
#4169 = CARTESIAN_POINT ( 'NONE',  ( 0.000000000000000000, 0.5999999999999999778, 0.000000000000000000 ) ) ;
#4170 = FACE_OUTER_BOUND ( 'NONE', #1702, .T. ) ;
#4171 = DIRECTION ( 'NONE',  ( 0.000000000000000000, -1.000000000000000000, 0.000000000000000000 ) ) ;
#4172 = ORIENTED_EDGE ( 'NONE', *, *, #661, .T. ) ;
#4173 = AXIS2_PLACEMENT_3D ( 'NONE', #1412, #1970, #3552 ) ;
#4174 = ORIENTED_EDGE ( 'NONE', *, *, #5272, .T. ) ;
#4175 = AXIS2_PLACEMENT_3D ( 'NONE', #6602, #4379, #4451 ) ;
#4176 = AXIS2_PLACEMENT_3D ( 'NONE', #2200, #5852, #1669 ) ;
#4177 = ORIENTED_EDGE ( 'NONE', *, *, #6404, .F. ) ;
#4178 = LINE ( 'NONE', #1503, #2065 ) ;
#4179 = LINE ( 'NONE', #3541, #6834 ) ;
#4180 = FACE_OUTER_BOUND ( 'NONE', #111, .T. ) ;
#4181 = AXIS2_PLACEMENT_3D ( 'NONE', #2506, #5647, #6210 ) ;
#4182 = VERTEX_POINT ( 'NONE', #3946 ) ;
#4183 = LINE ( 'NONE', #1507, #4261 ) ;
#4184 = TOROIDAL_SURFACE ( 'NONE', #252, 3.205000000000000071, 0.1200000000000000094 ) ;
#4185 = CARTESIAN_POINT ( 'NONE',  ( 0.000000000000000000, -0.1200000000000000094, 0.000000000000000000 ) ) ;
#4186 = ORIENTED_EDGE ( 'NONE', *, *, #2078, .T. ) ;
#4187 = CARTESIAN_POINT ( 'NONE',  ( -2.355642294822939853, -0.1201080196017189072, -2.347852991120949806 ) ) ;
#4188 = EDGE_CURVE ( 'NONE', #4779, #4461, #5420, .T. ) ;
#4189 = VERTEX_POINT ( 'NONE', #6101 ) ;
#4190 = CARTESIAN_POINT ( 'NONE',  ( 2.495244324181649542, 2.169999999999999929, 2.375243305987679854 ) ) ;
#4191 = PLANE ( 'NONE',  #6303 ) ;
#4192 = VERTEX_POINT ( 'NONE', #3414 ) ;
#4193 = AXIS2_PLACEMENT_3D ( 'NONE', #552, #2702, #4852 ) ;
#4194 = CARTESIAN_POINT ( 'NONE',  ( 0.000000000000000000, -13.80452018978109940, 0.000000000000000000 ) ) ;
#4195 = EDGE_LOOP ( 'NONE', ( #5905, #2007, #4542, #5697 ) ) ;
#4196 = EDGE_CURVE ( 'NONE', #1044, #3370, #5042, .T. ) ;
#4197 = CARTESIAN_POINT ( 'NONE',  ( 0.000000000000000000, -2.079999999999999627, 0.000000000000000000 ) ) ;
#4198 = EDGE_CURVE ( 'NONE', #2286, #1361, #5577, .T. ) ;
#4199 = ORIENTED_EDGE ( 'NONE', *, *, #1308, .F. ) ;
#4200 = ADVANCED_FACE ( 'NONE', ( #6175 ), #180, .F. ) ;
#4201 = VECTOR ( 'NONE', #1128, 999.9999999999998863 ) ;
#4202 = ORIENTED_EDGE ( 'NONE', *, *, #3556, .F. ) ;
#4203 = DIRECTION ( 'NONE',  ( 0.000000000000000000, 1.000000000000000000, 0.000000000000000000 ) ) ;
#4204 = CARTESIAN_POINT ( 'NONE',  ( 0.000000000000000000, 0.000000000000000000, 0.000000000000000000 ) ) ;
#4205 = TOROIDAL_SURFACE ( 'NONE', #2056, 0.7699999999999999067, 0.1200000000000000094 ) ;
#4206 = DIRECTION ( 'NONE',  ( 0.000000000000000000, -1.000000000000000000, 0.000000000000000000 ) ) ;
#4207 = AXIS2_PLACEMENT_3D ( 'NONE', #1684, #1198, #6635 ) ;
#4208 = DIRECTION ( 'NONE',  ( 0.000000000000000000, 0.000000000000000000, -1.000000000000000000 ) ) ;
#4209 = CARTESIAN_POINT ( 'NONE',  ( -2.408327250480109871, 2.169999999999999929, 2.292506238725410039 ) ) ;
#4210 = CARTESIAN_POINT ( 'NONE',  ( 12.25000000000000000, -2.200000000000000178, 0.000000000000000000 ) ) ;
#4211 = ORIENTED_EDGE ( 'NONE', *, *, #2399, .F. ) ;
#4212 = AXIS2_PLACEMENT_3D ( 'NONE', #4774, #4279, #6937 ) ;
#4213 = ORIENTED_EDGE ( 'NONE', *, *, #2070, .F. ) ;
#4214 = ORIENTED_EDGE ( 'NONE', *, *, #5616, .F. ) ;
#4215 = AXIS2_PLACEMENT_3D ( 'NONE', #1105, #127, #6540 ) ;
#4216 = CYLINDRICAL_SURFACE ( 'NONE', #4095, 2.100000000000000089 ) ;
#4217 = LINE ( 'NONE', #6904, #4688 ) ;
#4218 = CARTESIAN_POINT ( 'NONE',  ( -2.161726299596146372, 0.04548303442031451094, -2.526513376457876880 ) ) ;
#4219 = ORIENTED_EDGE ( 'NONE', *, *, #3459, .F. ) ;
#4220 = PERSON_AND_ORGANIZATION_ROLE ( 'classification_officer' ) ;
#4221 = AXIS2_PLACEMENT_3D ( 'NONE', #3240, #2647, #2523 ) ;
#4222 = DIRECTION ( 'NONE',  ( 0.000000000000000000, 0.000000000000000000, 1.000000000000000000 ) ) ;
#4223 = ORIENTED_EDGE ( 'NONE', *, *, #6413, .F. ) ;
#4224 = CARTESIAN_POINT ( 'NONE',  ( 2.222188178969682681, -0.04074471918825348093, -2.473404013130399814 ) ) ;
#4225 = DIRECTION ( 'NONE',  ( -0.9908706747644355772, 0.000000000000000000, -0.1348158221125109468 ) ) ;
#4226 = ORIENTED_EDGE ( 'NONE', *, *, #4884, .F. ) ;
#4227 = EDGE_CURVE ( 'NONE', #5310, #6464, #776, .T. ) ;
#4228 = LINE ( 'NONE', #6247, #5878 ) ;
#4229 = VERTEX_POINT ( 'NONE', #2323 ) ;
#4230 = CYLINDRICAL_SURFACE ( 'NONE', #4304, 0.6500000000000000222 ) ;
#4231 = ORIENTED_EDGE ( 'NONE', *, *, #5231, .T. ) ;
#4232 = CIRCLE ( 'NONE', #4122, 2.100000000000000089 ) ;
#4233 = VERTEX_POINT ( 'NONE', #1307 ) ;
#4234 = EDGE_CURVE ( 'NONE', #6401, #6468, #3449, .T. ) ;
#4235 = ADVANCED_FACE ( 'NONE', ( #3485 ), #6672, .F. ) ;
#4236 = FACE_OUTER_BOUND ( 'NONE', #4256, .T. ) ;
#4237 = ADVANCED_FACE ( 'NONE', ( #2889 ), #2498, .T. ) ;
#4238 = CARTESIAN_POINT ( 'NONE',  ( -4.250000000000000000, 1.930000000000000160, 0.6500000000000000222 ) ) ;
#4239 = VECTOR ( 'NONE', #5198, 1000.000000000000000 ) ;
#4240 = DIRECTION ( 'NONE',  ( 0.000000000000000000, 0.000000000000000000, 1.000000000000000000 ) ) ;
#4241 = VECTOR ( 'NONE', #4485, 1000.000000000000000 ) ;
#4242 = PLANE ( 'NONE',  #1202 ) ;
#4243 = CIRCLE ( 'NONE', #4132, 0.1199999999999999956 ) ;
#4244 = CARTESIAN_POINT ( 'NONE',  ( -2.495244324181649542, -0.1200000000000000094, 2.375243305987679854 ) ) ;
#4245 = ORIENTED_EDGE ( 'NONE', *, *, #410, .T. ) ;
#4246 = EDGE_LOOP ( 'NONE', ( #6542, #5053 ) ) ;
#4247 = CIRCLE ( 'NONE', #6743, 0.1199999999999998845 ) ;
#4248 = EDGE_LOOP ( 'NONE', ( #162, #308, #4551, #3088 ) ) ;
#4249 = FACE_OUTER_BOUND ( 'NONE', #1231, .T. ) ;
#4250 = LINE ( 'NONE', #22, #3769 ) ;
#4251 = FACE_OUTER_BOUND ( 'NONE', #2072, .T. ) ;
#4252 = ORIENTED_EDGE ( 'NONE', *, *, #2805, .F. ) ;
#4253 = VECTOR ( 'NONE', #1236, 1000.000000000000227 ) ;
#4254 = PERSON_AND_ORGANIZATION ( #3525, #887 ) ;
#4255 = DIRECTION ( 'NONE',  ( 0.000000000000000000, -1.000000000000000000, 0.000000000000000000 ) ) ;
#4256 = EDGE_LOOP ( 'NONE', ( #6901, #323, #2944, #6553 ) ) ;
#4257 = DIRECTION ( 'NONE',  ( 0.04285714285713609212, 0.000000000000000000, -0.9990812105660494824 ) ) ;
#4258 = DIRECTION ( 'NONE',  ( 0.000000000000000000, -1.000000000000000000, 0.000000000000000000 ) ) ;
#4259 = EDGE_LOOP ( 'NONE', ( #5778, #5737 ) ) ;
#4260 = FACE_OUTER_BOUND ( 'NONE', #4273, .T. ) ;
#4261 = VECTOR ( 'NONE', #5815, 1000.000000000000227 ) ;
#4262 = CARTESIAN_POINT ( 'NONE',  ( 2.223635173115270369, 0.09965351321339799284, -2.507004759207259958 ) ) ;
#4263 = EDGE_LOOP ( 'NONE', ( #4466, #4350, #5368, #4297 ) ) ;
#4264 = ORIENTED_EDGE ( 'NONE', *, *, #3459, .T. ) ;
#4265 = CIRCLE ( 'NONE', #1902, 2.100000000000000089 ) ;
#4266 = DIRECTION ( 'NONE',  ( 0.000000000000000000, -1.000000000000000000, 0.000000000000000000 ) ) ;
#4267 = DIRECTION ( 'NONE',  ( 0.000000000000000000, 0.000000000000000000, 1.000000000000000000 ) ) ;
#4268 = DIRECTION ( 'NONE',  ( 0.000000000000000000, -1.000000000000000000, 0.000000000000000000 ) ) ;
#4269 = DIRECTION ( 'NONE',  ( 0.9990812105660492604, 0.000000000000000000, -0.04285714285714280203 ) ) ;
#4270 = EDGE_CURVE ( 'NONE', #5118, #5304, #2361, .T. ) ;
#4271 = CYLINDRICAL_SURFACE ( 'NONE', #6284, 2.100000000000000089 ) ;
#4272 = DIRECTION ( 'NONE',  ( 3.614007241618351532E-15, 0.000000000000000000, 1.000000000000000000 ) ) ;
#4273 = EDGE_LOOP ( 'NONE', ( #3783, #669, #3808, #5073 ) ) ;
#4274 = ORIENTED_EDGE ( 'NONE', *, *, #838, .F. ) ;
#4275 = ADVANCED_FACE ( 'NONE', ( #5644 ), #24, .T. ) ;
#4276 = EDGE_CURVE ( 'NONE', #3788, #3264, #2965, .T. ) ;
#4277 = EDGE_LOOP ( 'NONE', ( #6539, #4586, #6129, #4325 ) ) ;
#4278 = EDGE_CURVE ( 'NONE', #1777, #2685, #4055, .T. ) ;
#4279 = DIRECTION ( 'NONE',  ( 1.000000000000000000, -0.000000000000000000, 1.224646799147353207E-16 ) ) ;
#4280 = CARTESIAN_POINT ( 'NONE',  ( 0.000000000000000000, 0.5999999999999999778, 0.000000000000000000 ) ) ;
#4281 = CARTESIAN_POINT ( 'NONE',  ( -0.6794339920680259048, 0.000000000000000000, 1.987050439828470294 ) ) ;
#4282 = CIRCLE ( 'NONE', #2703, 2.100000000000000089 ) ;
#4283 = ORIENTED_EDGE ( 'NONE', *, *, #6507, .T. ) ;
#4284 = PERSON_AND_ORGANIZATION ( #3525, #887 ) ;
#4285 = TOROIDAL_SURFACE ( 'NONE', #928, 0.7699999999999999067, 0.1200000000000000094 ) ;
#4286 = CARTESIAN_POINT ( 'NONE',  ( -2.222188178970281758, -0.04074471918929433584, 2.473404013129862911 ) ) ;
#4287 = ORIENTED_EDGE ( 'NONE', *, *, #6396, .F. ) ;
#4288 = DIRECTION ( 'NONE',  ( 0.6894755605189196723, 0.000000000000000000, -0.7243089475128147159 ) ) ;
#4289 = DIRECTION ( 'NONE',  ( 0.04285714285714280897, 0.000000000000000000, -0.9990812105660493714 ) ) ;
#4290 = CIRCLE ( 'NONE', #2377, 0.1199999999999999956 ) ;
#4291 = ORIENTED_EDGE ( 'NONE', *, *, #3174, .T. ) ;
#4292 = CARTESIAN_POINT ( 'NONE',  ( 0.000000000000000000, 0.000000000000000000, 0.000000000000000000 ) ) ;
#4293 = AXIS2_PLACEMENT_3D ( 'NONE', #2571, #6346, #460 ) ;
#4294 = DIRECTION ( 'NONE',  ( 0.04285714285713625171, 0.000000000000000000, 0.9990812105660495934 ) ) ;
#4295 = VERTEX_POINT ( 'NONE', #2434 ) ;
#4296 = CIRCLE ( 'NONE', #1262, 0.7699999999999999067 ) ;
#4297 = ORIENTED_EDGE ( 'NONE', *, *, #5757, .F. ) ;
#4298 = CARTESIAN_POINT ( 'NONE',  ( 0.000000000000000000, -2.200000000000000178, 0.000000000000000000 ) ) ;
#4299 = CARTESIAN_POINT ( 'NONE',  ( 8.250000000000000000, 0.1200000000000000094, 0.000000000000000000 ) ) ;
#4300 = DIRECTION ( 'NONE',  ( 0.000000000000000000, 1.000000000000000000, 0.000000000000000000 ) ) ;
#4301 = VECTOR ( 'NONE', #6288, 1000.000000000000000 ) ;
#4302 = DIRECTION ( 'NONE',  ( 9.227252531791528105E-16, 0.000000000000000000, 1.000000000000000000 ) ) ;
#4303 = CARTESIAN_POINT ( 'NONE',  ( -14.25000000000000000, 1.930000000000000160, 0.000000000000000000 ) ) ;
#4304 = AXIS2_PLACEMENT_3D ( 'NONE', #5756, #5289, #1486 ) ;
#4305 = VERTEX_POINT ( 'NONE', #4480 ) ;
#4306 = EDGE_CURVE ( 'NONE', #5405, #4771, #4853, .T. ) ;
#4307 = DIRECTION ( 'NONE',  ( 0.000000000000000000, 0.000000000000000000, 1.000000000000000000 ) ) ;
#4308 = ORIENTED_EDGE ( 'NONE', *, *, #1048, .T. ) ;
#4309 = ORIENTED_EDGE ( 'NONE', *, *, #6832, .T. ) ;
#4310 = FACE_OUTER_BOUND ( 'NONE', #4569, .T. ) ;
#4311 = DIRECTION ( 'NONE',  ( 0.000000000000000000, 1.000000000000000000, 0.000000000000000000 ) ) ;
#4312 = DIRECTION ( 'NONE',  ( 0.000000000000000000, 0.000000000000000000, 1.000000000000000000 ) ) ;
#4313 = CIRCLE ( 'NONE', #5115, 0.7699999999999999067 ) ;
#4314 = ORIENTED_EDGE ( 'NONE', *, *, #1805, .T. ) ;
#4315 = ADVANCED_FACE ( 'NONE', ( #913 ), #4124, .T. ) ;
#4316 = ADVANCED_FACE ( 'NONE', ( #3036 ), #5186, .F. ) ;
#4317 = CALENDAR_DATE ( 2025, 7, 4 ) ;
#4318 = ADVANCED_FACE ( 'NONE', ( #882, #5220 ), #4161, .T. ) ;
#4319 = ORIENTED_EDGE ( 'NONE', *, *, #1597, .T. ) ;
#4320 = DIRECTION ( 'NONE',  ( 0.000000000000000000, 0.000000000000000000, 1.000000000000000000 ) ) ;
#4321 = VECTOR ( 'NONE', #1894, 1000.000000000000000 ) ;
#4322 = ORIENTED_EDGE ( 'NONE', *, *, #2943, .F. ) ;
#4323 = LINE ( 'NONE', #6474, #5225 ) ;
#4324 = CARTESIAN_POINT ( 'NONE',  ( 2.222188178971007400, 2.090744719189283174, 2.473404013129210988 ) ) ;
#4325 = ORIENTED_EDGE ( 'NONE', *, *, #6910, .F. ) ;
#4326 = AXIS2_PLACEMENT_3D ( 'NONE', #5736, #896, #3050 ) ;
#4327 = PLANE ( 'NONE',  #259 ) ;
#4328 = FACE_OUTER_BOUND ( 'NONE', #1563, .T. ) ;
#4329 = ORIENTED_EDGE ( 'NONE', *, *, #4543, .F. ) ;
#4330 = CARTESIAN_POINT ( 'NONE',  ( -12.25000000000000000, 0.000000000000000000, -0.7699999999999999067 ) ) ;
#4331 = ORIENTED_EDGE ( 'NONE', *, *, #1600, .T. ) ;
#4332 = ADVANCED_FACE ( 'NONE', ( #1016 ), #1972, .F. ) ;
#4333 = DIRECTION ( 'NONE',  ( -1.000000000000000000, 0.000000000000000000, 0.000000000000000000 ) ) ;
#4334 = DIRECTION ( 'NONE',  ( 0.000000000000000000, 0.000000000000000000, 1.000000000000000000 ) ) ;
#4335 = CARTESIAN_POINT ( 'NONE',  ( 14.25000000000000000, 0.1200000000000000094, 0.000000000000000000 ) ) ;
#4336 = AXIS2_PLACEMENT_3D ( 'NONE', #1036, #479, #5306 ) ;
#4337 = FACE_OUTER_BOUND ( 'NONE', #602, .T. ) ;
#4338 = VECTOR ( 'NONE', #3923, 1000.000000000000000 ) ;
#4339 = DIRECTION ( 'NONE',  ( 0.000000000000000000, 1.000000000000000000, 0.000000000000000000 ) ) ;
#4340 = ORIENTED_EDGE ( 'NONE', *, *, #1597, .F. ) ;
#4341 = CARTESIAN_POINT ( 'NONE',  ( 10.25000000000000000, 0.1200000000000000094, 0.7699999999999999067 ) ) ;
#4342 = VERTEX_POINT ( 'NONE', #4621 ) ;
#4343 = ORIENTED_EDGE ( 'NONE', *, *, #5318, .F. ) ;
#4344 = CARTESIAN_POINT ( 'NONE',  ( -2.355642294822932747, 2.170108019601709071, 2.347852991120958244 ) ) ;
#4345 = DIRECTION ( 'NONE',  ( 0.000000000000000000, -1.000000000000000000, 0.000000000000000000 ) ) ;
#4346 = AXIS2_PLACEMENT_3D ( 'NONE', #593, #4476, #6630 ) ;
#4347 = DIRECTION ( 'NONE',  ( -1.509903313490210371E-14, 0.000000000000000000, 1.000000000000000000 ) ) ;
#4348 = ORIENTED_EDGE ( 'NONE', *, *, #2160, .F. ) ;
#4349 = PERSON_AND_ORGANIZATION ( #3525, #887 ) ;
#4350 = ORIENTED_EDGE ( 'NONE', *, *, #3038, .F. ) ;
#4351 = DIRECTION ( 'NONE',  ( 0.000000000000000000, 0.000000000000000000, 1.000000000000000000 ) ) ;
#4352 = ORIENTED_EDGE ( 'NONE', *, *, #1673, .T. ) ;
#4353 = CIRCLE ( 'NONE', #3901, 1.879999999999999893 ) ;
#4354 = ORIENTED_EDGE ( 'NONE', *, *, #4358, .T. ) ;
#4355 = ADVANCED_FACE ( 'NONE', ( #4658 ), #3618, .F. ) ;
#4356 = CYLINDRICAL_SURFACE ( 'NONE', #6125, 2.600000000000000089 ) ;
#4357 = CARTESIAN_POINT ( 'NONE',  ( -1.474297749295930160, -2.200000000000000178, -1.495475224275200077 ) ) ;
#4358 = EDGE_CURVE ( 'NONE', #5078, #1590, #6784, .T. ) ;
#4359 = CYLINDRICAL_SURFACE ( 'NONE', #307, 2.600000000000000089 ) ;
#4360 = VECTOR ( 'NONE', #2341, 1000.000000000000227 ) ;
#4361 = ORIENTED_EDGE ( 'NONE', *, *, #875, .T. ) ;
#4362 = CARTESIAN_POINT ( 'NONE',  ( 1.193180282573300222, -2.200000000000000178, 2.477664386731639912 ) ) ;
#4363 = DIRECTION ( 'NONE',  ( 7.671981247365798045E-15, 0.000000000000000000, 1.000000000000000000 ) ) ;
#4364 = EDGE_LOOP ( 'NONE', ( #6816, #6209, #6138, #4462 ) ) ;
#4365 = EDGE_CURVE ( 'NONE', #1009, #1746, #1823, .T. ) ;
#4366 = AXIS2_PLACEMENT_3D ( 'NONE', #6956, #3042, #3823 ) ;
#4367 = CARTESIAN_POINT ( 'NONE',  ( 2.176970402143959760, 0.000000000000000000, 2.388896161031110132 ) ) ;
#4368 = EDGE_CURVE ( 'NONE', #2486, #6774, #3280, .T. ) ;
#4369 = ADVANCED_FACE ( 'NONE', ( #5854 ), #142, .T. ) ;
#4370 = ORIENTED_EDGE ( 'NONE', *, *, #2844, .T. ) ;
#4371 = DIRECTION ( 'NONE',  ( 0.000000000000000000, 0.000000000000000000, 1.000000000000000000 ) ) ;
#4372 = VECTOR ( 'NONE', #2852, 1000.000000000000000 ) ;
#4373 = CARTESIAN_POINT ( 'NONE',  ( -2.380004902504850417, 2.169999999999999929, 2.322259476153594182 ) ) ;
#4374 = CARTESIAN_POINT ( 'NONE',  ( -4.250000000000000000, 0.1200000000000000094, 0.000000000000000000 ) ) ;
#4375 = DIRECTION ( 'NONE',  ( 0.000000000000000000, 0.000000000000000000, 1.000000000000000000 ) ) ;
#4376 = AXIS2_PLACEMENT_3D ( 'NONE', #4185, #6336, #5178 ) ;
#4377 =( BOUNDED_SURFACE ( )  B_SPLINE_SURFACE ( 3, 2, ( 
 ( #3583, #2663, #3097 ),
 ( #4187, #6942, #5745 ),
 ( #2534, #905, #3689 ),
 ( #2096, #1042, #3061 ),
 ( #3718, #5877, #6974 ),
 ( #388, #1474, #3617 ),
 ( #6338, #4745, #3130 ),
 ( #5781, #419, #2064 ) ),
 .UNSPECIFIED., .F., .F., .F. ) 
 B_SPLINE_SURFACE_WITH_KNOTS ( ( 4, 2, 2, 4 ),
 ( 3, 3 ),
 ( 0.0001525721510982660221, 0.0003915345339337029918, 0.0005110157253514210430, 0.0006304969167691389315 ),
 ( -0.0006947758396979849876, 1.000000000000000000 ),
 .UNSPECIFIED. ) 
 GEOMETRIC_REPRESENTATION_ITEM ( )  RATIONAL_B_SPLINE_SURFACE ( (
 ( 1.000407273031090005, 0.7069032860545049202, 1.000000000000000000),
 ( 1.000326156763519991, 0.7652791412112270875, 1.000000000000000000),
 ( 1.000251362112599907, 0.8191056033934920322, 1.000000000000000000),
 ( 1.000159381101870082, 0.8853003423803589289, 1.000000000000000000),
 ( 1.000131607636489894, 0.9052876993087299873, 1.000000000000000000),
 ( 1.000089258171570128, 0.9357647701113630534, 1.000000000000000000),
 ( 1.000075007605059962, 0.9460202839730119662, 1.000000000000000000),
 ( 1.000075191528490004, 0.9458879222690220745, 1.000000000000000000) ) ) 
 REPRESENTATION_ITEM ( '' )  SURFACE ( )  );
#4378 = CARTESIAN_POINT ( 'NONE',  ( 0.000000000000000000, 2.230000000000000426, 0.000000000000000000 ) ) ;
#4379 = DIRECTION ( 'NONE',  ( 0.000000000000000000, 1.000000000000000000, 0.000000000000000000 ) ) ;
#4380 = VERTEX_POINT ( 'NONE', #4091 ) ;
#4381 = ORIENTED_EDGE ( 'NONE', *, *, #59, .T. ) ;
#4382 = AXIS2_PLACEMENT_3D ( 'NONE', #2997, #5251, #5681 ) ;
#4383 = CARTESIAN_POINT ( 'NONE',  ( 0.000000000000000000, -2.200000000000000178, 0.000000000000000000 ) ) ;
#4384 = CARTESIAN_POINT ( 'NONE',  ( 8.250000000000000000, -2.200000000000000178, 0.000000000000000000 ) ) ;
#4385 = CARTESIAN_POINT ( 'NONE',  ( 12.25000000000000000, 0.1200000000000000094, 0.000000000000000000 ) ) ;
#4386 = VERTEX_POINT ( 'NONE', #1516 ) ;
#4387 = ORIENTED_EDGE ( 'NONE', *, *, #5957, .T. ) ;
#4388 = DIRECTION ( 'NONE',  ( 0.000000000000000000, -1.000000000000000000, 0.000000000000000000 ) ) ;
#4389 = ORIENTED_EDGE ( 'NONE', *, *, #2988, .F. ) ;
#4390 = ORIENTED_EDGE ( 'NONE', *, *, #1127, .T. ) ;
#4391 = CARTESIAN_POINT ( 'NONE',  ( -2.742310442248250268, 0.5999999999999999778, -0.2055077573626570009 ) ) ;
#4392 = DIRECTION ( 'NONE',  ( -0.9990812105660493714, 0.000000000000000000, 0.04285714285714280897 ) ) ;
#4393 = CARTESIAN_POINT ( 'NONE',  ( -0.9679997763004770661, 0.5999999999999999778, -1.863592346271639943 ) ) ;
#4394 = ORIENTED_EDGE ( 'NONE', *, *, #3893, .F. ) ;
#4395 = DIRECTION ( 'NONE',  ( 0.000000000000000000, -1.000000000000000000, 0.000000000000000000 ) ) ;
#4396 = EDGE_CURVE ( 'NONE', #2801, #3447, #3591, .T. ) ;
#4397 = LINE ( 'NONE', #4820, #4085 ) ;
#4398 = CARTESIAN_POINT ( 'NONE',  ( 10.25000000000000000, 0.000000000000000000, 0.7699999999999999067 ) ) ;
#4399 = VECTOR ( 'NONE', #5363, 1000.000000000000000 ) ;
#4400 = VERTEX_POINT ( 'NONE', #2539 ) ;
#4401 = CARTESIAN_POINT ( 'NONE',  ( -4.250000000000000000, 1.930000000000000160, -0.7699999999999999067 ) ) ;
#4402 = ORIENTED_EDGE ( 'NONE', *, *, #4025, .F. ) ;
#4403 = AXIS2_PLACEMENT_3D ( 'NONE', #1380, #849, #4660 ) ;
#4404 = EDGE_CURVE ( 'NONE', #5425, #5734, #4754, .T. ) ;
#4405 = FACE_OUTER_BOUND ( 'NONE', #650, .T. ) ;
#4406 = EDGE_CURVE ( 'NONE', #3908, #4148, #4228, .T. ) ;
#4407 = AXIS2_PLACEMENT_3D ( 'NONE', #4503, #765, #6697 ) ;
#4408 = CARTESIAN_POINT ( 'NONE',  ( -2.151142517227300210, 1.930000000000000160, 2.535391660193160313 ) ) ;
#4409 = ADVANCED_FACE ( 'NONE', ( #6916, #427 ), #4721, .F. ) ;
#4410 = CARTESIAN_POINT ( 'NONE',  ( 4.250000000000000000, 2.050000000000000266, 0.000000000000000000 ) ) ;
#4411 = CARTESIAN_POINT ( 'NONE',  ( 0.000000000000000000, -2.200000000000000178, 0.000000000000000000 ) ) ;
#4412 = CIRCLE ( 'NONE', #1256, 2.274999999999999911 ) ;
#4413 = CARTESIAN_POINT ( 'NONE',  ( 0.000000000000000000, 2.050000000000000266, -2.600000000000000089 ) ) ;
#4414 = CARTESIAN_POINT ( 'NONE',  ( -10.25000000000000000, 0.1200000000000000094, 0.6500000000000000222 ) ) ;
#4415 = ORIENTED_EDGE ( 'NONE', *, *, #2080, .T. ) ;
#4416 = VECTOR ( 'NONE', #5752, 1000.000000000000000 ) ;
#4417 = FACE_OUTER_BOUND ( 'NONE', #286, .T. ) ;
#4418 = ORIENTED_EDGE ( 'NONE', *, *, #3546, .T. ) ;
#4419 = CARTESIAN_POINT ( 'NONE',  ( -1.511073344723080192, 2.050000000000000266, -2.115811273924830260 ) ) ;
#4420 = DIRECTION ( 'NONE',  ( -0.7427513150827149691, 0.000000000000000000, -0.6695673856624868581 ) ) ;
#4421 = VECTOR ( 'NONE', #6495, 1000.000000000000000 ) ;
#4422 = DIRECTION ( 'NONE',  ( 0.000000000000000000, 0.000000000000000000, 1.000000000000000000 ) ) ;
#4423 = ORIENTED_EDGE ( 'NONE', *, *, #6870, .T. ) ;
#4424 = EDGE_CURVE ( 'NONE', #6187, #4380, #6905, .T. ) ;
#4425 = ORIENTED_EDGE ( 'NONE', *, *, #6413, .T. ) ;
#4426 = LINE ( 'NONE', #5376, #3868 ) ;
#4427 = ORIENTED_EDGE ( 'NONE', *, *, #3038, .T. ) ;
#4428 = AXIS2_PLACEMENT_3D ( 'NONE', #4938, #1089, #4375 ) ;
#4429 = EDGE_LOOP ( 'NONE', ( #1895, #408, #6446, #2147, #1956, #2908 ) ) ;
#4430 = CIRCLE ( 'NONE', #42, 0.7699999999999999067 ) ;
#4431 = CARTESIAN_POINT ( 'NONE',  ( 0.000000000000000000, -0.1200000000000000094, 0.000000000000000000 ) ) ;
#4432 = DIRECTION ( 'NONE',  ( 0.000000000000000000, -1.000000000000000000, 0.000000000000000000 ) ) ;
#4433 = CARTESIAN_POINT ( 'NONE',  ( -1.977158756200430023, 0.000000000000000000, 0.7077027997542399973 ) ) ;
#4434 = ORIENTED_EDGE ( 'NONE', *, *, #4110, .F. ) ;
#4435 = DIRECTION ( 'NONE',  ( 0.000000000000000000, 1.000000000000000000, 0.000000000000000000 ) ) ;
#4436 = TOROIDAL_SURFACE ( 'NONE', #2408, 3.445000000000000284, 0.1200000000000000094 ) ;
#4437 = DIRECTION ( 'NONE',  ( -0.000000000000000000, 1.000000000000000000, 0.000000000000000000 ) ) ;
#4438 = DIRECTION ( 'NONE',  ( -1.000000000000000000, 0.000000000000000000, 0.000000000000000000 ) ) ;
#4439 = VERTEX_POINT ( 'NONE', #6382 ) ;
#4440 = PLANE ( 'NONE',  #5472 ) ;
#4441 = CIRCLE ( 'NONE', #393, 2.100000000000000089 ) ;
#4442 = ORIENTED_EDGE ( 'NONE', *, *, #1715, .T. ) ;
#4443 = CARTESIAN_POINT ( 'NONE',  ( -14.08057142857140143, 0.000000000000000000, -1.878272675864170127 ) ) ;
#4444 = CARTESIAN_POINT ( 'NONE',  ( 2.273582933588952137, -0.08080781358976969753, 2.426264545288572272 ) ) ;
#4445 = DIRECTION ( 'NONE',  ( 0.000000000000000000, 1.000000000000000000, 0.000000000000000000 ) ) ;
#4446 = CARTESIAN_POINT ( 'NONE',  ( -2.182505308773568409, 1.930000000000002824, -2.508769088726363172 ) ) ;
#4447 = EDGE_CURVE ( 'NONE', #2521, #5823, #3557, .T. ) ;
#4448 = EDGE_CURVE ( 'NONE', #508, #3215, #4892, .T. ) ;
#4449 = LINE ( 'NONE', #4413, #2105 ) ;
#4450 = CC_DESIGN_PERSON_AND_ORGANIZATION_ASSIGNMENT ( #2128, #577, ( #464 ) ) ;
#4451 = DIRECTION ( 'NONE',  ( 0.000000000000000000, 0.000000000000000000, 1.000000000000000000 ) ) ;
#4452 = ORIENTED_EDGE ( 'NONE', *, *, #2817, .T. ) ;
#4453 = DIRECTION ( 'NONE',  ( -0.9071114096957356709, 0.000000000000000000, -0.4208905919592588751 ) ) ;
#4454 = ORIENTED_EDGE ( 'NONE', *, *, #4556, .F. ) ;
#4455 = TOROIDAL_SURFACE ( 'NONE', #6374, 1.879999999999999893, 0.1200000000000000094 ) ;
#4456 = CARTESIAN_POINT ( 'NONE',  ( -2.439542877549170097, 2.050000000000000266, 2.405103189165509914 ) ) ;
#4457 = CARTESIAN_POINT ( 'NONE',  ( 14.25000000000000000, 2.050000000000000266, 0.000000000000000000 ) ) ;
#4458 = CIRCLE ( 'NONE', #1422, 0.6500000000000000222 ) ;
#4459 = DIRECTION ( 'NONE',  ( 0.000000000000000000, -1.000000000000000000, 0.000000000000000000 ) ) ;
#4460 = ADVANCED_FACE ( 'NONE', ( #494 ), #3302, .F. ) ;
#4461 = VERTEX_POINT ( 'NONE', #6550 ) ;
#4462 = ORIENTED_EDGE ( 'NONE', *, *, #5272, .F. ) ;
#4463 = DIRECTION ( 'NONE',  ( 0.000000000000000000, 1.000000000000000000, 0.000000000000000000 ) ) ;
#4464 = ORIENTED_EDGE ( 'NONE', *, *, #1484, .F. ) ;
#4465 = VECTOR ( 'NONE', #5820, 1000.000000000000000 ) ;
#4466 = ORIENTED_EDGE ( 'NONE', *, *, #1765, .T. ) ;
#4467 = LINE ( 'NONE', #4955, #3528 ) ;
#4468 = CARTESIAN_POINT ( 'NONE',  ( -2.161544889411477932, 1.994772268757475153, -2.526531202637228635 ) ) ;
#4469 = DIRECTION ( 'NONE',  ( 0.000000000000000000, -1.000000000000000000, 0.000000000000000000 ) ) ;
#4470 = ORIENTED_EDGE ( 'NONE', *, *, #3409, .F. ) ;
#4471 = LINE ( 'NONE', #3402, #1449 ) ;
#4472 = CIRCLE ( 'NONE', #3337, 0.7699999999999999067 ) ;
#4473 = DIRECTION ( 'NONE',  ( -0.8946402285633441309, 0.000000000000000000, 0.4467872664211990363 ) ) ;
#4474 = DIRECTION ( 'NONE',  ( 0.000000000000000000, 1.000000000000000000, 0.000000000000000000 ) ) ;
#4475 = ORIENTED_EDGE ( 'NONE', *, *, #1265, .T. ) ;
#4476 = DIRECTION ( 'NONE',  ( 1.000000000000000000, -0.000000000000000000, 1.224646799147353207E-16 ) ) ;
#4477 = VECTOR ( 'NONE', #81, 1000.000000000000114 ) ;
#4478 = ORIENTED_EDGE ( 'NONE', *, *, #2477, .F. ) ;
#4479 = DIRECTION ( 'NONE',  ( -0.7427513150827049770, 0.000000000000000000, 0.6695673856624979603 ) ) ;
#4480 = CARTESIAN_POINT ( 'NONE',  ( 1.611116061946817795E-14, 0.000000000000000000, 2.100000000000000089 ) ) ;
#4481 = CARTESIAN_POINT ( 'NONE',  ( 2.190572461042179508, -0.002458606682816195411, 2.501411608221346228 ) ) ;
#4482 = CARTESIAN_POINT ( 'NONE',  ( -8.250000000000000000, -2.200000000000000178, 0.000000000000000000 ) ) ;
#4483 = DIRECTION ( 'NONE',  ( 0.000000000000000000, 0.000000000000000000, 1.000000000000000000 ) ) ;
#4484 = ORIENTED_EDGE ( 'NONE', *, *, #2294, .F. ) ;
#4485 = DIRECTION ( 'NONE',  ( 0.000000000000000000, -1.000000000000000000, 0.000000000000000000 ) ) ;
#4486 = CIRCLE ( 'NONE', #6859, 0.6500000000000000222 ) ;
#4487 = DIRECTION ( 'NONE',  ( 0.08905375999728329384, 0.000000000000000000, 0.9960268208388498579 ) ) ;
#4488 = LINE ( 'NONE', #3955, #5978 ) ;
#4489 = EDGE_CURVE ( 'NONE', #5422, #5550, #4645, .T. ) ;
#4490 = CARTESIAN_POINT ( 'NONE',  ( 8.250000000000000000, 1.930000000000000160, 0.000000000000000000 ) ) ;
#4491 = ORIENTED_EDGE ( 'NONE', *, *, #923, .T. ) ;
#4492 = CARTESIAN_POINT ( 'NONE',  ( -2.559902808771560068, -2.200000000000000178, -1.004687817007580142 ) ) ;
#4493 = CARTESIAN_POINT ( 'NONE',  ( 8.250000000000000000, 0.1200000000000000094, 0.6500000000000000222 ) ) ;
#4494 = EDGE_LOOP ( 'NONE', ( #1098, #6281 ) ) ;
#4495 = EDGE_CURVE ( 'NONE', #1732, #3880, #28, .T. ) ;
#4496 = VERTEX_POINT ( 'NONE', #4362 ) ;
#4497 = EDGE_CURVE ( 'NONE', #3772, #1431, #4856, .T. ) ;
#4498 = DIRECTION ( 'NONE',  ( 0.000000000000000000, -1.000000000000000000, 0.000000000000000000 ) ) ;
#4499 = ORIENTED_EDGE ( 'NONE', *, *, #5536, .T. ) ;
#4500 = ADVANCED_FACE ( 'NONE', ( #1674 ), #4327, .F. ) ;
#4501 = VERTEX_POINT ( 'NONE', #5419 ) ;
#4502 = DIRECTION ( 'NONE',  ( 0.000000000000000000, -1.000000000000000000, 0.000000000000000000 ) ) ;
#4503 = CARTESIAN_POINT ( 'NONE',  ( 10.25000000000000000, 0.000000000000000000, 0.000000000000000000 ) ) ;
#4504 = DIRECTION ( 'NONE',  ( -0.2084867079878839069, 0.000000000000000000, 0.9780252003871754418 ) ) ;
#4505 = ORIENTED_EDGE ( 'NONE', *, *, #616, .F. ) ;
#4506 = DIRECTION ( 'NONE',  ( 0.000000000000000000, -1.000000000000000000, 0.000000000000000000 ) ) ;
#4507 = CARTESIAN_POINT ( 'NONE',  ( -6.250000000000000000, 1.930000000000000160, 0.6500000000000000222 ) ) ;
#4508 = FACE_OUTER_BOUND ( 'NONE', #4263, .T. ) ;
#4509 = CARTESIAN_POINT ( 'NONE',  ( -10.25000000000000000, 1.930000000000000160, 0.000000000000000000 ) ) ;
#4510 = EDGE_LOOP ( 'NONE', ( #3822, #5470, #14, #6924 ) ) ;
#4511 = DIRECTION ( 'NONE',  ( 0.000000000000000000, 0.000000000000000000, 1.000000000000000000 ) ) ;
#4512 = ORIENTED_EDGE ( 'NONE', *, *, #3585, .T. ) ;
#4513 = DIRECTION ( 'NONE',  ( 0.000000000000000000, 1.000000000000000000, 0.000000000000000000 ) ) ;
#4514 = AXIS2_PLACEMENT_3D ( 'NONE', #5036, #5529, #215 ) ;
#4515 = CARTESIAN_POINT ( 'NONE',  ( 2.408327250480109871, -0.1200000000000000094, 2.292506238725410039 ) ) ;
#4516 = DIRECTION ( 'NONE',  ( 0.000000000000000000, 0.000000000000000000, 1.000000000000000000 ) ) ;
#4517 = CARTESIAN_POINT ( 'NONE',  ( 2.151142517227300210, -13.80452018978109940, -2.535391660193160313 ) ) ;
#4518 = AXIS2_PLACEMENT_3D ( 'NONE', #3451, #4692, #5119 ) ;
#4519 = CARTESIAN_POINT ( 'NONE',  ( -2.060553155526509972, -2.200000000000000178, -0.4051181225886290038 ) ) ;
#4520 = CIRCLE ( 'NONE', #3270, 0.7699999999999999067 ) ;
#4521 = DIRECTION ( 'NONE',  ( 0.000000000000000000, 0.000000000000000000, 1.000000000000000000 ) ) ;
#4522 = CARTESIAN_POINT ( 'NONE',  ( -0.06355524719201680051, -2.200000000000000178, 2.099038048858179906 ) ) ;
#4523 = DIRECTION ( 'NONE',  ( 0.000000000000000000, 0.000000000000000000, 1.000000000000000000 ) ) ;
#4524 = ORIENTED_EDGE ( 'NONE', *, *, #6606, .T. ) ;
#4525 = CIRCLE ( 'NONE', #5314, 0.1199999999999999956 ) ;
#4526 = DIRECTION ( 'NONE',  ( 0.000000000000000000, 0.000000000000000000, -1.000000000000000000 ) ) ;
#4527 = CARTESIAN_POINT ( 'NONE',  ( -2.237262477650820092, 1.969501085018899644, 2.501056944821389738 ) ) ;
#4528 = EDGE_CURVE ( 'NONE', #1151, #2642, #480, .T. ) ;
#4529 = LINE ( 'NONE', #4105, #2910 ) ;
#4530 = TOROIDAL_SURFACE ( 'NONE', #1937, 0.7699999999999999067, 0.1200000000000000094 ) ;
#4531 = VERTEX_POINT ( 'NONE', #104 ) ;
#4532 = ORIENTED_EDGE ( 'NONE', *, *, #6355, .T. ) ;
#4533 = DIRECTION ( 'NONE',  ( 0.000000000000000000, -1.000000000000000000, 0.000000000000000000 ) ) ;
#4534 = EDGE_LOOP ( 'NONE', ( #6734, #6063, #5104, #5346 ) ) ;
#4535 = VECTOR ( 'NONE', #6787, 999.9999999999998863 ) ;
#4536 = ORIENTED_EDGE ( 'NONE', *, *, #3536, .T. ) ;
#4537 = DIRECTION ( 'NONE',  ( 0.04285714285713616845, 0.000000000000000000, 0.9990812105660494824 ) ) ;
#4538 = LINE ( 'NONE', #5563, #6668 ) ;
#4539 = CARTESIAN_POINT ( 'NONE',  ( 12.25000000000000000, 1.930000000000000160, -0.6500000000000000222 ) ) ;
#4540 = EDGE_CURVE ( 'NONE', #2521, #5422, #2242, .T. ) ;
#4541 = EDGE_CURVE ( 'NONE', #6195, #2642, #4397, .T. ) ;
#4542 = ORIENTED_EDGE ( 'NONE', *, *, #2116, .T. ) ;
#4543 = EDGE_CURVE ( 'NONE', #5068, #5866, #1577, .T. ) ;
#4544 = DIRECTION ( 'NONE',  ( 0.06039099147352620239, 0.000000000000000000, 0.9981747983939709412 ) ) ;
#4545 = AXIS2_PLACEMENT_3D ( 'NONE', #4335, #1199, #636 ) ;
#4546 = LINE ( 'NONE', #2353, #5092 ) ;
#4547 = CARTESIAN_POINT ( 'NONE',  ( -0.4098662319844609825, 0.000000000000000000, 2.719284772119110016 ) ) ;
#4548 = AXIS2_PLACEMENT_3D ( 'NONE', #2821, #1234, #5541 ) ;
#4549 = VERTEX_POINT ( 'NONE', #3167 ) ;
#4550 = DIRECTION ( 'NONE',  ( 0.000000000000000000, 1.000000000000000000, 0.000000000000000000 ) ) ;
#4551 = ORIENTED_EDGE ( 'NONE', *, *, #5796, .F. ) ;
#4552 = DIRECTION ( 'NONE',  ( 0.9998967236536199232, 0.000000000000000000, -0.01437157008667969832 ) ) ;
#4553 = ORIENTED_EDGE ( 'NONE', *, *, #6749, .T. ) ;
#4554 = DIRECTION ( 'NONE',  ( 0.000000000000000000, 0.000000000000000000, 1.000000000000000000 ) ) ;
#4555 = AXIS2_PLACEMENT_3D ( 'NONE', #4814, #1444, #2630 ) ;
#4556 = EDGE_CURVE ( 'NONE', #60, #4305, #927, .T. ) ;
#4557 = CARTESIAN_POINT ( 'NONE',  ( 1.193180282573300222, -2.200000000000000178, 2.477664386731639912 ) ) ;
#4558 = CYLINDRICAL_SURFACE ( 'NONE', #4741, 0.6500000000000000222 ) ;
#4559 = VECTOR ( 'NONE', #5024, 1000.000000000000000 ) ;
#4560 = LINE ( 'NONE', #335, #1498 ) ;
#4561 = ORIENTED_EDGE ( 'NONE', *, *, #6221, .F. ) ;
#4562 = CARTESIAN_POINT ( 'NONE',  ( -0.4098662319844609825, -2.200000000000000178, 2.719284772119110016 ) ) ;
#4563 = DIRECTION ( 'NONE',  ( 0.000000000000000000, 0.000000000000000000, 1.000000000000000000 ) ) ;
#4564 = DIRECTION ( 'NONE',  ( 0.000000000000000000, 1.000000000000000000, 0.000000000000000000 ) ) ;
#4565 = ORIENTED_EDGE ( 'NONE', *, *, #2678, .F. ) ;
#4566 = CARTESIAN_POINT ( 'NONE',  ( 0.000000000000000000, 1.449999999999999956, 0.000000000000000000 ) ) ;
#4567 = ORIENTED_EDGE ( 'NONE', *, *, #5436, .T. ) ;
#4568 = VECTOR ( 'NONE', #5903, 999.9999999999998863 ) ;
#4569 = EDGE_LOOP ( 'NONE', ( #1064, #4894, #4442, #3204 ) ) ;
#4570 = CARTESIAN_POINT ( 'NONE',  ( -2.399008919802570361, 0.5999999999999999778, -1.002375280375410016 ) ) ;
#4571 = DIRECTION ( 'NONE',  ( 0.000000000000000000, 1.000000000000000000, 0.000000000000000000 ) ) ;
#4572 = DIRECTION ( 'NONE',  ( -0.9071114096957294537, 0.000000000000000000, 0.4208905919592721423 ) ) ;
#4573 = VERTEX_POINT ( 'NONE', #2103 ) ;
#4574 = DIRECTION ( 'NONE',  ( -0.8342492370898318965, 0.000000000000000000, 0.5513875319727798985 ) ) ;
#4575 = AXIS2_PLACEMENT_3D ( 'NONE', #4169, #1495, #2582 ) ;
#4576 = DIRECTION ( 'NONE',  ( 0.000000000000000000, 0.000000000000000000, 1.000000000000000000 ) ) ;
#4577 = CARTESIAN_POINT ( 'NONE',  ( 14.08057142857140143, 0.000000000000000000, -1.878272675864170127 ) ) ;
#4578 = CIRCLE ( 'NONE', #3218, 0.7699999999999999067 ) ;
#4579 = ADVANCED_FACE ( 'NONE', ( #4260 ), #3725, .F. ) ;
#4580 = ORIENTED_EDGE ( 'NONE', *, *, #2419, .T. ) ;
#4581 = CARTESIAN_POINT ( 'NONE',  ( 2.681051758500020199, -2.200000000000000178, 0.6119325683798361171 ) ) ;
#4582 = DIRECTION ( 'NONE',  ( 0.8180576496984592882, 0.000000000000000000, 0.5751362288795871525 ) ) ;
#4583 = VECTOR ( 'NONE', #2730, 1000.000000000000114 ) ;
#4584 = ORIENTED_EDGE ( 'NONE', *, *, #1171, .F. ) ;
#4585 = CARTESIAN_POINT ( 'NONE',  ( 2.495244324181649542, -0.1200000000000000094, 2.375243305987679854 ) ) ;
#4586 = ORIENTED_EDGE ( 'NONE', *, *, #1994, .T. ) ;
#4587 = EDGE_CURVE ( 'NONE', #4154, #6151, #2671, .T. ) ;
#4588 = DIRECTION ( 'NONE',  ( 0.000000000000000000, 1.000000000000000000, 0.000000000000000000 ) ) ;
#4589 = FACE_OUTER_BOUND ( 'NONE', #1899, .T. ) ;
#4590 = ADVANCED_FACE ( 'NONE', ( #1608 ), #5915, .T. ) ;
#4591 = AXIS2_PLACEMENT_3D ( 'NONE', #6079, #5514, #3777 ) ;
#4592 = EDGE_CURVE ( 'NONE', #1789, #6943, #34, .T. ) ;
#4593 = AXIS2_PLACEMENT_3D ( 'NONE', #6362, #3601, #5835 ) ;
#4594 = DIRECTION ( 'NONE',  ( 0.000000000000000000, 1.000000000000000000, 0.000000000000000000 ) ) ;
#4595 = DIRECTION ( 'NONE',  ( -0.9071114096957294537, 0.000000000000000000, 0.4208905919592721423 ) ) ;
#4596 = CARTESIAN_POINT ( 'NONE',  ( 2.301511028871729980, 2.012539716750730179, 2.471981467203240523 ) ) ;
#4597 = ORIENTED_EDGE ( 'NONE', *, *, #6789, .F. ) ;
#4598 = AXIS2_PLACEMENT_3D ( 'NONE', #5651, #294, #5584 ) ;
#4599 = CARTESIAN_POINT ( 'NONE',  ( 1.611116061946817795E-14, -2.200000000000000178, 2.100000000000000089 ) ) ;
#4600 = FACE_OUTER_BOUND ( 'NONE', #5384, .T. ) ;
#4601 = DIRECTION ( 'NONE',  ( 0.000000000000000000, 1.000000000000000000, 0.000000000000000000 ) ) ;
#4602 = VERTEX_POINT ( 'NONE', #3789 ) ;
#4603 = AXIS2_PLACEMENT_3D ( 'NONE', #5129, #303, #6760 ) ;
#4604 = CARTESIAN_POINT ( 'NONE',  ( 14.08057142857140143, 0.1200000000000000094, -1.878272675864170127 ) ) ;
#4605 = EDGE_LOOP ( 'NONE', ( #5908, #4008, #5661, #990, #29, #3051 ) ) ;
#4606 = EDGE_LOOP ( 'NONE', ( #2235, #6098, #895, #4720 ) ) ;
#4607 = PLANE ( 'NONE',  #2850 ) ;
#4608 = FACE_OUTER_BOUND ( 'NONE', #810, .T. ) ;
#4609 = CARTESIAN_POINT ( 'NONE',  ( 2.151142517227300210, 1.930000000000000160, -2.535391660193160313 ) ) ;
#4610 = APPROVAL_PERSON_ORGANIZATION ( #4284, #5524, #1664 ) ;
#4611 = EDGE_LOOP ( 'NONE', ( #5719, #6951, #6248 ) ) ;
#4612 = CARTESIAN_POINT ( 'NONE',  ( 0.000000000000000000, 0.5999999999999999778, -2.600000000000000089 ) ) ;
#4613 = DIRECTION ( 'NONE',  ( 0.000000000000000000, -1.000000000000000000, 0.000000000000000000 ) ) ;
#4614 = CARTESIAN_POINT ( 'NONE',  ( 0.000000000000000000, 2.230000000000000426, 3.324999999999999734 ) ) ;
#4615 = LINE ( 'NONE', #6773, #4321 ) ;
#4616 = ORIENTED_EDGE ( 'NONE', *, *, #2906, .T. ) ;
#4617 = CARTESIAN_POINT ( 'NONE',  ( 14.00000000000000000, 0.000000000000000000, 0.000000000000000000 ) ) ;
#4618 = CARTESIAN_POINT ( 'NONE',  ( 0.000000000000000000, 0.5999999999999999778, 0.000000000000000000 ) ) ;
#4619 = EDGE_LOOP ( 'NONE', ( #5152, #519 ) ) ;
#4620 = EDGE_CURVE ( 'NONE', #3647, #1359, #5948, .T. ) ;
#4621 = CARTESIAN_POINT ( 'NONE',  ( -0.8105767296299890567, 0.5999999999999999778, -2.627825215911889778 ) ) ;
#4622 = ORIENTED_EDGE ( 'NONE', *, *, #4528, .F. ) ;
#4623 = CARTESIAN_POINT ( 'NONE',  ( -10.25000000000000000, 0.000000000000000000, 0.7699999999999999067 ) ) ;
#4624 = CARTESIAN_POINT ( 'NONE',  ( 2.681051758500020199, -2.200000000000000178, 0.6119325683798361171 ) ) ;
#4625 = ADVANCED_FACE ( 'NONE', ( #2845, #6662 ), #4960, .F. ) ;
#4626 = EDGE_CURVE ( 'NONE', #6953, #3969, #4048, .T. ) ;
#4627 = FACE_OUTER_BOUND ( 'NONE', #4641, .T. ) ;
#4628 = CIRCLE ( 'NONE', #800, 2.600000000000000089 ) ;
#4629 = EDGE_CURVE ( 'NONE', #1359, #3370, #1785, .T. ) ;
#4630 = DIRECTION ( 'NONE',  ( 0.000000000000000000, 0.000000000000000000, -1.000000000000000000 ) ) ;
#4631 = CARTESIAN_POINT ( 'NONE',  ( 0.05662845856656009702, 0.000000000000000000, -2.599383237939410396 ) ) ;
#4632 = ORIENTED_EDGE ( 'NONE', *, *, #995, .T. ) ;
#4633 = CIRCLE ( 'NONE', #4849, 0.1199999999999999956 ) ;
#4634 = CARTESIAN_POINT ( 'NONE',  ( 14.00000000000000000, 0.000000000000000000, 0.000000000000000000 ) ) ;
#4635 = FACE_BOUND ( 'NONE', #1890, .T. ) ;
#4636 = ADVANCED_FACE ( 'NONE', ( #2316 ), #6094, .F. ) ;
#4637 = DIRECTION ( 'NONE',  ( 0.000000000000000000, 0.000000000000000000, 1.000000000000000000 ) ) ;
#4638 = ORIENTED_EDGE ( 'NONE', *, *, #3416, .T. ) ;
#4639 = AXIS2_PLACEMENT_3D ( 'NONE', #255, #6594, #6207 ) ;
#4640 = CARTESIAN_POINT ( 'NONE',  ( -12.25000000000000000, -2.200000000000000178, 0.000000000000000000 ) ) ;
#4641 = EDGE_LOOP ( 'NONE', ( #6616, #5444, #2737, #6631 ) ) ;
#4642 = ORIENTED_EDGE ( 'NONE', *, *, #6832, .F. ) ;
#4643 = CARTESIAN_POINT ( 'NONE',  ( 0.3365388798724370245, 0.5999999999999999778, 2.587954690573569749 ) ) ;
#4644 = DIRECTION ( 'NONE',  ( 0.000000000000000000, 0.000000000000000000, -1.000000000000000000 ) ) ;
#4645 = CIRCLE ( 'NONE', #3846, 2.600000000000000089 ) ;
#4646 = FACE_OUTER_BOUND ( 'NONE', #6388, .T. ) ;
#4647 = ADVANCED_FACE ( 'NONE', ( #3902 ), #4530, .T. ) ;
#4648 = ORIENTED_EDGE ( 'NONE', *, *, #6870, .F. ) ;
#4649 = DIRECTION ( 'NONE',  ( 1.000000000000000000, -0.000000000000000000, 1.224646799147353207E-16 ) ) ;
#4650 = LINE ( 'NONE', #5041, #2465 ) ;
#4651 = DIRECTION ( 'NONE',  ( 0.000000000000000000, 1.000000000000000000, 0.000000000000000000 ) ) ;
#4652 = CARTESIAN_POINT ( 'NONE',  ( -2.301618416106629983, 2.012581652759290129, 2.471931045067589761 ) ) ;
#4653 = ORIENTED_EDGE ( 'NONE', *, *, #3556, .T. ) ;
#4654 = CARTESIAN_POINT ( 'NONE',  ( 1.611116061946817795E-14, 0.5999999999999999778, 2.100000000000000089 ) ) ;
#4655 = LINE ( 'NONE', #424, #1348 ) ;
#4656 = AXIS2_PLACEMENT_3D ( 'NONE', #4693, #4164, #3662 ) ;
#4657 = VERTEX_POINT ( 'NONE', #213 ) ;
#4658 = FACE_OUTER_BOUND ( 'NONE', #5602, .T. ) ;
#4659 = ORIENTED_EDGE ( 'NONE', *, *, #383, .F. ) ;
#4660 = DIRECTION ( 'NONE',  ( 0.000000000000000000, 0.000000000000000000, 1.000000000000000000 ) ) ;
#4661 = CARTESIAN_POINT ( 'NONE',  ( -1.549130159674960039, -2.200000000000000178, -2.272156629368980330 ) ) ;
#4662 = VECTOR ( 'NONE', #1208, 1000.000000000000000 ) ;
#4663 = DIRECTION ( 'NONE',  ( 0.000000000000000000, 0.000000000000000000, 1.000000000000000000 ) ) ;
#4664 = CARTESIAN_POINT ( 'NONE',  ( 2.182491175196872302, 1.930000000000002158, -2.508769695008118639 ) ) ;
#4665 = VECTOR ( 'NONE', #158, 1000.000000000000000 ) ;
#4666 = EDGE_CURVE ( 'NONE', #5622, #3447, #4546, .T. ) ;
#4667 = ADVANCED_FACE ( 'NONE', ( #1226 ), #5494, .F. ) ;
#4668 = EDGE_CURVE ( 'NONE', #1151, #6844, #6625, .T. ) ;
#4669 = LINE ( 'NONE', #3464, #518 ) ;
#4670 = DIRECTION ( 'NONE',  ( 0.04285714285713616845, 0.000000000000000000, -0.9990812105660494824 ) ) ;
#4671 = DIRECTION ( 'NONE',  ( 0.000000000000000000, 1.000000000000000000, 0.000000000000000000 ) ) ;
#4672 = ORIENTED_EDGE ( 'NONE', *, *, #5797, .F. ) ;
#4673 = FACE_OUTER_BOUND ( 'NONE', #1020, .T. ) ;
#4674 = ORIENTED_EDGE ( 'NONE', *, *, #6829, .F. ) ;
#4675 = ADVANCED_FACE ( 'NONE', ( #1300 ), #1260, .F. ) ;
#4676 = ORIENTED_EDGE ( 'NONE', *, *, #5157, .F. ) ;
#4677 = EDGE_CURVE ( 'NONE', #4342, #6748, #3977, .T. ) ;
#4678 = CARTESIAN_POINT ( 'NONE',  ( 2.355408060322958796, 2.170057416970100128, 2.348099009211903176 ) ) ;
#4679 = DIRECTION ( 'NONE',  ( 0.9512380230706051210, 0.000000000000000000, 0.3084578147246829771 ) ) ;
#4680 = DIRECTION ( 'NONE',  ( -0.000000000000000000, 1.000000000000000000, 0.000000000000000000 ) ) ;
#4681 = ORIENTED_EDGE ( 'NONE', *, *, #6180, .F. ) ;
#4682 = DIRECTION ( 'NONE',  ( 0.000000000000000000, 1.000000000000000000, 0.000000000000000000 ) ) ;
#4683 = LINE ( 'NONE', #3653, #437 ) ;
#4684 = CARTESIAN_POINT ( 'NONE',  ( 1.683889348827610506E-16, -2.200000000000000178, -1.375000000000000000 ) ) ;
#4685 = EDGE_LOOP ( 'NONE', ( #2246, #4632, #6226, #2747, #2628, #4006 ) ) ;
#4686 = CARTESIAN_POINT ( 'NONE',  ( 2.153900252464997944, 0.08227262284766535816, -2.533058153653964251 ) ) ;
#4687 = CARTESIAN_POINT ( 'NONE',  ( 0.3365388798724370245, 0.000000000000000000, 2.587954690573569749 ) ) ;
#4688 = VECTOR ( 'NONE', #1592, 1000.000000000000000 ) ;
#4689 = VERTEX_POINT ( 'NONE', #4507 ) ;
#4690 = DIRECTION ( 'NONE',  ( 0.000000000000000000, 0.000000000000000000, -1.000000000000000000 ) ) ;
#4691 = ORIENTED_EDGE ( 'NONE', *, *, #934, .T. ) ;
#4692 = DIRECTION ( 'NONE',  ( 0.000000000000000000, -1.000000000000000000, 0.000000000000000000 ) ) ;
#4693 = CARTESIAN_POINT ( 'NONE',  ( -6.250000000000000000, 1.930000000000000160, -0.7699999999999999067 ) ) ;
#4694 = VECTOR ( 'NONE', #2848, 1000.000000000000000 ) ;
#4695 = CARTESIAN_POINT ( 'NONE',  ( 2.742310442248239610, 0.000000000000000000, -0.2055077573626959975 ) ) ;
#4696 = DIRECTION ( 'NONE',  ( -0.9990812105660493714, 0.000000000000000000, -0.04285714285714280897 ) ) ;
#4697 = CIRCLE ( 'NONE', #3009, 2.100000000000000089 ) ;
#4698 = DIRECTION ( 'NONE',  ( 0.3786814106006911596, 0.000000000000000000, -0.9255270872672883842 ) ) ;
#4699 = PLANE ( 'NONE',  #1879 ) ;
#4700 = CIRCLE ( 'NONE', #6172, 0.6500000000000000222 ) ;
#4701 = DIRECTION ( 'NONE',  ( 0.000000000000000000, -1.000000000000000000, 0.000000000000000000 ) ) ;
#4702 = ORIENTED_EDGE ( 'NONE', *, *, #109, .F. ) ;
#4703 = EDGE_CURVE ( 'NONE', #6187, #1789, #5321, .T. ) ;
#4704 = ORIENTED_EDGE ( 'NONE', *, *, #1861, .F. ) ;
#4705 = CIRCLE ( 'NONE', #4598, 0.7699999999999999067 ) ;
#4706 = EDGE_LOOP ( 'NONE', ( #5637, #4283, #3049, #6699, #2224, #431 ) ) ;
#4707 = CARTESIAN_POINT ( 'NONE',  ( 2.495244324181649542, 2.169999999999999929, -2.375243305987679854 ) ) ;
#4708 = CARTESIAN_POINT ( 'NONE',  ( -2.088419223178580086, 0.000000000000000000, 0.2202388436633280211 ) ) ;
#4709 = FACE_BOUND ( 'NONE', #4619, .T. ) ;
#4710 = VERTEX_POINT ( 'NONE', #5569 ) ;
#4711 = ADVANCED_FACE ( 'NONE', ( #174 ), #3940, .F. ) ;
#4712 = VECTOR ( 'NONE', #6190, 1000.000000000000000 ) ;
#4713 = DIRECTION ( 'NONE',  ( 0.000000000000000000, 0.000000000000000000, -1.000000000000000000 ) ) ;
#4714 = CARTESIAN_POINT ( 'NONE',  ( 2.381569860407219963, 0.5999999999999999778, 1.374999999999980016 ) ) ;
#4715 = EDGE_CURVE ( 'NONE', #2961, #5060, #1858, .T. ) ;
#4716 = CARTESIAN_POINT ( 'NONE',  ( -12.25000000000000000, 0.1200000000000000094, 0.000000000000000000 ) ) ;
#4717 = ORIENTED_EDGE ( 'NONE', *, *, #1557, .F. ) ;
#4718 = DIRECTION ( 'NONE',  ( -0.6346615560562418601, 0.000000000000000000, 0.7727902103833029779 ) ) ;
#4719 = CARTESIAN_POINT ( 'NONE',  ( 0.000000000000000000, 0.5999999999999999778, 0.000000000000000000 ) ) ;
#4720 = ORIENTED_EDGE ( 'NONE', *, *, #6627, .T. ) ;
#4721 = PLANE ( 'NONE',  #2719 ) ;
#4722 = ORIENTED_EDGE ( 'NONE', *, *, #9, .T. ) ;
#4723 = CARTESIAN_POINT ( 'NONE',  ( 8.250000000000000000, 2.050000000000000266, -0.7699999999999999067 ) ) ;
#4724 = VECTOR ( 'NONE', #6245, 1000.000000000000000 ) ;
#4725 = ORIENTED_EDGE ( 'NONE', *, *, #4668, .F. ) ;
#4726 = VERTEX_POINT ( 'NONE', #5639 ) ;
#4727 = CARTESIAN_POINT ( 'NONE',  ( 0.000000000000000000, 0.000000000000000000, 0.000000000000000000 ) ) ;
#4728 = DIRECTION ( 'NONE',  ( 1.224646799147355672E-16, 0.000000000000000000, -1.000000000000000000 ) ) ;
#4729 = CARTESIAN_POINT ( 'NONE',  ( -14.25000000000000000, 0.1200000000000000094, 0.000000000000000000 ) ) ;
#4730 = LINE ( 'NONE', #998, #5709 ) ;
#4731 = CARTESIAN_POINT ( 'NONE',  ( 2.223634878751290067, 0.1200000000000000094, 2.507004771834460133 ) ) ;
#4732 = DIRECTION ( 'NONE',  ( 0.000000000000000000, -1.000000000000000000, 0.000000000000000000 ) ) ;
#4733 = ORIENTED_EDGE ( 'NONE', *, *, #3112, .F. ) ;
#4734 = ORIENTED_EDGE ( 'NONE', *, *, #6564, .T. ) ;
#4735 = AXIS2_PLACEMENT_3D ( 'NONE', #152, #5508, #1728 ) ;
#4736 = ORIENTED_EDGE ( 'NONE', *, *, #466, .T. ) ;
#4737 = ADVANCED_FACE ( 'NONE', ( #1337 ), #3479, .F. ) ;
#4738 = FACE_OUTER_BOUND ( 'NONE', #1439, .T. ) ;
#4739 = DIRECTION ( 'NONE',  ( 0.000000000000000000, -1.000000000000000000, 0.000000000000000000 ) ) ;
#4740 = CARTESIAN_POINT ( 'NONE',  ( -2.222372219134698845, -0.04092672836402376502, -2.473238736396542681 ) ) ;
#4741 = AXIS2_PLACEMENT_3D ( 'NONE', #784, #2933, #2864 ) ;
#4742 = ORIENTED_EDGE ( 'NONE', *, *, #2243, .T. ) ;
#4743 = AXIS2_PLACEMENT_3D ( 'NONE', #1991, #1469, #4144 ) ;
#4744 = PERSON_AND_ORGANIZATION ( #3525, #887 ) ;
#4745 = CARTESIAN_POINT ( 'NONE',  ( -2.182491370753342430, 0.09062809243583033747, -2.508769528553308703 ) ) ;
#4746 = CIRCLE ( 'NONE', #3726, 2.100000000000000089 ) ;
#4747 = VERTEX_POINT ( 'NONE', #1893 ) ;
#4748 = EDGE_CURVE ( 'NONE', #5377, #2694, #2503, .T. ) ;
#4749 = LINE ( 'NONE', #3196, #2206 ) ;
#4750 = DIRECTION ( 'NONE',  ( 0.04285714285713616845, 0.000000000000000000, 0.9990812105660494824 ) ) ;
#4751 = EDGE_CURVE ( 'NONE', #6468, #971, #697, .T. ) ;
#4752 = EDGE_CURVE ( 'NONE', #2297, #6581, #4296, .T. ) ;
#4753 = VECTOR ( 'NONE', #5110, 1000.000000000000000 ) ;
#4754 = LINE ( 'NONE', #3660, #4416 ) ;
#4755 = ORIENTED_EDGE ( 'NONE', *, *, #604, .T. ) ;
#4756 = LINE ( 'NONE', #6283, #39 ) ;
#4757 = ORIENTED_EDGE ( 'NONE', *, *, #4715, .T. ) ;
#4758 = AXIS2_PLACEMENT_3D ( 'NONE', #854, #263, #1386 ) ;
#4759 = ORIENTED_EDGE ( 'NONE', *, *, #6297, .F. ) ;
#4760 = CARTESIAN_POINT ( 'NONE',  ( 6.250000000000000000, 1.930000000000000160, -0.6500000000000000222 ) ) ;
#4761 = DIRECTION ( 'NONE',  ( -1.000000000000000000, 0.000000000000000000, 0.000000000000000000 ) ) ;
#4762 = VECTOR ( 'NONE', #2581, 1000.000000000000000 ) ;
#4763 = DIRECTION ( 'NONE',  ( 0.000000000000000000, 0.000000000000000000, 1.000000000000000000 ) ) ;
#4764 = CIRCLE ( 'NONE', #2061, 3.324999999999999734 ) ;
#4765 = EDGE_CURVE ( 'NONE', #6156, #6084, #5208, .T. ) ;
#4766 = FACE_OUTER_BOUND ( 'NONE', #4979, .T. ) ;
#4767 = DIRECTION ( 'NONE',  ( 0.000000000000000000, 0.000000000000000000, 1.000000000000000000 ) ) ;
#4768 = CARTESIAN_POINT ( 'NONE',  ( 0.000000000000000000, -2.200000000000000178, 0.000000000000000000 ) ) ;
#4769 = ORIENTED_EDGE ( 'NONE', *, *, #4447, .F. ) ;
#4770 = VECTOR ( 'NONE', #64, 999.9999999999998863 ) ;
#4771 = VERTEX_POINT ( 'NONE', #3511 ) ;
#4772 = ORIENTED_EDGE ( 'NONE', *, *, #6307, .T. ) ;
#4773 = VECTOR ( 'NONE', #2028, 1000.000000000000000 ) ;
#4774 = CARTESIAN_POINT ( 'NONE',  ( 10.25000000000000000, 1.930000000000000160, -0.7699999999999999067 ) ) ;
#4775 = CYLINDRICAL_SURFACE ( 'NONE', #3321, 0.6500000000000000222 ) ;
#4776 = DIRECTION ( 'NONE',  ( 0.000000000000000000, 1.000000000000000000, 0.000000000000000000 ) ) ;
#4777 = ORIENTED_EDGE ( 'NONE', *, *, #5094, .T. ) ;
#4778 = SECURITY_CLASSIFICATION_LEVEL ( 'unclassified' ) ;
#4779 = VERTEX_POINT ( 'NONE', #5711 ) ;
#4780 = CARTESIAN_POINT ( 'NONE',  ( 2.223634878751290067, 0.000000000000000000, 2.507004771834460133 ) ) ;
#4781 = ORIENTED_EDGE ( 'NONE', *, *, #5320, .T. ) ;
#4782 = CARTESIAN_POINT ( 'NONE',  ( 2.236049219908698316, -0.05332772801185942102, -2.460892261028436057 ) ) ;
#4783 = PLANE ( 'NONE',  #1928 ) ;
#4784 = VERTEX_POINT ( 'NONE', #4614 ) ;
#4785 = EDGE_CURVE ( 'NONE', #5738, #5153, #3028, .T. ) ;
#4786 = DIRECTION ( 'NONE',  ( 0.000000000000000000, 0.000000000000000000, 1.000000000000000000 ) ) ;
#4787 = CARTESIAN_POINT ( 'NONE',  ( 2.301511028871729980, 0.03746028324927620085, -2.471981467203240523 ) ) ;
#4788 = EDGE_LOOP ( 'NONE', ( #3829, #3930, #3810, #1751 ) ) ;
#4789 = CIRCLE ( 'NONE', #2189, 0.6500000000000000222 ) ;
#4790 = ORIENTED_EDGE ( 'NONE', *, *, #4495, .T. ) ;
#4791 = DIRECTION ( 'NONE',  ( 0.3786814106007040936, 0.000000000000000000, 0.9255270872672830551 ) ) ;
#4792 = ADVANCED_FACE ( 'NONE', ( #4083 ), #1370, .F. ) ;
#4793 = CARTESIAN_POINT ( 'NONE',  ( 2.355642294822949623, 2.170108019601720173, -2.347852991120940924 ) ) ;
#4794 = EDGE_CURVE ( 'NONE', #5315, #5975, #581, .T. ) ;
#4795 = CIRCLE ( 'NONE', #1753, 0.1199999999999998845 ) ;
#4796 = EDGE_CURVE ( 'NONE', #4057, #5966, #5887, .T. ) ;
#4797 = CARTESIAN_POINT ( 'NONE',  ( 0.000000000000000000, 0.000000000000000000, 0.000000000000000000 ) ) ;
#4798 = PLANE ( 'NONE',  #374 ) ;
#4799 = AXIS2_PLACEMENT_3D ( 'NONE', #949, #5851, #4718 ) ;
#4800 = CARTESIAN_POINT ( 'NONE',  ( 14.08057142857140143, 2.050000000000000266, -1.878272675864170127 ) ) ;
#4801 = CIRCLE ( 'NONE', #2442, 0.6500000000000000222 ) ;
#4802 = CARTESIAN_POINT ( 'NONE',  ( -14.25000000000000000, 0.1200000000000000094, 0.6500000000000000222 ) ) ;
#4803 = ORIENTED_EDGE ( 'NONE', *, *, #2431, .T. ) ;
#4804 = ADVANCED_FACE ( 'NONE', ( #642 ), #3396, .T. ) ;
#4805 = ORIENTED_EDGE ( 'NONE', *, *, #2856, .F. ) ;
#4806 = CIRCLE ( 'NONE', #1762, 0.1199999999999999678 ) ;
#4807 = ORIENTED_EDGE ( 'NONE', *, *, #2295, .T. ) ;
#4808 = CARTESIAN_POINT ( 'NONE',  ( 2.163884449861590564, 2.008709809680239378, 2.524647801257638324 ) ) ;
#4809 = DIRECTION ( 'NONE',  ( 0.000000000000000000, -1.000000000000000000, 0.000000000000000000 ) ) ;
#4810 = CARTESIAN_POINT ( 'NONE',  ( 2.228777735894150069, 1.930000000000000160, -2.626894517102379645 ) ) ;
#4811 = ORIENTED_EDGE ( 'NONE', *, *, #4099, .T. ) ;
#4812 = CARTESIAN_POINT ( 'NONE',  ( -14.08057142857140143, 1.930000000000000160, 1.878272675864170127 ) ) ;
#4813 = VECTOR ( 'NONE', #5084, 1000.000000000000000 ) ;
#4814 = CARTESIAN_POINT ( 'NONE',  ( 0.000000000000000000, -2.200000000000000178, 0.000000000000000000 ) ) ;
#4815 = ORIENTED_EDGE ( 'NONE', *, *, #6957, .T. ) ;
#4816 = DIRECTION ( 'NONE',  ( 0.000000000000000000, -1.000000000000000000, 0.000000000000000000 ) ) ;
#4817 = CARTESIAN_POINT ( 'NONE',  ( -2.151142517227300210, -13.80452018978109940, 2.535391660193160313 ) ) ;
#4818 = TOROIDAL_SURFACE ( 'NONE', #5730, 0.7699999999999999067, 0.1200000000000000094 ) ;
#4819 = ORIENTED_EDGE ( 'NONE', *, *, #6106, .T. ) ;
#4820 = CARTESIAN_POINT ( 'NONE',  ( -2.399008919802570361, 2.050000000000000266, -1.002375280375410016 ) ) ;
#4821 = APPROVAL_PERSON_ORGANIZATION ( #4254, #5748, #2909 ) ;
#4822 = FACE_OUTER_BOUND ( 'NONE', #3848, .T. ) ;
#4823 = ORIENTED_EDGE ( 'NONE', *, *, #614, .T. ) ;
#4824 = EDGE_CURVE ( 'NONE', #6729, #5990, #567, .T. ) ;
#4825 = EDGE_LOOP ( 'NONE', ( #3221, #2874, #1246, #1031 ) ) ;
#4826 = AXIS2_PLACEMENT_3D ( 'NONE', #4812, #1571, #1041 ) ;
#4827 = DIRECTION ( 'NONE',  ( -0.7243089475128166033, 0.000000000000000000, 0.6894755605189177849 ) ) ;
#4828 = CYLINDRICAL_SURFACE ( 'NONE', #4326, 0.6500000000000000222 ) ;
#4829 = CARTESIAN_POINT ( 'NONE',  ( -2.163884449861590564, 2.008709809680249592, -2.524647801257648538 ) ) ;
#4830 = EDGE_CURVE ( 'NONE', #6917, #2620, #6339, .T. ) ;
#4831 = ADVANCED_FACE ( 'NONE', ( #4417, #2794 ), #5965, .T. ) ;
#4832 = PLANE ( 'NONE',  #314 ) ;
#4833 = EDGE_CURVE ( 'NONE', #5037, #5606, #4982, .T. ) ;
#4834 = CARTESIAN_POINT ( 'NONE',  ( 12.25000000000000000, 0.000000000000000000, 0.000000000000000000 ) ) ;
#4835 = ORIENTED_EDGE ( 'NONE', *, *, #4824, .T. ) ;
#4836 = ORIENTED_EDGE ( 'NONE', *, *, #195, .F. ) ;
#4837 = EDGE_LOOP ( 'NONE', ( #3282, #3711, #1519, #592 ) ) ;
#4838 = DIRECTION ( 'NONE',  ( 0.000000000000000000, 0.000000000000000000, 1.000000000000000000 ) ) ;
#4839 = PLANE ( 'NONE',  #3664 ) ;
#4840 = DIRECTION ( 'NONE',  ( 0.000000000000000000, 0.000000000000000000, 1.000000000000000000 ) ) ;
#4841 = ORIENTED_EDGE ( 'NONE', *, *, #148, .T. ) ;
#4842 = AXIS2_PLACEMENT_3D ( 'NONE', #6292, #5806, #3678 ) ;
#4843 = ORIENTED_EDGE ( 'NONE', *, *, #20, .F. ) ;
#4844 = CARTESIAN_POINT ( 'NONE',  ( 2.228777735894150069, 0.1200000000000000094, -2.626894517102379645 ) ) ;
#4845 = ORIENTED_EDGE ( 'NONE', *, *, #2390, .T. ) ;
#4846 = CARTESIAN_POINT ( 'NONE',  ( -6.250000000000000000, 0.000000000000000000, 0.000000000000000000 ) ) ;
#4847 = CARTESIAN_POINT ( 'NONE',  ( 2.408327250480109871, 2.169999999999999929, 2.292506238725410039 ) ) ;
#4848 = EDGE_CURVE ( 'NONE', #1302, #2161, #3281, .T. ) ;
#4849 = AXIS2_PLACEMENT_3D ( 'NONE', #328, #362, #1418 ) ;
#4850 = CIRCLE ( 'NONE', #4743, 0.1199999999999999956 ) ;
#4851 = EDGE_LOOP ( 'NONE', ( #3481, #2743, #2525 ) ) ;
#4852 = DIRECTION ( 'NONE',  ( 0.000000000000000000, 0.000000000000000000, -1.000000000000000000 ) ) ;
#4853 = CIRCLE ( 'NONE', #5088, 0.1200000000000001343 ) ;
#4854 = DIRECTION ( 'NONE',  ( 0.000000000000000000, -1.000000000000000000, 0.000000000000000000 ) ) ;
#4855 = VERTEX_POINT ( 'NONE', #6571 ) ;
#4856 = CIRCLE ( 'NONE', #3962, 0.1199999999999998845 ) ;
#4857 = AXIS2_PLACEMENT_3D ( 'NONE', #6459, #5546, #3314 ) ;
#4858 = ORIENTED_EDGE ( 'NONE', *, *, #6182, .F. ) ;
#4859 = DIRECTION ( 'NONE',  ( 0.000000000000000000, 0.000000000000000000, -1.000000000000000000 ) ) ;
#4860 = DIRECTION ( 'NONE',  ( 0.000000000000000000, 0.000000000000000000, 1.000000000000000000 ) ) ;
#4861 = CARTESIAN_POINT ( 'NONE',  ( -2.252341439070863149, 2.043122013204821563, -2.446354157397152562 ) ) ;
#4862 = AXIS2_PLACEMENT_3D ( 'NONE', #2547, #1583, #4763 ) ;
#4863 = DIRECTION ( 'NONE',  ( 1.000000000000000000, -0.000000000000000000, 1.224646799147353207E-16 ) ) ;
#4864 = CARTESIAN_POINT ( 'NONE',  ( -2.681051758500009985, 0.000000000000000000, 0.6119325683798749749 ) ) ;
#4865 = AXIS2_PLACEMENT_3D ( 'NONE', #6143, #1312, #988 ) ;
#4866 = ORIENTED_EDGE ( 'NONE', *, *, #280, .F. ) ;
#4867 = CIRCLE ( 'NONE', #493, 0.7699999999999999067 ) ;
#4868 = EDGE_CURVE ( 'NONE', #6902, #5873, #5549, .T. ) ;
#4869 = CARTESIAN_POINT ( 'NONE',  ( 0.000000000000000000, 0.000000000000000000, 0.000000000000000000 ) ) ;
#4870 = EDGE_CURVE ( 'NONE', #1040, #74, #6003, .T. ) ;
#4871 = ORIENTED_EDGE ( 'NONE', *, *, #2153, .F. ) ;
#4872 = VECTOR ( 'NONE', #3073, 1000.000000000000000 ) ;
#4873 = ORIENTED_EDGE ( 'NONE', *, *, #3763, .F. ) ;
#4874 = DIRECTION ( 'NONE',  ( 0.000000000000000000, 0.000000000000000000, 1.000000000000000000 ) ) ;
#4875 = FACE_OUTER_BOUND ( 'NONE', #855, .T. ) ;
#4876 = DIRECTION ( 'NONE',  ( 0.04285714285713616845, 0.000000000000000000, 0.9990812105660494824 ) ) ;
#4877 = VERTEX_POINT ( 'NONE', #678 ) ;
#4878 =( LENGTH_UNIT ( ) NAMED_UNIT ( * ) SI_UNIT ( .MILLI., .METRE. ) );
#4879 = EDGE_CURVE ( 'NONE', #3094, #2914, #3246, .T. ) ;
#4880 = VERTEX_POINT ( 'NONE', #1620 ) ;
#4881 = EDGE_CURVE ( 'NONE', #6417, #2980, #119, .T. ) ;
#4882 = CARTESIAN_POINT ( 'NONE',  ( 14.25000000000000000, 0.000000000000000000, -0.7699999999999999067 ) ) ;
#4883 = ORIENTED_EDGE ( 'NONE', *, *, #4147, .T. ) ;
#4884 = EDGE_CURVE ( 'NONE', #6761, #1646, #1205, .T. ) ;
#4885 = CIRCLE ( 'NONE', #603, 2.600000000000000089 ) ;
#4886 = EDGE_LOOP ( 'NONE', ( #6301, #3543, #1165, #807 ) ) ;
#4887 = CARTESIAN_POINT ( 'NONE',  ( -0.8105767296299890567, -2.200000000000000178, -2.627825215911889778 ) ) ;
#4888 = CARTESIAN_POINT ( 'NONE',  ( 2.151142517227300210, 1.930000000000000160, 2.535391660193160313 ) ) ;
#4889 = DIRECTION ( 'NONE',  ( 0.9998967236536201453, 0.000000000000000000, 0.01437157008666590206 ) ) ;
#4890 = VERTEX_POINT ( 'NONE', #1766 ) ;
#4891 = CIRCLE ( 'NONE', #2180, 0.7699999999999999067 ) ;
#4892 = LINE ( 'NONE', #3202, #2615 ) ;
#4893 = PLANE ( 'NONE',  #3641 ) ;
#4894 = ORIENTED_EDGE ( 'NONE', *, *, #487, .F. ) ;
#4895 = DIRECTION ( 'NONE',  ( 0.000000000000000000, 0.000000000000000000, -1.000000000000000000 ) ) ;
#4896 = ORIENTED_EDGE ( 'NONE', *, *, #1081, .T. ) ;
#4897 = CYLINDRICAL_SURFACE ( 'NONE', #1377, 2.600000000000000089 ) ;
#4898 = CARTESIAN_POINT ( 'NONE',  ( -2.190572461045638519, 2.052458606687392884, 2.501411608218320648 ) ) ;
#4899 = DIRECTION ( 'NONE',  ( 0.000000000000000000, 1.000000000000000000, 0.000000000000000000 ) ) ;
#4900 = CARTESIAN_POINT ( 'NONE',  ( -2.742310442248250268, 0.5999999999999999778, -0.2055077573626570009 ) ) ;
#4901 = AXIS2_PLACEMENT_3D ( 'NONE', #53, #3217, #6370 ) ;
#4902 = DIRECTION ( 'NONE',  ( 0.000000000000000000, 0.000000000000000000, 1.000000000000000000 ) ) ;
#4903 = AXIS2_PLACEMENT_3D ( 'NONE', #5165, #3082, #4134 ) ;
#4904 = CARTESIAN_POINT ( 'NONE',  ( 14.25000000000000000, 1.930000000000000160, 0.6500000000000000222 ) ) ;
#4905 = ORIENTED_EDGE ( 'NONE', *, *, #6749, .F. ) ;
#4906 = DIRECTION ( 'NONE',  ( 0.000000000000000000, 1.000000000000000000, 0.000000000000000000 ) ) ;
#4907 = ORIENTED_EDGE ( 'NONE', *, *, #6707, .T. ) ;
#4908 = DIRECTION ( 'NONE',  ( 0.000000000000000000, 1.000000000000000000, 0.000000000000000000 ) ) ;
#4909 = AXIS2_PLACEMENT_3D ( 'NONE', #457, #3099, #1543 ) ;
#4910 = CARTESIAN_POINT ( 'NONE',  ( -0.6794339920680259048, 0.5999999999999999778, 1.987050439828470294 ) ) ;
#4911 = ADVANCED_FACE ( 'NONE', ( #2184 ), #2279, .T. ) ;
#4912 = ORIENTED_EDGE ( 'NONE', *, *, #409, .T. ) ;
#4913 = ORIENTED_EDGE ( 'NONE', *, *, #2445, .F. ) ;
#4914 = CARTESIAN_POINT ( 'NONE',  ( -2.351589171967662928, -0.1200000000000003425, 2.352110813977240422 ) ) ;
#4915 = ORIENTED_EDGE ( 'NONE', *, *, #2419, .F. ) ;
#4916 = AXIS2_PLACEMENT_3D ( 'NONE', #5243, #2626, #6333 ) ;
#4917 = ORIENTED_EDGE ( 'NONE', *, *, #5947, .T. ) ;
#4918 = LINE ( 'NONE', #4391, #3301 ) ;
#4919 = CARTESIAN_POINT ( 'NONE',  ( -1.680720077974430016, -2.200000000000000178, 1.259039324045770014 ) ) ;
#4920 = DIRECTION ( 'NONE',  ( 0.000000000000000000, 0.000000000000000000, -1.000000000000000000 ) ) ;
#4921 = EDGE_CURVE ( 'NONE', #5572, #3647, #5428, .T. ) ;
#4922 = ADVANCED_FACE ( 'NONE', ( #3919 ), #156, .T. ) ;
#4923 = CIRCLE ( 'NONE', #5491, 1.879999999999999893 ) ;
#4924 = ORIENTED_EDGE ( 'NONE', *, *, #750, .F. ) ;
#4925 = EDGE_CURVE ( 'NONE', #1795, #4988, #262, .T. ) ;
#4926 = CARTESIAN_POINT ( 'NONE',  ( 14.08571428571429962, 2.050000000000000266, 1.998162421132100075 ) ) ;
#4927 = CARTESIAN_POINT ( 'NONE',  ( 1.193180282573300222, 0.5999999999999999778, 2.477664386731639912 ) ) ;
#4928 = DIRECTION ( 'NONE',  ( 0.000000000000000000, 1.000000000000000000, 0.000000000000000000 ) ) ;
#4929 = EDGE_LOOP ( 'NONE', ( #6306, #2305, #5679, #3031 ) ) ;
#4930 = AXIS2_PLACEMENT_3D ( 'NONE', #6389, #433, #2077 ) ;
#4931 = FACE_OUTER_BOUND ( 'NONE', #1579, .T. ) ;
#4932 = EDGE_CURVE ( 'NONE', #2161, #4990, #5883, .T. ) ;
#4933 = ORIENTED_EDGE ( 'NONE', *, *, #1365, .F. ) ;
#4934 = DIRECTION ( 'NONE',  ( -1.000000000000000000, 0.000000000000000000, 0.000000000000000000 ) ) ;
#4935 = CIRCLE ( 'NONE', #332, 0.6500000000000000222 ) ;
#4936 = CARTESIAN_POINT ( 'NONE',  ( -2.161726299596168577, 2.004516965583166499, 2.526513376457857785 ) ) ;
#4937 = CARTESIAN_POINT ( 'NONE',  ( -2.559902808771560068, 0.5999999999999999778, -1.004687817007580142 ) ) ;
#4938 = CARTESIAN_POINT ( 'NONE',  ( -12.25000000000000000, 0.000000000000000000, 0.000000000000000000 ) ) ;
#4939 = CIRCLE ( 'NONE', #4376, 3.324999999999999734 ) ;
#4940 = EDGE_CURVE ( 'NONE', #1114, #1302, #6681, .T. ) ;
#4941 = DIRECTION ( 'NONE',  ( 0.000000000000000000, -1.000000000000000000, 0.000000000000000000 ) ) ;
#4942 = DIRECTION ( 'NONE',  ( 0.000000000000000000, 0.000000000000000000, -1.000000000000000000 ) ) ;
#4943 = ORIENTED_EDGE ( 'NONE', *, *, #5146, .T. ) ;
#4944 = DIRECTION ( 'NONE',  ( 0.000000000000000000, 1.000000000000000000, 0.000000000000000000 ) ) ;
#4945 = VERTEX_POINT ( 'NONE', #752 ) ;
#4946 = VECTOR ( 'NONE', #4582, 1000.000000000000000 ) ;
#4947 = LINE ( 'NONE', #2155, #4662 ) ;
#4948 = DIRECTION ( 'NONE',  ( 0.000000000000000000, 0.000000000000000000, -1.000000000000000000 ) ) ;
#4949 = CARTESIAN_POINT ( 'NONE',  ( 0.000000000000000000, 0.000000000000000000, 0.000000000000000000 ) ) ;
#4950 = ORIENTED_EDGE ( 'NONE', *, *, #1564, .F. ) ;
#4951 = ORIENTED_EDGE ( 'NONE', *, *, #2643, .F. ) ;
#4952 = FACE_OUTER_BOUND ( 'NONE', #6727, .T. ) ;
#4953 = ORIENTED_EDGE ( 'NONE', *, *, #402, .F. ) ;
#4954 = EDGE_LOOP ( 'NONE', ( #3942, #4777, #379, #36 ) ) ;
#4955 = CARTESIAN_POINT ( 'NONE',  ( 14.25000000000000000, -2.200000000000000178, 0.6500000000000000222 ) ) ;
#4956 = LINE ( 'NONE', #4010, #2041 ) ;
#4957 = CARTESIAN_POINT ( 'NONE',  ( -2.495244324181649542, 0.000000000000000000, -2.375243305987679854 ) ) ;
#4958 = ORIENTED_EDGE ( 'NONE', *, *, #505, .T. ) ;
#4959 = DIRECTION ( 'NONE',  ( 0.9990812105660493714, 0.000000000000000000, -0.04285714285714280897 ) ) ;
#4960 = PLANE ( 'NONE',  #5989 ) ;
#4961 = EDGE_CURVE ( 'NONE', #2980, #1783, #2053, .T. ) ;
#4962 = CARTESIAN_POINT ( 'NONE',  ( -10.25000000000000000, -2.200000000000000178, -0.6500000000000000222 ) ) ;
#4963 = ADVANCED_FACE ( 'NONE', ( #2900 ), #6186, .F. ) ;
#4964 = CIRCLE ( 'NONE', #1925, 0.1199999999999999956 ) ;
#4965 = ORIENTED_EDGE ( 'NONE', *, *, #3324, .F. ) ;
#4966 = EDGE_CURVE ( 'NONE', #6081, #4041, #819, .T. ) ;
#4967 = LINE ( 'NONE', #4367, #1317 ) ;
#4968 = VERTEX_POINT ( 'NONE', #6253 ) ;
#4969 = CARTESIAN_POINT ( 'NONE',  ( -10.25000000000000000, 1.930000000000000160, -0.6500000000000000222 ) ) ;
#4970 = CARTESIAN_POINT ( 'NONE',  ( 2.205638859289560383, -0.02227619351683092844, 2.488139466406648292 ) ) ;
#4971 = CARTESIAN_POINT ( 'NONE',  ( -2.067586916831949839, 2.050000000000000266, -1.576415028266780149 ) ) ;
#4972 = EDGE_CURVE ( 'NONE', #6748, #1215, #5621, .T. ) ;
#4973 = VECTOR ( 'NONE', #1188, 1000.000000000000000 ) ;
#4974 = DIRECTION ( 'NONE',  ( 0.000000000000000000, -1.000000000000000000, 0.000000000000000000 ) ) ;
#4975 = CARTESIAN_POINT ( 'NONE',  ( 2.381569860407219963, -2.200000000000000178, 1.374999999999980016 ) ) ;
#4976 = ORIENTED_EDGE ( 'NONE', *, *, #6345, .F. ) ;
#4977 = VECTOR ( 'NONE', #3441, 1000.000000000000000 ) ;
#4978 = CARTESIAN_POINT ( 'NONE',  ( 14.25000000000000000, 0.1200000000000000094, 0.000000000000000000 ) ) ;
#4979 = EDGE_LOOP ( 'NONE', ( #3363, #3020, #6800, #3169 ) ) ;
#4980 = DIRECTION ( 'NONE',  ( 0.000000000000000000, 1.000000000000000000, 0.000000000000000000 ) ) ;
#4981 = CYLINDRICAL_SURFACE ( 'NONE', #2998, 0.6500000000000000222 ) ;
#4982 = CIRCLE ( 'NONE', #6110, 0.1199999999999999956 ) ;
#4983 = CARTESIAN_POINT ( 'NONE',  ( 10.25000000000000000, 2.050000000000000266, 0.000000000000000000 ) ) ;
#4984 = ORIENTED_EDGE ( 'NONE', *, *, #5909, .T. ) ;
#4985 = ORIENTED_EDGE ( 'NONE', *, *, #421, .T. ) ;
#4986 = B_SPLINE_CURVE_WITH_KNOTS ( 'NONE', 3,
 ( #1668, #3819, #5976, #1144, #5451, #6054, #620, #3332 ),
 .UNSPECIFIED., .F., .F.,
 ( 4, 2, 2, 4 ),
 ( 0.000000000000000000, 0.4999999999999990563, 0.7500000000000006661, 1.000000000000000000 ),
 .UNSPECIFIED. ) ;
#4987 = DIRECTION ( 'NONE',  ( 0.000000000000000000, 0.000000000000000000, 1.000000000000000000 ) ) ;
#4988 = VERTEX_POINT ( 'NONE', #4631 ) ;
#4989 = AXIS2_PLACEMENT_3D ( 'NONE', #4411, #1159, #1650 ) ;
#4990 = VERTEX_POINT ( 'NONE', #5052 ) ;
#4991 = AXIS2_PLACEMENT_3D ( 'NONE', #4707, #3187, #2058 ) ;
#4992 = LINE ( 'NONE', #6509, #5682 ) ;
#4993 = DIRECTION ( 'NONE',  ( 0.000000000000000000, -1.000000000000000000, 0.000000000000000000 ) ) ;
#4994 = FACE_OUTER_BOUND ( 'NONE', #5408, .T. ) ;
#4995 = ORIENTED_EDGE ( 'NONE', *, *, #6180, .T. ) ;
#4996 = DIRECTION ( 'NONE',  ( 0.6121892641637280974, 0.000000000000000000, -0.7907112651547801851 ) ) ;
#4997 = CIRCLE ( 'NONE', #3306, 2.600000000000000089 ) ;
#4998 = DIRECTION ( 'NONE',  ( 0.000000000000000000, 0.000000000000000000, 1.000000000000000000 ) ) ;
#4999 = DIRECTION ( 'NONE',  ( 0.000000000000000000, 0.000000000000000000, -1.000000000000000000 ) ) ;
#5000 = ORIENTED_EDGE ( 'NONE', *, *, #2693, .T. ) ;
#5001 = DIRECTION ( 'NONE',  ( -0.8180576496984515167, 0.000000000000000000, 0.5751362288795982547 ) ) ;
#5002 = CIRCLE ( 'NONE', #2863, 2.600000000000000089 ) ;
#5003 = ORIENTED_EDGE ( 'NONE', *, *, #3067, .T. ) ;
#5004 = EDGE_CURVE ( 'NONE', #6368, #2192, #3968, .T. ) ;
#5005 = DIRECTION ( 'NONE',  ( 0.000000000000000000, -1.000000000000000000, 0.000000000000000000 ) ) ;
#5006 = CARTESIAN_POINT ( 'NONE',  ( 10.25000000000000000, 0.1200000000000000094, 0.000000000000000000 ) ) ;
#5007 = FACE_OUTER_BOUND ( 'NONE', #325, .T. ) ;
#5008 = DIRECTION ( 'NONE',  ( 0.000000000000000000, -1.000000000000000000, 0.000000000000000000 ) ) ;
#5009 = CARTESIAN_POINT ( 'NONE',  ( 12.25000000000000000, 0.1200000000000000094, 0.000000000000000000 ) ) ;
#5010 = VERTEX_POINT ( 'NONE', #3491 ) ;
#5011 = LINE ( 'NONE', #6107, #3019 ) ;
#5012 = ADVANCED_FACE ( 'NONE', ( #229 ), #3010, .F. ) ;
#5013 = EDGE_CURVE ( 'NONE', #4042, #1223, #785, .T. ) ;
#5014 = DIRECTION ( 'NONE',  ( 0.000000000000000000, 0.000000000000000000, -1.000000000000000000 ) ) ;
#5015 = EDGE_CURVE ( 'NONE', #2826, #2029, #4560, .T. ) ;
#5016 = CARTESIAN_POINT ( 'NONE',  ( 2.742310442248239610, -2.200000000000000178, -0.2055077573626959975 ) ) ;
#5017 = DIRECTION ( 'NONE',  ( 0.000000000000000000, -1.000000000000000000, 0.000000000000000000 ) ) ;
#5018 = EDGE_LOOP ( 'NONE', ( #2809, #5063, #5100, #1656 ) ) ;
#5019 = DIRECTION ( 'NONE',  ( 0.06039099147352620239, 0.000000000000000000, 0.9981747983939709412 ) ) ;
#5020 = VECTOR ( 'NONE', #4420, 1000.000000000000000 ) ;
#5021 = CARTESIAN_POINT ( 'NONE',  ( -2.223634878751290067, 1.930000000000000160, 2.507004771834460133 ) ) ;
#5022 = ORIENTED_EDGE ( 'NONE', *, *, #2693, .F. ) ;
#5023 = VERTEX_POINT ( 'NONE', #2368 ) ;
#5024 = DIRECTION ( 'NONE',  ( 0.000000000000000000, -1.000000000000000000, 0.000000000000000000 ) ) ;
#5025 = ORIENTED_EDGE ( 'NONE', *, *, #1635, .T. ) ;
#5026 = CIRCLE ( 'NONE', #981, 0.1200000000000001760 ) ;
#5027 = ORIENTED_EDGE ( 'NONE', *, *, #1715, .F. ) ;
#5028 = CARTESIAN_POINT ( 'NONE',  ( 0.000000000000000000, 0.5999999999999999778, 0.000000000000000000 ) ) ;
#5029 = CARTESIAN_POINT ( 'NONE',  ( -2.279446147510249876, 0.5999999999999999778, 1.250649935273919988 ) ) ;
#5030 = DIRECTION ( 'NONE',  ( -1.000000000000000000, 0.000000000000000000, 0.000000000000000000 ) ) ;
#5031 = ORIENTED_EDGE ( 'NONE', *, *, #5918, .F. ) ;
#5032 = PLANE ( 'NONE',  #3233 ) ;
#5033 = VECTOR ( 'NONE', #4504, 1000.000000000000114 ) ;
#5034 = DIRECTION ( 'NONE',  ( 0.000000000000000000, 1.000000000000000000, 0.000000000000000000 ) ) ;
#5035 = PLANE ( 'NONE',  #2749 ) ;
#5036 = CARTESIAN_POINT ( 'NONE',  ( 1.549130159674929841, 0.5999999999999999778, -2.272156629369010084 ) ) ;
#5037 = VERTEX_POINT ( 'NONE', #4063 ) ;
#5038 = FACE_OUTER_BOUND ( 'NONE', #1204, .T. ) ;
#5039 = CIRCLE ( 'NONE', #5932, 2.100000000000000089 ) ;
#5040 = ORIENTED_EDGE ( 'NONE', *, *, #713, .T. ) ;
#5041 = CARTESIAN_POINT ( 'NONE',  ( 2.786071468060228663E-16, 1.449999999999999956, -2.274999999999999911 ) ) ;
#5042 = LINE ( 'NONE', #1866, #6671 ) ;
#5043 = DIRECTION ( 'NONE',  ( 0.000000000000000000, 0.000000000000000000, -1.000000000000000000 ) ) ;
#5044 = CIRCLE ( 'NONE', #2791, 2.274999999999999911 ) ;
#5045 = DIRECTION ( 'NONE',  ( 0.000000000000000000, 1.000000000000000000, 0.000000000000000000 ) ) ;
#5046 = CARTESIAN_POINT ( 'NONE',  ( -2.355408060322958796, 2.170057416970100128, -2.348099009211887633 ) ) ;
#5047 = ADVANCED_FACE ( 'NONE', ( #6718 ), #5667, .T. ) ;
#5048 = DIRECTION ( 'NONE',  ( -1.000000000000000000, 0.000000000000000000, 0.000000000000000000 ) ) ;
#5049 = AXIS2_PLACEMENT_3D ( 'NONE', #4926, #2241, #4395 ) ;
#5050 = CARTESIAN_POINT ( 'NONE',  ( -12.25000000000000000, -2.200000000000000178, -0.6500000000000000222 ) ) ;
#5051 = CARTESIAN_POINT ( 'NONE',  ( 12.25000000000000000, 0.1200000000000000094, 0.7699999999999999067 ) ) ;
#5052 = CARTESIAN_POINT ( 'NONE',  ( 1.474297749295910176, 0.000000000000000000, -1.495475224275219839 ) ) ;
#5053 = ORIENTED_EDGE ( 'NONE', *, *, #1679, .T. ) ;
#5054 = EDGE_CURVE ( 'NONE', #4042, #6761, #3529, .T. ) ;
#5055 = EDGE_CURVE ( 'NONE', #6004, #5304, #3286, .T. ) ;
#5056 = EDGE_CURVE ( 'NONE', #3234, #6217, #5629, .T. ) ;
#5057 = FACE_OUTER_BOUND ( 'NONE', #5936, .T. ) ;
#5058 = DIRECTION ( 'NONE',  ( 0.000000000000000000, 0.000000000000000000, 1.000000000000000000 ) ) ;
#5059 = DIRECTION ( 'NONE',  ( 0.000000000000000000, 0.000000000000000000, 1.000000000000000000 ) ) ;
#5060 = VERTEX_POINT ( 'NONE', #5728 ) ;
#5061 = ORIENTED_EDGE ( 'NONE', *, *, #4703, .F. ) ;
#5062 = CARTESIAN_POINT ( 'NONE',  ( -2.301511028871729980, 0.03746028324927540287, 2.471981467203240523 ) ) ;
#5063 = ORIENTED_EDGE ( 'NONE', *, *, #5270, .T. ) ;
#5064 = ORIENTED_EDGE ( 'NONE', *, *, #925, .F. ) ;
#5065 = CARTESIAN_POINT ( 'NONE',  ( -6.250000000000000000, 1.930000000000000160, 0.000000000000000000 ) ) ;
#5066 = CARTESIAN_POINT ( 'NONE',  ( 6.250000000000000000, 2.050000000000000266, 0.7699999999999999067 ) ) ;
#5067 = CARTESIAN_POINT ( 'NONE',  ( 2.200392083964159973, 2.065825938165913200, -2.492778052223813656 ) ) ;
#5068 = VERTEX_POINT ( 'NONE', #889 ) ;
#5069 = FACE_OUTER_BOUND ( 'NONE', #1006, .T. ) ;
#5070 = DIRECTION ( 'NONE',  ( 0.000000000000000000, -1.000000000000000000, 0.000000000000000000 ) ) ;
#5071 = LINE ( 'NONE', #285, #6701 ) ;
#5072 = ADVANCED_FACE ( 'NONE', ( #3044 ), #6642, .T. ) ;
#5073 = ORIENTED_EDGE ( 'NONE', *, *, #459, .F. ) ;
#5074 = LINE ( 'NONE', #4581, #3006 ) ;
#5075 = ORIENTED_EDGE ( 'NONE', *, *, #2553, .T. ) ;
#5076 = DIRECTION ( 'NONE',  ( 0.000000000000000000, 0.000000000000000000, 1.000000000000000000 ) ) ;
#5077 = VECTOR ( 'NONE', #3761, 999.9999999999998863 ) ;
#5078 = VERTEX_POINT ( 'NONE', #3705 ) ;
#5079 = LINE ( 'NONE', #6817, #6545 ) ;
#5080 = DIRECTION ( 'NONE',  ( 0.000000000000000000, 1.000000000000000000, 0.000000000000000000 ) ) ;
#5081 = AXIS2_PLACEMENT_3D ( 'NONE', #2100, #4289, #2599 ) ;
#5082 = VECTOR ( 'NONE', #2402, 999.9999999999998863 ) ;
#5083 = AXIS2_PLACEMENT_3D ( 'NONE', #6086, #5600, #1854 ) ;
#5084 = DIRECTION ( 'NONE',  ( 0.000000000000000000, -1.000000000000000000, 0.000000000000000000 ) ) ;
#5085 = FACE_OUTER_BOUND ( 'NONE', #545, .T. ) ;
#5086 = DIRECTION ( 'NONE',  ( 0.000000000000000000, 0.000000000000000000, -1.000000000000000000 ) ) ;
#5087 = ORIENTED_EDGE ( 'NONE', *, *, #3993, .T. ) ;
#5088 = AXIS2_PLACEMENT_3D ( 'NONE', #4585, #6746, #1378 ) ;
#5089 = CARTESIAN_POINT ( 'NONE',  ( -2.408327250480109871, -0.1200000000000000094, -2.292506238725410039 ) ) ;
#5090 = CARTESIAN_POINT ( 'NONE',  ( 2.299763500551681439, -0.1019409365742138668, 2.402350414722739913 ) ) ;
#5091 = DIRECTION ( 'NONE',  ( 0.000000000000000000, 0.000000000000000000, 1.000000000000000000 ) ) ;
#5092 = VECTOR ( 'NONE', #3338, 1000.000000000000000 ) ;
#5093 = EDGE_LOOP ( 'NONE', ( #5126, #5354, #1911, #2154 ) ) ;
#5094 = EDGE_CURVE ( 'NONE', #3697, #4710, #2619, .T. ) ;
#5095 = EDGE_CURVE ( 'NONE', #6081, #3717, #6229, .T. ) ;
#5096 = ORIENTED_EDGE ( 'NONE', *, *, #1003, .T. ) ;
#5097 = CARTESIAN_POINT ( 'NONE',  ( -2.201373494853032131, -0.02106832448482360426, 2.492026715981322305 ) ) ;
#5098 = VERTEX_POINT ( 'NONE', #6392 ) ;
#5099 = AXIS2_PLACEMENT_3D ( 'NONE', #3353, #48, #3317 ) ;
#5100 = ORIENTED_EDGE ( 'NONE', *, *, #2477, .T. ) ;
#5101 = FACE_OUTER_BOUND ( 'NONE', #2479, .T. ) ;
#5102 = DIRECTION ( 'NONE',  ( 0.000000000000000000, 0.000000000000000000, 1.000000000000000000 ) ) ;
#5103 =( BOUNDED_SURFACE ( )  B_SPLINE_SURFACE ( 3, 2, ( 
 ( #5940, #3750, #1072 ),
 ( #1849, #1290, #1810 ),
 ( #861, #4005, #1249 ),
 ( #5097, #305, #3394 ),
 ( #1360, #2345, #5062 ),
 ( #5698, #2947, #4074 ),
 ( #237, #828, #5631 ),
 ( #1918, #6227, #5557 ) ),
 .UNSPECIFIED., .F., .F., .T. ) 
 B_SPLINE_SURFACE_WITH_KNOTS ( ( 4, 2, 2, 4 ),
 ( 3, 3 ),
 ( 0.0002119878647782320034, 0.0003316592760360360329, 0.0004513306872938400082, 0.0006906735098094489347 ),
 ( -0.0003696151144603939667, 1.000000000000000000 ),
 .UNSPECIFIED. ) 
 GEOMETRIC_REPRESENTATION_ITEM ( )  RATIONAL_B_SPLINE_SURFACE ( (
 ( 1.000039988285789994, 0.9459055051752820464, 1.000000000000000000),
 ( 1.000039935780870026, 0.9459765316508199628, 1.000000000000000000),
 ( 1.000047368364609834, 0.9359220405836430334, 1.000000000000000000),
 ( 1.000070031981209917, 0.9052636398343919533, 1.000000000000000000),
 ( 1.000084696036130039, 0.8854267144145199220, 1.000000000000000000),
 ( 1.000133735697849913, 0.8190878935644400061, 1.000000000000000000),
 ( 1.000173282811319897, 0.7655901983738050420, 1.000000000000000000),
 ( 1.000216595548599985, 0.7069985234259530404, 1.000000000000000000) ) ) 
 REPRESENTATION_ITEM ( '' )  SURFACE ( )  );
#5104 = ORIENTED_EDGE ( 'NONE', *, *, #2304, .F. ) ;
#5105 = EDGE_CURVE ( 'NONE', #6334, #5338, #6960, .T. ) ;
#5106 = FACE_OUTER_BOUND ( 'NONE', #991, .T. ) ;
#5107 = ADVANCED_FACE ( 'NONE', ( #401 ), #3733, .F. ) ;
#5108 = VECTOR ( 'NONE', #6886, 1000.000000000000227 ) ;
#5109 = EDGE_CURVE ( 'NONE', #6084, #1044, #6319, .T. ) ;
#5110 = DIRECTION ( 'NONE',  ( 0.000000000000000000, -1.000000000000000000, 0.000000000000000000 ) ) ;
#5111 = CARTESIAN_POINT ( 'NONE',  ( 8.250000000000000000, 0.1200000000000000094, -0.6500000000000000222 ) ) ;
#5112 = CIRCLE ( 'NONE', #271, 2.100000000000000089 ) ;
#5113 = EDGE_LOOP ( 'NONE', ( #166, #5435, #3253, #4691 ) ) ;
#5114 = CARTESIAN_POINT ( 'NONE',  ( 2.371499619222932953, -0.01841700679246219621, -2.331124368061361363 ) ) ;
#5115 = AXIS2_PLACEMENT_3D ( 'NONE', #6867, #3683, #2021 ) ;
#5116 = ORIENTED_EDGE ( 'NONE', *, *, #109, .T. ) ;
#5117 = CARTESIAN_POINT ( 'NONE',  ( 14.08571428571429962, 0.000000000000000000, -1.998162421132100075 ) ) ;
#5118 = VERTEX_POINT ( 'NONE', #1493 ) ;
#5119 = DIRECTION ( 'NONE',  ( 0.000000000000000000, 0.000000000000000000, -1.000000000000000000 ) ) ;
#5120 = PLANE ( 'NONE',  #2163 ) ;
#5121 = CIRCLE ( 'NONE', #2069, 0.1199999999999998845 ) ;
#5122 = CARTESIAN_POINT ( 'NONE',  ( -2.032268409600519909, 0.5999999999999999778, -0.5290416914948830041 ) ) ;
#5123 = DIRECTION ( 'NONE',  ( 0.000000000000000000, 0.000000000000000000, 1.000000000000000000 ) ) ;
#5124 = AXIS2_PLACEMENT_3D ( 'NONE', #4299, #4268, #3208 ) ;
#5125 = DIRECTION ( 'NONE',  ( 0.000000000000000000, 1.000000000000000000, 0.000000000000000000 ) ) ;
#5126 = ORIENTED_EDGE ( 'NONE', *, *, #3983, .F. ) ;
#5127 = DIRECTION ( 'NONE',  ( 0.000000000000000000, 0.000000000000000000, -1.000000000000000000 ) ) ;
#5128 = CARTESIAN_POINT ( 'NONE',  ( 2.439542877549170097, -5.644816096216609885E-16, 2.405103189165509914 ) ) ;
#5129 = CARTESIAN_POINT ( 'NONE',  ( -6.250000000000000000, 0.1200000000000000094, 0.7699999999999999067 ) ) ;
#5130 = EDGE_LOOP ( 'NONE', ( #1589, #5753, #3071, #407, #3622, #6096 ) ) ;
#5131 = CARTESIAN_POINT ( 'NONE',  ( 2.559902808771549854, 0.000000000000000000, -1.004687817007609896 ) ) ;
#5132 = EDGE_LOOP ( 'NONE', ( #4722, #2450, #1206, #1842 ) ) ;
#5133 = VECTOR ( 'NONE', #5019, 1000.000000000000000 ) ;
#5134 = VERTEX_POINT ( 'NONE', #1060 ) ;
#5135 = ADVANCED_FACE ( 'NONE', ( #6928 ), #1525, .F. ) ;
#5136 = CYLINDRICAL_SURFACE ( 'NONE', #2285, 2.600000000000000089 ) ;
#5137 = CARTESIAN_POINT ( 'NONE',  ( -14.08571428571429962, 0.1200000000000000094, 1.998162421132100075 ) ) ;
#5138 = DIRECTION ( 'NONE',  ( 0.000000000000000000, 0.000000000000000000, -1.000000000000000000 ) ) ;
#5139 = ORIENTED_EDGE ( 'NONE', *, *, #2906, .F. ) ;
#5140 = CARTESIAN_POINT ( 'NONE',  ( 1.786042650225280193, 0.000000000000000000, -1.104559483041209988 ) ) ;
#5141 = CIRCLE ( 'NONE', #4903, 2.100000000000000089 ) ;
#5142 = DIRECTION ( 'NONE',  ( 0.000000000000000000, -1.000000000000000000, 0.000000000000000000 ) ) ;
#5143 = CARTESIAN_POINT ( 'NONE',  ( -2.195077384050551306, 1.987120551137802726, 2.497855025804299078 ) ) ;
#5144 = CIRCLE ( 'NONE', #3446, 0.1199999999999998151 ) ;
#5145 = VERTEX_POINT ( 'NONE', #369 ) ;
#5146 = EDGE_CURVE ( 'NONE', #1251, #5768, #4089, .T. ) ;
#5147 = CARTESIAN_POINT ( 'NONE',  ( 2.495244324181649542, -3.754050022231059103E-15, -2.375243305987679854 ) ) ;
#5148 = DIRECTION ( 'NONE',  ( 0.000000000000000000, -1.000000000000000000, 0.000000000000000000 ) ) ;
#5149 = ADVANCED_FACE ( 'NONE', ( #504 ), #2508, .T. ) ;
#5150 = ADVANCED_FACE ( 'NONE', ( #1026 ), #4798, .F. ) ;
#5151 = AXIS2_PLACEMENT_3D ( 'NONE', #1707, #5564, #5453 ) ;
#5152 = ORIENTED_EDGE ( 'NONE', *, *, #487, .T. ) ;
#5153 = VERTEX_POINT ( 'NONE', #4133 ) ;
#5154 = CARTESIAN_POINT ( 'NONE',  ( -1.193180282573270024, 0.5999999999999999778, 2.477664386731659896 ) ) ;
#5155 = CARTESIAN_POINT ( 'NONE',  ( 0.8105767296299509761, 0.5999999999999999778, -2.627825215911899548 ) ) ;
#5156 = CIRCLE ( 'NONE', #4593, 2.100000000000000089 ) ;
#5157 = EDGE_CURVE ( 'NONE', #2653, #4182, #6360, .T. ) ;
#5158 = CIRCLE ( 'NONE', #3910, 1.879999999999999893 ) ;
#5159 = DIRECTION ( 'NONE',  ( 0.000000000000000000, -1.000000000000000000, 0.000000000000000000 ) ) ;
#5160 = CARTESIAN_POINT ( 'NONE',  ( 1.849597897417310177, 0.000000000000000000, -0.9944785658170128828 ) ) ;
#5161 = CARTESIAN_POINT ( 'NONE',  ( -10.25000000000000000, -2.200000000000000178, 0.6500000000000000222 ) ) ;
#5162 = EDGE_LOOP ( 'NONE', ( #535, #3391, #2197, #2990 ) ) ;
#5163 = EDGE_CURVE ( 'NONE', #4501, #3720, #2157, .T. ) ;
#5164 = CIRCLE ( 'NONE', #768, 0.1199999999999999956 ) ;
#5165 = CARTESIAN_POINT ( 'NONE',  ( 0.000000000000000000, 0.000000000000000000, 0.000000000000000000 ) ) ;
#5166 = LINE ( 'NONE', #2448, #3013 ) ;
#5167 = FACE_OUTER_BOUND ( 'NONE', #1096, .T. ) ;
#5168 = EDGE_LOOP ( 'NONE', ( #1396, #6014, #4340, #3098 ) ) ;
#5169 = VECTOR ( 'NONE', #2992, 999.9999999999998863 ) ;
#5170 = CARTESIAN_POINT ( 'NONE',  ( 0.000000000000000000, 0.000000000000000000, 0.000000000000000000 ) ) ;
#5171 = ORIENTED_EDGE ( 'NONE', *, *, #4227, .F. ) ;
#5172 = ORIENTED_EDGE ( 'NONE', *, *, #6783, .T. ) ;
#5173 = CARTESIAN_POINT ( 'NONE',  ( -2.559902808771560068, 0.5999999999999999778, -1.004687817007580142 ) ) ;
#5174 = CARTESIAN_POINT ( 'NONE',  ( -14.00000000000000000, 0.1200000000000000094, 0.000000000000000000 ) ) ;
#5175 = DIRECTION ( 'NONE',  ( 1.000000000000000000, 0.000000000000000000, 0.000000000000000000 ) ) ;
#5176 = EDGE_LOOP ( 'NONE', ( #3089, #2395, #5375, #2636 ) ) ;
#5177 = CARTESIAN_POINT ( 'NONE',  ( 6.250000000000000000, 2.050000000000000266, 0.000000000000000000 ) ) ;
#5178 = DIRECTION ( 'NONE',  ( 0.000000000000000000, 0.000000000000000000, 1.000000000000000000 ) ) ;
#5179 = CARTESIAN_POINT ( 'NONE',  ( -2.381569860407199979, 0.5999999999999999778, 1.375000000000000000 ) ) ;
#5180 = DIRECTION ( 'NONE',  ( 0.000000000000000000, -1.000000000000000000, 0.000000000000000000 ) ) ;
#5181 = ORIENTED_EDGE ( 'NONE', *, *, #4765, .F. ) ;
#5182 = CARTESIAN_POINT ( 'NONE',  ( 2.301511028871729980, 0.03746028324927620085, -2.471981467203240523 ) ) ;
#5183 = DIRECTION ( 'NONE',  ( -1.000000000000000000, 0.000000000000000000, 0.000000000000000000 ) ) ;
#5184 = ORIENTED_EDGE ( 'NONE', *, *, #1868, .F. ) ;
#5185 = EDGE_CURVE ( 'NONE', #5366, #456, #2404, .T. ) ;
#5186 = PLANE ( 'NONE',  #1136 ) ;
#5187 = EDGE_CURVE ( 'NONE', #5966, #4057, #3403, .T. ) ;
#5188 = EDGE_LOOP ( 'NONE', ( #1636, #4858, #5433, #6045 ) ) ;
#5189 = EDGE_CURVE ( 'NONE', #3656, #3773, #3636, .T. ) ;
#5190 = DIRECTION ( 'NONE',  ( 0.000000000000000000, 0.000000000000000000, 1.000000000000000000 ) ) ;
#5191 = CARTESIAN_POINT ( 'NONE',  ( 0.000000000000000000, 0.5999999999999999778, 0.000000000000000000 ) ) ;
#5192 = CARTESIAN_POINT ( 'NONE',  ( 6.250000000000000000, 0.000000000000000000, 0.7699999999999999067 ) ) ;
#5193 = AXIS2_PLACEMENT_3D ( 'NONE', #4210, #2618, #3085 ) ;
#5194 = CARTESIAN_POINT ( 'NONE',  ( 2.182491370753341986, 1.959371907564160242, -2.508769528553307815 ) ) ;
#5195 = EDGE_CURVE ( 'NONE', #3697, #4126, #5263, .T. ) ;
#5196 = DIRECTION ( 'NONE',  ( 0.9981747983939709412, 0.000000000000000000, -0.06039099147352620239 ) ) ;
#5197 = CIRCLE ( 'NONE', #3268, 2.600000000000000089 ) ;
#5198 = DIRECTION ( 'NONE',  ( 0.000000000000000000, -1.000000000000000000, 0.000000000000000000 ) ) ;
#5199 = DIRECTION ( 'NONE',  ( 0.1632379251584249458, 0.000000000000000000, 0.9865867320159806830 ) ) ;
#5200 = LINE ( 'NONE', #6724, #5847 ) ;
#5201 = ORIENTED_EDGE ( 'NONE', *, *, #442, .F. ) ;
#5202 = CIRCLE ( 'NONE', #6900, 2.600000000000000089 ) ;
#5203 = FACE_OUTER_BOUND ( 'NONE', #4195, .T. ) ;
#5204 = ORIENTED_EDGE ( 'NONE', *, *, #1645, .F. ) ;
#5205 = ORIENTED_EDGE ( 'NONE', *, *, #2203, .T. ) ;
#5206 = CARTESIAN_POINT ( 'NONE',  ( 2.408327262351748210, 2.170062718970840798, 2.292506250026108638 ) ) ;
#5207 = DIRECTION ( 'NONE',  ( 0.000000000000000000, 0.000000000000000000, 1.000000000000000000 ) ) ;
#5208 = CIRCLE ( 'NONE', #2148, 2.600000000000000089 ) ;
#5209 = CARTESIAN_POINT ( 'NONE',  ( 0.000000000000000000, 0.5999999999999999778, 0.000000000000000000 ) ) ;
#5210 = ORIENTED_EDGE ( 'NONE', *, *, #1641, .F. ) ;
#5211 = CARTESIAN_POINT ( 'NONE',  ( 8.250000000000000000, 2.050000000000000266, 0.000000000000000000 ) ) ;
#5212 = LINE ( 'NONE', #1271, #5735 ) ;
#5213 = LINE ( 'NONE', #3192, #951 ) ;
#5214 = VECTOR ( 'NONE', #5017, 1000.000000000000000 ) ;
#5215 = ORIENTED_EDGE ( 'NONE', *, *, #5532, .T. ) ;
#5216 = CARTESIAN_POINT ( 'NONE',  ( -2.228777735894150069, -13.80452018978109940, 2.626894517102379645 ) ) ;
#5217 = CARTESIAN_POINT ( 'NONE',  ( -6.250000000000000000, 0.000000000000000000, 0.000000000000000000 ) ) ;
#5218 = VECTOR ( 'NONE', #5688, 1000.000000000000114 ) ;
#5219 = ORIENTED_EDGE ( 'NONE', *, *, #2160, .T. ) ;
#5220 = FACE_OUTER_BOUND ( 'NONE', #2984, .T. ) ;
#5221 = EDGE_LOOP ( 'NONE', ( #3299, #1018 ) ) ;
#5222 = DIRECTION ( 'NONE',  ( 0.9990812105660495934, 0.000000000000000000, 0.04285714285713607824 ) ) ;
#5223 = DIRECTION ( 'NONE',  ( 0.000000000000000000, 0.000000000000000000, -1.000000000000000000 ) ) ;
#5224 = VECTOR ( 'NONE', #2244, 1000.000000000000000 ) ;
#5225 = VECTOR ( 'NONE', #1182, 1000.000000000000000 ) ;
#5226 = EDGE_CURVE ( 'NONE', #5855, #4726, #1276, .T. ) ;
#5227 = DIRECTION ( 'NONE',  ( 0.9990812105660493714, 0.000000000000000000, 0.04285714285714280897 ) ) ;
#5228 = CARTESIAN_POINT ( 'NONE',  ( 2.301618416106640197, 2.012581652759299899, -2.471931045067579991 ) ) ;
#5229 = VECTOR ( 'NONE', #1967, 999.9999999999998863 ) ;
#5230 = CARTESIAN_POINT ( 'NONE',  ( -12.25000000000000000, 0.1200000000000000094, 0.000000000000000000 ) ) ;
#5231 = EDGE_CURVE ( 'NONE', #3772, #4877, #6000, .T. ) ;
#5232 = DIRECTION ( 'NONE',  ( 0.000000000000000000, 1.000000000000000000, 0.000000000000000000 ) ) ;
#5233 = EDGE_CURVE ( 'NONE', #3572, #5315, #2179, .T. ) ;
#5234 = CARTESIAN_POINT ( 'NONE',  ( 0.000000000000000000, 0.000000000000000000, -2.600000000000000089 ) ) ;
#5235 = EDGE_CURVE ( 'NONE', #2186, #5929, #3856, .T. ) ;
#5236 = CIRCLE ( 'NONE', #3874, 2.600000000000000089 ) ;
#5237 = DIRECTION ( 'NONE',  ( 0.000000000000000000, 0.000000000000000000, -1.000000000000000000 ) ) ;
#5238 = VERTEX_POINT ( 'NONE', #1685 ) ;
#5239 = ORIENTED_EDGE ( 'NONE', *, *, #1437, .T. ) ;
#5240 = ORIENTED_EDGE ( 'NONE', *, *, #5758, .T. ) ;
#5241 = CARTESIAN_POINT ( 'NONE',  ( 2.408281810690522384, 2.049999999999998046, 2.292462984221230737 ) ) ;
#5242 = DIRECTION ( 'NONE',  ( 0.000000000000000000, -1.000000000000000000, 0.000000000000000000 ) ) ;
#5243 = CARTESIAN_POINT ( 'NONE',  ( -0.8105767296299890567, 0.5999999999999999778, -2.627825215911889778 ) ) ;
#5244 = ORIENTED_EDGE ( 'NONE', *, *, #2328, .F. ) ;
#5245 = CARTESIAN_POINT ( 'NONE',  ( 4.250000000000000000, 0.1200000000000000094, -0.7699999999999999067 ) ) ;
#5246 = LINE ( 'NONE', #2461, #2919 ) ;
#5247 = CIRCLE ( 'NONE', #68, 0.7699999999999999067 ) ;
#5248 = CARTESIAN_POINT ( 'NONE',  ( -4.250000000000000000, -2.200000000000000178, 0.000000000000000000 ) ) ;
#5249 = ORIENTED_EDGE ( 'NONE', *, *, #2338, .F. ) ;
#5250 = FACE_OUTER_BOUND ( 'NONE', #6536, .T. ) ;
#5251 = DIRECTION ( 'NONE',  ( 1.000000000000000000, -0.000000000000000000, 1.224646799147353207E-16 ) ) ;
#5252 = AXIS2_PLACEMENT_3D ( 'NONE', #196, #2340, #5588 ) ;
#5253 = ORIENTED_EDGE ( 'NONE', *, *, #6485, .F. ) ;
#5254 = DIRECTION ( 'NONE',  ( 0.9512380230706009021, 0.000000000000000000, -0.3084578147246960222 ) ) ;
#5255 = ORIENTED_EDGE ( 'NONE', *, *, #1005, .F. ) ;
#5256 = CARTESIAN_POINT ( 'NONE',  ( 6.250000000000000000, -2.200000000000000178, -0.6500000000000000222 ) ) ;
#5257 = FACE_OUTER_BOUND ( 'NONE', #915, .T. ) ;
#5258 = CIRCLE ( 'NONE', #4346, 0.1199999999999999956 ) ;
#5259 = CARTESIAN_POINT ( 'NONE',  ( 1.977158756200440015, 0.5999999999999999778, 0.7077027997542110205 ) ) ;
#5260 = CARTESIAN_POINT ( 'NONE',  ( 2.252413532882463265, 2.043176314232317381, -2.446260625880939621 ) ) ;
#5261 = CIRCLE ( 'NONE', #5717, 0.6500000000000000222 ) ;
#5262 = EDGE_CURVE ( 'NONE', #3933, #1114, #6799, .T. ) ;
#5263 = LINE ( 'NONE', #436, #4762 ) ;
#5264 = CARTESIAN_POINT ( 'NONE',  ( -1.549130159674960039, 0.000000000000000000, -2.272156629368980330 ) ) ;
#5265 = AXIS2_PLACEMENT_3D ( 'NONE', #638, #3735, #6491 ) ;
#5266 = CARTESIAN_POINT ( 'NONE',  ( 2.742310442248239610, 0.5999999999999999778, -0.2055077573626959975 ) ) ;
#5267 = CARTESIAN_POINT ( 'NONE',  ( -1.417496088328199955, 2.050000000000000266, -2.179611167060369947 ) ) ;
#5268 = ORIENTED_EDGE ( 'NONE', *, *, #2430, .T. ) ;
#5269 = EDGE_CURVE ( 'NONE', #2759, #6156, #3311, .T. ) ;
#5270 = EDGE_CURVE ( 'NONE', #5118, #5377, #491, .T. ) ;
#5271 = ORIENTED_EDGE ( 'NONE', *, *, #2934, .F. ) ;
#5272 = EDGE_CURVE ( 'NONE', #2795, #4880, #6489, .T. ) ;
#5273 = CIRCLE ( 'NONE', #3350, 0.6500000000000000222 ) ;
#5274 = VERTEX_POINT ( 'NONE', #3272 ) ;
#5275 = CARTESIAN_POINT ( 'NONE',  ( 2.252341439070869811, 2.043122013204832665, 2.446354157397172546 ) ) ;
#5276 = CARTESIAN_POINT ( 'NONE',  ( 12.25000000000000000, -2.200000000000000178, 0.000000000000000000 ) ) ;
#5277 = CARTESIAN_POINT ( 'NONE',  ( -2.408327250480109871, -0.1200000000000000094, -2.292506238725410039 ) ) ;
#5278 = ORIENTED_EDGE ( 'NONE', *, *, #788, .T. ) ;
#5279 = VERTEX_POINT ( 'NONE', #2789 ) ;
#5280 = CYLINDRICAL_SURFACE ( 'NONE', #2977, 0.6500000000000000222 ) ;
#5281 = ORIENTED_EDGE ( 'NONE', *, *, #627, .T. ) ;
#5282 = LOCAL_TIME ( 13, 13, 12.00000000000000000, #5406 ) ;
#5283 = CARTESIAN_POINT ( 'NONE',  ( 2.161544889411488146, 0.05522773124134149059, -2.526531202637220197 ) ) ;
#5284 = CARTESIAN_POINT ( 'NONE',  ( 0.000000000000000000, -2.079999999999999627, 3.324999999999999734 ) ) ;
#5285 = CARTESIAN_POINT ( 'NONE',  ( -14.00000000000000000, -2.200000000000000178, 0.000000000000000000 ) ) ;
#5286 = EDGE_CURVE ( 'NONE', #1531, #1102, #3838, .T. ) ;
#5287 =( BOUNDED_SURFACE ( )  B_SPLINE_SURFACE ( 3, 2, ( 
 ( #6533, #3250, #572 ),
 ( #4344, #3811, #4456 ),
 ( #6609, #1769, #3922 ),
 ( #6077, #1243, #4652 ),
 ( #6808, #3404, #317 ),
 ( #6203, #5143, #248 ),
 ( #214, #6739, #1822 ),
 ( #2882, #771, #2994 ) ),
 .UNSPECIFIED., .F., .F., .F. ) 
 B_SPLINE_SURFACE_WITH_KNOTS ( ( 4, 2, 2, 4 ),
 ( 3, 3 ),
 ( 0.0001525721510982669979, 0.0003915345339337040218, 0.0005110157253514220187, 0.0006304969167691399073 ),
 ( -0.0006947758397495939868, 1.000000000000000000 ),
 .UNSPECIFIED. ) 
 GEOMETRIC_REPRESENTATION_ITEM ( )  RATIONAL_B_SPLINE_SURFACE ( (
 ( 1.000407273031119981, 0.7069032860544899322, 1.000000000000000000),
 ( 1.000326156763539975, 0.7652791412112170955, 1.000000000000000000),
 ( 1.000251362112619891, 0.8191056033934780434, 1.000000000000000000),
 ( 1.000159381101880074, 0.8853003423803549321, 1.000000000000000000),
 ( 1.000131607636489894, 0.9052876993087249913, 1.000000000000000000),
 ( 1.000089258171570128, 0.9357647701113600558, 1.000000000000000000),
 ( 1.000075007605059962, 0.9460202839730089686, 1.000000000000000000),
 ( 1.000075191528490004, 0.9458879222690190769, 1.000000000000000000) ) ) 
 REPRESENTATION_ITEM ( '' )  SURFACE ( )  );
#5288 = ORIENTED_EDGE ( 'NONE', *, *, #5536, .F. ) ;
#5289 = DIRECTION ( 'NONE',  ( 0.000000000000000000, 1.000000000000000000, 0.000000000000000000 ) ) ;
#5290 = CIRCLE ( 'NONE', #2359, 2.600000000000000089 ) ;
#5291 = ORIENTED_EDGE ( 'NONE', *, *, #529, .F. ) ;
#5292 = ORIENTED_EDGE ( 'NONE', *, *, #451, .F. ) ;
#5293 = CARTESIAN_POINT ( 'NONE',  ( -2.681051758500009985, 0.5999999999999999778, 0.6119325683798749749 ) ) ;
#5294 = CARTESIAN_POINT ( 'NONE',  ( -1.870475028870020040, 0.5999999999999999778, 2.015892647532030235 ) ) ;
#5295 = DIRECTION ( 'NONE',  ( 0.000000000000000000, -1.000000000000000000, 0.000000000000000000 ) ) ;
#5296 = CARTESIAN_POINT ( 'NONE',  ( -0.4434139339150610093, 0.5999999999999999778, 2.561910241052559822 ) ) ;
#5297 = CARTESIAN_POINT ( 'NONE',  ( 2.237262477650800108, 0.08049891498110169075, 2.501056944821399508 ) ) ;
#5298 = PRODUCT_DEFINITION_SHAPE ( 'NONE', 'NONE',  #702 ) ;
#5299 = LINE ( 'NONE', #473, #3495 ) ;
#5300 = EDGE_LOOP ( 'NONE', ( #1132, #2418 ) ) ;
#5301 = ORIENTED_EDGE ( 'NONE', *, *, #3635, .T. ) ;
#5302 = CIRCLE ( 'NONE', #6657, 0.1199999999999998151 ) ;
#5303 = VECTOR ( 'NONE', #4225, 1000.000000000000114 ) ;
#5304 = VERTEX_POINT ( 'NONE', #3873 ) ;
#5305 = CARTESIAN_POINT ( 'NONE',  ( 2.322256832556953476, 2.072208451225093118, 2.380657584835411900 ) ) ;
#5306 = DIRECTION ( 'NONE',  ( 0.000000000000000000, 0.000000000000000000, 1.000000000000000000 ) ) ;
#5307 = CARTESIAN_POINT ( 'NONE',  ( -2.151142517227300210, 0.1200000000000000094, -2.535391660193160313 ) ) ;
#5308 = ADVANCED_FACE ( 'NONE', ( #5994 ), #6561, .F. ) ;
#5309 = AXIS2_PLACEMENT_3D ( 'NONE', #5613, #5755, #6178 ) ;
#5310 = VERTEX_POINT ( 'NONE', #599 ) ;
#5311 = CIRCLE ( 'NONE', #5083, 2.100000000000000089 ) ;
#5312 = CALENDAR_DATE ( 2025, 7, 4 ) ;
#5313 = CARTESIAN_POINT ( 'NONE',  ( 0.000000000000000000, 0.000000000000000000, 0.000000000000000000 ) ) ;
#5314 = AXIS2_PLACEMENT_3D ( 'NONE', #2177, #4333, #1156 ) ;
#5315 = VERTEX_POINT ( 'NONE', #1759 ) ;
#5316 = CARTESIAN_POINT ( 'NONE',  ( -12.25000000000000000, 1.930000000000000160, 0.000000000000000000 ) ) ;
#5317 = PLANE ( 'NONE',  #5081 ) ;
#5318 = EDGE_CURVE ( 'NONE', #3016, #5572, #6031, .T. ) ;
#5319 = EDGE_LOOP ( 'NONE', ( #4245, #615 ) ) ;
#5320 = EDGE_CURVE ( 'NONE', #1082, #219, #2969, .T. ) ;
#5321 = CIRCLE ( 'NONE', #2272, 0.1200000000000001760 ) ;
#5322 = CARTESIAN_POINT ( 'NONE',  ( 0.000000000000000000, 0.000000000000000000, 0.000000000000000000 ) ) ;
#5323 = DIRECTION ( 'NONE',  ( 0.000000000000000000, -1.000000000000000000, 0.000000000000000000 ) ) ;
#5324 = EDGE_LOOP ( 'NONE', ( #1512, #6911 ) ) ;
#5325 = VECTOR ( 'NONE', #4944, 1000.000000000000000 ) ;
#5326 = VERTEX_POINT ( 'NONE', #3241 ) ;
#5327 = LINE ( 'NONE', #5259, #1891 ) ;
#5328 = DIRECTION ( 'NONE',  ( 0.000000000000000000, 1.000000000000000000, 0.000000000000000000 ) ) ;
#5329 = CIRCLE ( 'NONE', #5891, 2.600000000000000089 ) ;
#5330 = CARTESIAN_POINT ( 'NONE',  ( 2.150036576787059950, -2.200000000000000178, -1.714596955111539867 ) ) ;
#5331 = CARTESIAN_POINT ( 'NONE',  ( -6.250000000000000000, 0.1200000000000000094, 0.000000000000000000 ) ) ;
#5332 = AXIS2_PLACEMENT_3D ( 'NONE', #309, #6330, #3054 ) ;
#5333 = FACE_OUTER_BOUND ( 'NONE', #2924, .T. ) ;
#5334 = LINE ( 'NONE', #5267, #6090 ) ;
#5335 = EDGE_LOOP ( 'NONE', ( #2416, #623, #3730, #5288, #1963, #3682, #6200, #4226, #230, #5556, #1001, #4199, #4109, #1506, #6653, #5400, #516, #1499, #753, #5693, #4965, #3173, #6877, #2707, #5210, #3148, #2926, #3340, #793, #154, #948, #719, #3140, #982, #2329, #5933, #2233, #6158, #290, #4389, #2884, #2871, #1662, #5964, #4020, #701, #1957, #2483, #6572, #898, #6383, #2055, #2783, #357, #5271, #2222, #5171, #6372, #118, #1787, #201, #3288, #2062, #5031 ) ) ;
#5336 = AXIS2_PLACEMENT_3D ( 'NONE', #5849, #1011, #3159 ) ;
#5337 = ORIENTED_EDGE ( 'NONE', *, *, #6141, .T. ) ;
#5338 = VERTEX_POINT ( 'NONE', #673 ) ;
#5339 = CIRCLE ( 'NONE', #5689, 0.7699999999999999067 ) ;
#5340 = FACE_OUTER_BOUND ( 'NONE', #4248, .T. ) ;
#5341 = DIRECTION ( 'NONE',  ( -1.598721155460230151E-14, 0.000000000000000000, 1.000000000000000000 ) ) ;
#5342 = CARTESIAN_POINT ( 'NONE',  ( -2.380004902497942609, -0.1200000000000002592, -2.322259476160851044 ) ) ;
#5343 = ORIENTED_EDGE ( 'NONE', *, *, #4270, .T. ) ;
#5344 = DIRECTION ( 'NONE',  ( 0.000000000000000000, 1.000000000000000000, 0.000000000000000000 ) ) ;
#5345 = ADVANCED_FACE ( 'NONE', ( #1235 ), #2753, .F. ) ;
#5346 = ORIENTED_EDGE ( 'NONE', *, *, #2958, .F. ) ;
#5347 = CYLINDRICAL_SURFACE ( 'NONE', #5826, 0.6500000000000000222 ) ;
#5348 = CARTESIAN_POINT ( 'NONE',  ( 0.5579706603046120650, 0.5999999999999999778, 2.024516915770090186 ) ) ;
#5349 = ORIENTED_EDGE ( 'NONE', *, *, #6920, .F. ) ;
#5350 = DIRECTION ( 'NONE',  ( 0.000000000000000000, -1.000000000000000000, 0.000000000000000000 ) ) ;
#5351 = ADVANCED_FACE ( 'NONE', ( #2218 ), #2668, .F. ) ;
#5352 = FACE_OUTER_BOUND ( 'NONE', #3257, .T. ) ;
#5353 = ADVANCED_FACE ( 'NONE', ( #5648 ), #4205, .T. ) ;
#5354 = ORIENTED_EDGE ( 'NONE', *, *, #1190, .F. ) ;
#5355 = EDGE_CURVE ( 'NONE', #2836, #724, #1389, .T. ) ;
#5356 = VERTEX_POINT ( 'NONE', #6752 ) ;
#5357 = DIRECTION ( 'NONE',  ( 0.000000000000000000, 1.000000000000000000, 0.000000000000000000 ) ) ;
#5358 = CARTESIAN_POINT ( 'NONE',  ( -12.25000000000000000, 0.000000000000000000, 0.000000000000000000 ) ) ;
#5359 = DIRECTION ( 'NONE',  ( 0.000000000000000000, 0.000000000000000000, 1.000000000000000000 ) ) ;
#5360 = AXIS2_PLACEMENT_3D ( 'NONE', #1075, #3225, #2536 ) ;
#5361 = CARTESIAN_POINT ( 'NONE',  ( 0.4098662319845000068, -2.200000000000000178, 2.719284772119100246 ) ) ;
#5362 = TOROIDAL_SURFACE ( 'NONE', #6386, 0.7699999999999999067, 0.1200000000000000094 ) ;
#5363 = DIRECTION ( 'NONE',  ( 0.000000000000000000, 1.000000000000000000, 0.000000000000000000 ) ) ;
#5364 = ORIENTED_EDGE ( 'NONE', *, *, #1438, .F. ) ;
#5365 = EDGE_CURVE ( 'NONE', #1886, #3814, #1870, .T. ) ;
#5366 = VERTEX_POINT ( 'NONE', #3522 ) ;
#5367 = AXIS2_PLACEMENT_3D ( 'NONE', #1210, #5553, #4840 ) ;
#5368 = ORIENTED_EDGE ( 'NONE', *, *, #6272, .F. ) ;
#5369 = FACE_OUTER_BOUND ( 'NONE', #2301, .T. ) ;
#5370 = CARTESIAN_POINT ( 'NONE',  ( 10.25000000000000000, 0.1200000000000000094, 0.000000000000000000 ) ) ;
#5371 = CARTESIAN_POINT ( 'NONE',  ( 14.00000000000000000, 2.050000000000000266, 0.000000000000000000 ) ) ;
#5372 = ORIENTED_EDGE ( 'NONE', *, *, #4188, .T. ) ;
#5373 = PERSON_AND_ORGANIZATION ( #3525, #887 ) ;
#5374 = VECTOR ( 'NONE', #260, 1000.000000000000000 ) ;
#5375 = ORIENTED_EDGE ( 'NONE', *, *, #3845, .T. ) ;
#5376 = CARTESIAN_POINT ( 'NONE',  ( -1.549130159674960039, 0.000000000000000000, -2.272156629368980330 ) ) ;
#5377 = VERTEX_POINT ( 'NONE', #1794 ) ;
#5378 = DIRECTION ( 'NONE',  ( -1.598721155460230151E-14, 0.000000000000000000, 1.000000000000000000 ) ) ;
#5379 = LINE ( 'NONE', #6510, #1121 ) ;
#5380 = AXIS2_PLACEMENT_3D ( 'NONE', #5211, #3478, #943 ) ;
#5381 = ORIENTED_EDGE ( 'NONE', *, *, #5839, .T. ) ;
#5382 = DIRECTION ( 'NONE',  ( 0.000000000000000000, 0.000000000000000000, -1.000000000000000000 ) ) ;
#5383 = FACE_OUTER_BOUND ( 'NONE', #3136, .T. ) ;
#5384 = EDGE_LOOP ( 'NONE', ( #4427, #304, #5641, #4985 ) ) ;
#5385 = EDGE_LOOP ( 'NONE', ( #648, #4308, #4597, #2735, #2665, #6036 ) ) ;
#5386 = EDGE_CURVE ( 'NONE', #1223, #6902, #5329, .T. ) ;
#5387 = ADVANCED_FACE ( 'NONE', ( #4589 ), #5120, .F. ) ;
#5388 = ADVANCED_FACE ( 'NONE', ( #3381 ), #6343, .T. ) ;
#5389 = DIRECTION ( 'NONE',  ( 0.000000000000000000, 0.000000000000000000, 1.000000000000000000 ) ) ;
#5390 = AXIS2_PLACEMENT_3D ( 'NONE', #2537, #5148, #321 ) ;
#5391 = DIRECTION ( 'NONE',  ( -0.7232010147388765464, 0.000000000000000000, 0.6906375983688255449 ) ) ;
#5392 = CARTESIAN_POINT ( 'NONE',  ( -2.276613085301959938, 2.000519965696100133, -2.483374988984719867 ) ) ;
#5393 = CYLINDRICAL_SURFACE ( 'NONE', #1329, 0.6500000000000000222 ) ;
#5394 = EDGE_CURVE ( 'NONE', #4988, #5356, #5582, .T. ) ;
#5395 = CARTESIAN_POINT ( 'NONE',  ( 0.000000000000000000, -2.200000000000000178, 0.000000000000000000 ) ) ;
#5396 = EDGE_LOOP ( 'NONE', ( #3603, #5825, #2955, #6376 ) ) ;
#5397 = EDGE_CURVE ( 'NONE', #1626, #4747, #6179, .T. ) ;
#5398 = CARTESIAN_POINT ( 'NONE',  ( -2.150036576787090148, -2.200000000000000178, -1.714596955111509891 ) ) ;
#5399 = ORIENTED_EDGE ( 'NONE', *, *, #780, .T. ) ;
#5400 = ORIENTED_EDGE ( 'NONE', *, *, #618, .F. ) ;
#5401 = FACE_OUTER_BOUND ( 'NONE', #5931, .T. ) ;
#5402 = DIRECTION ( 'NONE',  ( 0.000000000000000000, -1.000000000000000000, 0.000000000000000000 ) ) ;
#5403 = CARTESIAN_POINT ( 'NONE',  ( 6.250000000000000000, 0.1200000000000000094, 0.000000000000000000 ) ) ;
#5404 = EDGE_CURVE ( 'NONE', #4710, #3697, #2622, .T. ) ;
#5405 = VERTEX_POINT ( 'NONE', #3418 ) ;
#5406 = COORDINATED_UNIVERSAL_TIME_OFFSET ( 2, 0, .AHEAD. ) ;
#5407 = CIRCLE ( 'NONE', #1367, 0.7699999999999999067 ) ;
#5408 = EDGE_LOOP ( 'NONE', ( #1610, #4659, #6658, #5240 ) ) ;
#5409 = AXIS2_PLACEMENT_3D ( 'NONE', #1108, #4258, #5414 ) ;
#5410 = CARTESIAN_POINT ( 'NONE',  ( -2.199896280059470133, -0.01585379523243457892, 2.493251706487467967 ) ) ;
#5411 = EDGE_LOOP ( 'NONE', ( #1330, #1552, #4352, #3183 ) ) ;
#5412 = ORIENTED_EDGE ( 'NONE', *, *, #5233, .F. ) ;
#5413 = CARTESIAN_POINT ( 'NONE',  ( -1.193180282573270024, 0.5999999999999999778, 2.477664386731659896 ) ) ;
#5414 = DIRECTION ( 'NONE',  ( 0.000000000000000000, 0.000000000000000000, 1.000000000000000000 ) ) ;
#5415 = AXIS2_PLACEMENT_3D ( 'NONE', #5051, #6786, #6109 ) ;
#5416 = DIRECTION ( 'NONE',  ( 0.000000000000000000, 0.000000000000000000, 1.000000000000000000 ) ) ;
#5417 = CIRCLE ( 'NONE', #5765, 0.6500000000000000222 ) ;
#5418 = VERTEX_POINT ( 'NONE', #5155 ) ;
#5419 = CARTESIAN_POINT ( 'NONE',  ( -12.25000000000000000, 2.050000000000000266, 0.7699999999999999067 ) ) ;
#5420 = CIRCLE ( 'NONE', #3172, 0.7699999999999999067 ) ;
#5421 = CYLINDRICAL_SURFACE ( 'NONE', #3069, 0.1199999999999997319 ) ;
#5422 = VERTEX_POINT ( 'NONE', #329 ) ;
#5423 = CARTESIAN_POINT ( 'NONE',  ( 14.08571428571429962, 2.050000000000000266, -1.998162421132100075 ) ) ;
#5424 = AXIS2_PLACEMENT_3D ( 'NONE', #5322, #521, #4786 ) ;
#5425 = VERTEX_POINT ( 'NONE', #6104 ) ;
#5426 = DIRECTION ( 'NONE',  ( -0.9990812105660493714, 0.000000000000000000, 0.04285714285714280897 ) ) ;
#5427 = DIRECTION ( 'NONE',  ( 0.000000000000000000, -1.000000000000000000, 0.000000000000000000 ) ) ;
#5428 = CIRCLE ( 'NONE', #2963, 2.100000000000000089 ) ;
#5429 = EDGE_CURVE ( 'NONE', #2036, #1034, #6636, .T. ) ;
#5430 = FACE_OUTER_BOUND ( 'NONE', #3323, .T. ) ;
#5431 = DIRECTION ( 'NONE',  ( 0.000000000000000000, -1.000000000000000000, 0.000000000000000000 ) ) ;
#5432 = CIRCLE ( 'NONE', #3976, 0.7699999999999999067 ) ;
#5433 = ORIENTED_EDGE ( 'NONE', *, *, #1683, .F. ) ;
#5434 = DIRECTION ( 'NONE',  ( 0.000000000000000000, 0.000000000000000000, -1.000000000000000000 ) ) ;
#5435 = ORIENTED_EDGE ( 'NONE', *, *, #2471, .T. ) ;
#5436 = EDGE_CURVE ( 'NONE', #6568, #2277, #6806, .T. ) ;
#5437 = EDGE_CURVE ( 'NONE', #1270, #3224, #3950, .T. ) ;
#5438 = ORIENTED_EDGE ( 'NONE', *, *, #3407, .F. ) ;
#5439 = ADVANCED_FACE ( 'NONE', ( #6674 ), #6114, .T. ) ;
#5440 = DIRECTION ( 'NONE',  ( 0.000000000000000000, -1.000000000000000000, 0.000000000000000000 ) ) ;
#5441 = FACE_OUTER_BOUND ( 'NONE', #6295, .T. ) ;
#5442 = DIRECTION ( 'NONE',  ( 0.6906375983688256559, 0.000000000000000000, 0.7232010147388766574 ) ) ;
#5443 = CIRCLE ( 'NONE', #947, 0.6500000000000000222 ) ;
#5444 = ORIENTED_EDGE ( 'NONE', *, *, #195, .T. ) ;
#5445 = ORIENTED_EDGE ( 'NONE', *, *, #239, .T. ) ;
#5446 = CARTESIAN_POINT ( 'NONE',  ( -2.190082047064548121, -0.002480564970578726103, 2.501857441250833869 ) ) ;
#5447 = ORIENTED_EDGE ( 'NONE', *, *, #1521, .F. ) ;
#5448 = TOROIDAL_SURFACE ( 'NONE', #2299, 0.7699999999999999067, 0.1200000000000000094 ) ;
#5449 = ADVANCED_FACE ( 'NONE', ( #3991 ), #4230, .F. ) ;
#5450 = ORIENTED_EDGE ( 'NONE', *, *, #4038, .F. ) ;
#5451 = CARTESIAN_POINT ( 'NONE',  ( 2.276541277376360028, 0.04955082855549709786, 2.483406930441729887 ) ) ;
#5452 = CARTESIAN_POINT ( 'NONE',  ( 0.000000000000000000, 0.000000000000000000, 0.000000000000000000 ) ) ;
#5453 = DIRECTION ( 'NONE',  ( 0.000000000000000000, 0.000000000000000000, 1.000000000000000000 ) ) ;
#5454 = ORIENTED_EDGE ( 'NONE', *, *, #5226, .T. ) ;
#5455 = TOROIDAL_SURFACE ( 'NONE', #6363, 0.7699999999999999067, 0.1200000000000000094 ) ;
#5456 = DIRECTION ( 'NONE',  ( 0.000000000000000000, 1.000000000000000000, 0.000000000000000000 ) ) ;
#5457 = DIRECTION ( 'NONE',  ( 0.000000000000000000, -1.000000000000000000, 0.000000000000000000 ) ) ;
#5458 = CARTESIAN_POINT ( 'NONE',  ( 0.8105767296299509761, 0.000000000000000000, -2.627825215911899548 ) ) ;
#5459 = ORIENTED_EDGE ( 'NONE', *, *, #5318, .T. ) ;
#5460 = DIRECTION ( 'NONE',  ( 0.000000000000000000, 0.000000000000000000, -1.000000000000000000 ) ) ;
#5461 = ORIENTED_EDGE ( 'NONE', *, *, #5576, .T. ) ;
#5462 = CARTESIAN_POINT ( 'NONE',  ( 0.000000000000000000, 0.5999999999999999778, 0.000000000000000000 ) ) ;
#5463 = CARTESIAN_POINT ( 'NONE',  ( 2.352428868021903430, -0.1152494319502754688, 2.350126839035250992 ) ) ;
#5464 = DIRECTION ( 'NONE',  ( 0.000000000000000000, 0.000000000000000000, 1.000000000000000000 ) ) ;
#5465 = CARTESIAN_POINT ( 'NONE',  ( -2.223634878751290067, 2.050000000000000266, 2.507004771834460133 ) ) ;
#5466 = CIRCLE ( 'NONE', #296, 2.600000000000000089 ) ;
#5467 = LINE ( 'NONE', #5361, #4477 ) ;
#5468 = VECTOR ( 'NONE', #3600, 999.9999999999998863 ) ;
#5469 = CARTESIAN_POINT ( 'NONE',  ( 1.786042650225280193, 0.5999999999999999778, -1.104559483041209988 ) ) ;
#5470 = ORIENTED_EDGE ( 'NONE', *, *, #3277, .T. ) ;
#5471 = EDGE_CURVE ( 'NONE', #499, #6581, #6567, .T. ) ;
#5472 = AXIS2_PLACEMENT_3D ( 'NONE', #6592, #3906, #5001 ) ;
#5473 = DIRECTION ( 'NONE',  ( 0.000000000000000000, 0.000000000000000000, 1.000000000000000000 ) ) ;
#5474 = ORIENTED_EDGE ( 'NONE', *, *, #5013, .F. ) ;
#5475 = CARTESIAN_POINT ( 'NONE',  ( 0.3756907751836490172, 0.000000000000000000, -2.066121110061540200 ) ) ;
#5476 = DIRECTION ( 'NONE',  ( 0.000000000000000000, 0.000000000000000000, 1.000000000000000000 ) ) ;
#5477 = VECTOR ( 'NONE', #2457, 1000.000000000000000 ) ;
#5478 = DIRECTION ( 'NONE',  ( 0.000000000000000000, 1.000000000000000000, 0.000000000000000000 ) ) ;
#5479 = ORIENTED_EDGE ( 'NONE', *, *, #3368, .T. ) ;
#5480 = EDGE_CURVE ( 'NONE', #2950, #4126, #153, .T. ) ;
#5481 = ADVANCED_FACE ( 'NONE', ( #3170 ), #429, .F. ) ;
#5482 = EDGE_CURVE ( 'NONE', #2346, #3151, #5432, .T. ) ;
#5483 = EDGE_LOOP ( 'NONE', ( #1920, #5459, #3360, #2204 ) ) ;
#5484 = CARTESIAN_POINT ( 'NONE',  ( 0.000000000000000000, 2.050000000000000266, 0.000000000000000000 ) ) ;
#5485 = ORIENTED_EDGE ( 'NONE', *, *, #6564, .F. ) ;
#5486 = AXIS2_PLACEMENT_3D ( 'NONE', #5507, #4863, #1061 ) ;
#5487 = ORIENTED_EDGE ( 'NONE', *, *, #1265, .F. ) ;
#5488 = CARTESIAN_POINT ( 'NONE',  ( 1.683889348827610506E-16, 1.449999999999999956, -1.375000000000000000 ) ) ;
#5489 = CARTESIAN_POINT ( 'NONE',  ( -2.297887837447571968, 2.150950779431966886, -2.404130993605304134 ) ) ;
#5490 = CARTESIAN_POINT ( 'NONE',  ( 0.000000000000000000, 0.5999999999999999778, 0.000000000000000000 ) ) ;
#5491 = AXIS2_PLACEMENT_3D ( 'NONE', #2683, #5926, #4302 ) ;
#5492 = VERTEX_POINT ( 'NONE', #4723 ) ;
#5493 = LINE ( 'NONE', #733, #6963 ) ;
#5494 = PLANE ( 'NONE',  #1382 ) ;
#5495 = DIRECTION ( 'NONE',  ( -1.000000000000000000, 0.000000000000000000, 0.000000000000000000 ) ) ;
#5496 = VERTEX_POINT ( 'NONE', #2040 ) ;
#5497 = VECTOR ( 'NONE', #5798, 1000.000000000000000 ) ;
#5498 = CARTESIAN_POINT ( 'NONE',  ( 1.381119163458450094, 0.000000000000000000, -1.581932317239849839 ) ) ;
#5499 = EDGE_LOOP ( 'NONE', ( #6899, #4536 ) ) ;
#5500 = EDGE_CURVE ( 'NONE', #1717, #2834, #2512, .T. ) ;
#5501 = DIRECTION ( 'NONE',  ( 0.000000000000000000, 0.000000000000000000, -1.000000000000000000 ) ) ;
#5502 = CIRCLE ( 'NONE', #6289, 0.7699999999999999067 ) ;
#5503 = CARTESIAN_POINT ( 'NONE',  ( -4.250000000000000000, 2.050000000000000266, 0.7699999999999999067 ) ) ;
#5504 = LINE ( 'NONE', #1721, #52 ) ;
#5505 = DIRECTION ( 'NONE',  ( 0.000000000000000000, 0.000000000000000000, 1.000000000000000000 ) ) ;
#5506 = LOCAL_TIME ( 13, 13, 12.00000000000000000, #6373 ) ;
#5507 = CARTESIAN_POINT ( 'NONE',  ( -14.25000000000000000, 1.930000000000000160, -0.7699999999999999067 ) ) ;
#5508 = DIRECTION ( 'NONE',  ( 0.000000000000000000, -1.000000000000000000, 0.000000000000000000 ) ) ;
#5509 = EDGE_LOOP ( 'NONE', ( #1826, #6191, #5301, #5701 ) ) ;
#5510 = DIRECTION ( 'NONE',  ( 0.000000000000000000, 0.000000000000000000, 1.000000000000000000 ) ) ;
#5511 = ORIENTED_EDGE ( 'NONE', *, *, #5797, .T. ) ;
#5512 = DIRECTION ( 'NONE',  ( 0.000000000000000000, 0.000000000000000000, -1.000000000000000000 ) ) ;
#5513 = CARTESIAN_POINT ( 'NONE',  ( 0.8105767296299509761, 0.000000000000000000, -2.627825215911899548 ) ) ;
#5514 = DIRECTION ( 'NONE',  ( 0.000000000000000000, 1.000000000000000000, 0.000000000000000000 ) ) ;
#5515 = VERTEX_POINT ( 'NONE', #2507 ) ;
#5516 = ORIENTED_EDGE ( 'NONE', *, *, #1083, .F. ) ;
#5517 = CARTESIAN_POINT ( 'NONE',  ( -1.193180282573270024, 0.000000000000000000, 2.477664386731659896 ) ) ;
#5518 = ORIENTED_EDGE ( 'NONE', *, *, #1347, .T. ) ;
#5519 = ORIENTED_EDGE ( 'NONE', *, *, #5163, .T. ) ;
#5520 = EDGE_CURVE ( 'NONE', #5145, #6156, #2607, .T. ) ;
#5521 = CARTESIAN_POINT ( 'NONE',  ( 0.000000000000000000, 2.050000000000000266, 0.000000000000000000 ) ) ;
#5522 = CARTESIAN_POINT ( 'NONE',  ( -2.177424789402275795, 2.031029067153277357, -2.512862420388469964 ) ) ;
#5523 = DIRECTION ( 'NONE',  ( 8.881784197001250351E-16, 0.000000000000000000, 1.000000000000000000 ) ) ;
#5524 = APPROVAL ( #2629, 'UNSPECIFIED' ) ;
#5525 = VECTOR ( 'NONE', #3351, 1000.000000000000000 ) ;
#5526 = ORIENTED_EDGE ( 'NONE', *, *, #5954, .T. ) ;
#5527 = CARTESIAN_POINT ( 'NONE',  ( -4.250000000000000000, 0.1200000000000000094, 0.000000000000000000 ) ) ;
#5528 = CARTESIAN_POINT ( 'NONE',  ( 14.08057142857140143, 1.930000000000000160, -1.878272675864170127 ) ) ;
#5529 = DIRECTION ( 'NONE',  ( 0.9716292499909685576, 0.000000000000000000, 0.2365091976266208984 ) ) ;
#5530 = CIRCLE ( 'NONE', #1693, 0.7699999999999999067 ) ;
#5531 = ORIENTED_EDGE ( 'NONE', *, *, #2133, .F. ) ;
#5532 = EDGE_CURVE ( 'NONE', #194, #1431, #3080, .T. ) ;
#5533 = DIRECTION ( 'NONE',  ( 0.000000000000000000, 0.000000000000000000, 1.000000000000000000 ) ) ;
#5534 = EDGE_CURVE ( 'NONE', #6204, #2950, #2736, .T. ) ;
#5535 = VECTOR ( 'NONE', #6977, 1000.000000000000000 ) ;
#5536 = EDGE_CURVE ( 'NONE', #6012, #2655, #6350, .T. ) ;
#5537 = ORIENTED_EDGE ( 'NONE', *, *, #1306, .F. ) ;
#5538 = VECTOR ( 'NONE', #3731, 1000.000000000000000 ) ;
#5539 = DIRECTION ( 'NONE',  ( 0.000000000000000000, -1.000000000000000000, 0.000000000000000000 ) ) ;
#5540 = CARTESIAN_POINT ( 'NONE',  ( -2.262347271939059379, 2.123559590122736207, 2.436751543197546166 ) ) ;
#5541 = DIRECTION ( 'NONE',  ( 0.000000000000000000, 0.000000000000000000, -1.000000000000000000 ) ) ;
#5542 = CARTESIAN_POINT ( 'NONE',  ( -2.299864107986492545, 2.151979102234921282, -2.402258834843427948 ) ) ;
#5543 = EDGE_CURVE ( 'NONE', #5837, #607, #2640, .T. ) ;
#5544 = AXIS2_PLACEMENT_3D ( 'NONE', #5675, #3549, #6202 ) ;
#5545 = LINE ( 'NONE', #6072, #322 ) ;
#5546 = DIRECTION ( 'NONE',  ( -0.3084578147246960222, 0.000000000000000000, -0.9512380230706009021 ) ) ;
#5547 = CARTESIAN_POINT ( 'NONE',  ( -14.25000000000000000, 0.1200000000000000094, 0.7699999999999999067 ) ) ;
#5548 = AXIS2_PLACEMENT_3D ( 'NONE', #962, #2082, #5831 ) ;
#5549 = LINE ( 'NONE', #2865, #5325 ) ;
#5550 = VERTEX_POINT ( 'NONE', #495 ) ;
#5551 = FACE_OUTER_BOUND ( 'NONE', #2847, .T. ) ;
#5552 = VECTOR ( 'NONE', #2892, 1000.000000000000114 ) ;
#5553 = DIRECTION ( 'NONE',  ( 0.000000000000000000, 1.000000000000000000, 0.000000000000000000 ) ) ;
#5554 = ORIENTED_EDGE ( 'NONE', *, *, #661, .F. ) ;
#5555 =( BOUNDED_SURFACE ( )  B_SPLINE_SURFACE ( 3, 2, ( 
 ( #380, #5773, #5869 ),
 ( #1035, #2527, #6298 ),
 ( #4808, #1567, #2124 ),
 ( #1007, #899, #445 ),
 ( #3649, #5275, #2624 ),
 ( #6369, #5305, #414 ),
 ( #4678, #6903, #1990 ),
 ( #5206, #5241, #3152 ) ),
 .UNSPECIFIED., .F., .F., .T. ) 
 B_SPLINE_SURFACE_WITH_KNOTS ( ( 4, 2, 2, 4 ),
 ( 3, 3 ),
 ( 0.0002119878647782310005, 0.0003316592760360350029, 0.0004513306872938400082, 0.0006906735098094489347 ),
 ( -0.0003696151144819019899, 1.000000000000000000 ),
 .UNSPECIFIED. ) 
 GEOMETRIC_REPRESENTATION_ITEM ( )  RATIONAL_B_SPLINE_SURFACE ( (
 ( 1.000039988285789994, 0.9459055051752810472, 1.000000000000000000),
 ( 1.000039935780880018, 0.9459765316508109700, 1.000000000000000000),
 ( 1.000047368364609834, 0.9359220405836530254, 1.000000000000000000),
 ( 1.000070031981219909, 0.9052636398343789637, 1.000000000000000000),
 ( 1.000084696036140031, 0.8854267144145299140, 1.000000000000000000),
 ( 1.000133735697859905, 0.8190878935644149150, 1.000000000000000000),
 ( 1.000173282811329889, 0.7655901983738170324, 1.000000000000000000),
 ( 1.000216595548609977, 0.7069985234259470452, 1.000000000000000000) ) ) 
 REPRESENTATION_ITEM ( '' )  SURFACE ( )  );
#5556 = ORIENTED_EDGE ( 'NONE', *, *, #1213, .F. ) ;
#5557 = CARTESIAN_POINT ( 'NONE',  ( -2.495244324181649542, -3.889575293791750312E-15, 2.375243305987679854 ) ) ;
#5558 = VERTEX_POINT ( 'NONE', #398 ) ;
#5559 = AXIS2_PLACEMENT_3D ( 'NONE', #1609, #3339, #70 ) ;
#5560 = ORIENTED_EDGE ( 'NONE', *, *, #5568, .T. ) ;
#5561 = TOROIDAL_SURFACE ( 'NONE', #3986, 3.445000000000000284, 0.1200000000000000094 ) ;
#5562 = LINE ( 'NONE', #5173, #3645 ) ;
#5563 = CARTESIAN_POINT ( 'NONE',  ( -0.4098662319844609825, 0.5999999999999999778, 2.719284772119110016 ) ) ;
#5564 = DIRECTION ( 'NONE',  ( 0.000000000000000000, 1.000000000000000000, 0.000000000000000000 ) ) ;
#5565 = ORIENTED_EDGE ( 'NONE', *, *, #1073, .T. ) ;
#5566 = CARTESIAN_POINT ( 'NONE',  ( 0.2500000000000000000, 0.000000000000000000, -2.085065946199299969 ) ) ;
#5567 = TOROIDAL_SURFACE ( 'NONE', #283, 0.7699999999999999067, 0.1200000000000000094 ) ;
#5568 = EDGE_CURVE ( 'NONE', #5738, #456, #4756, .T. ) ;
#5569 = CARTESIAN_POINT ( 'NONE',  ( -6.250000000000000000, 0.1200000000000000094, 0.6500000000000000222 ) ) ;
#5570 = CARTESIAN_POINT ( 'NONE',  ( 14.08571428571429962, 2.050000000000000266, -1.998162421132100075 ) ) ;
#5571 = FACE_OUTER_BOUND ( 'NONE', #580, .T. ) ;
#5572 = VERTEX_POINT ( 'NONE', #6919 ) ;
#5573 = DIRECTION ( 'NONE',  ( 0.000000000000000000, -1.000000000000000000, 0.000000000000000000 ) ) ;
#5574 = VERTEX_POINT ( 'NONE', #6384 ) ;
#5575 = CARTESIAN_POINT ( 'NONE',  ( 14.25000000000000000, 1.930000000000000160, -0.7699999999999999067 ) ) ;
#5576 = EDGE_CURVE ( 'NONE', #2928, #5326, #6733, .T. ) ;
#5577 = LINE ( 'NONE', #3988, #2385 ) ;
#5578 = ADVANCED_FACE ( 'NONE', ( #5257 ), #6950, .F. ) ;
#5579 = CYLINDRICAL_SURFACE ( 'NONE', #6874, 0.1199999999999997319 ) ;
#5580 = EDGE_CURVE ( 'NONE', #4990, #2801, #3594, .T. ) ;
#5581 = DIRECTION ( 'NONE',  ( 0.01437157008666590033, 0.000000000000000000, -0.9998967236536201453 ) ) ;
#5582 = LINE ( 'NONE', #6211, #822 ) ;
#5583 = CYLINDRICAL_SURFACE ( 'NONE', #3345, 2.000000000000000000 ) ;
#5584 = DIRECTION ( 'NONE',  ( 0.000000000000000000, 0.000000000000000000, 1.000000000000000000 ) ) ;
#5585 = CARTESIAN_POINT ( 'NONE',  ( -0.9679997763004770661, 0.000000000000000000, -1.863592346271639943 ) ) ;
#5586 = DIRECTION ( 'NONE',  ( 0.000000000000000000, -1.000000000000000000, 0.000000000000000000 ) ) ;
#5587 = ORIENTED_EDGE ( 'NONE', *, *, #5500, .T. ) ;
#5588 = DIRECTION ( 'NONE',  ( 0.000000000000000000, 0.000000000000000000, -1.000000000000000000 ) ) ;
#5589 = VECTOR ( 'NONE', #89, 1000.000000000000000 ) ;
#5590 = CARTESIAN_POINT ( 'NONE',  ( -2.150036576787090148, -2.200000000000000178, -1.714596955111509891 ) ) ;
#5591 = DIRECTION ( 'NONE',  ( 0.000000000000000000, -1.000000000000000000, 0.000000000000000000 ) ) ;
#5592 = ORIENTED_EDGE ( 'NONE', *, *, #659, .F. ) ;
#5593 = ADVANCED_FACE ( 'NONE', ( #6853 ), #5794, .T. ) ;
#5594 = VERTEX_POINT ( 'NONE', #1080 ) ;
#5595 = DIRECTION ( 'NONE',  ( 0.000000000000000000, 0.000000000000000000, 1.000000000000000000 ) ) ;
#5596 = ORIENTED_EDGE ( 'NONE', *, *, #97, .T. ) ;
#5597 = CIRCLE ( 'NONE', #420, 0.1199999999999999956 ) ;
#5598 = ORIENTED_EDGE ( 'NONE', *, *, #2766, .T. ) ;
#5599 = DIRECTION ( 'NONE',  ( 0.000000000000000000, 0.000000000000000000, 1.000000000000000000 ) ) ;
#5600 = DIRECTION ( 'NONE',  ( 0.000000000000000000, -1.000000000000000000, 0.000000000000000000 ) ) ;
#5601 = CARTESIAN_POINT ( 'NONE',  ( 4.250000000000000000, 0.1200000000000000094, 0.000000000000000000 ) ) ;
#5602 = EDGE_LOOP ( 'NONE', ( #2094, #2608, #3793, #3605 ) ) ;
#5603 = CARTESIAN_POINT ( 'NONE',  ( -1.930720077974430016, 0.000000000000000000, 0.8260266221535519371 ) ) ;
#5604 = DIRECTION ( 'NONE',  ( 0.000000000000000000, 1.000000000000000000, 0.000000000000000000 ) ) ;
#5605 = LINE ( 'NONE', #4547, #2859 ) ;
#5606 = VERTEX_POINT ( 'NONE', #4398 ) ;
#5607 = FACE_BOUND ( 'NONE', #204, .T. ) ;
#5608 = VECTOR ( 'NONE', #6458, 999.9999999999998863 ) ;
#5609 = ORIENTED_EDGE ( 'NONE', *, *, #6648, .T. ) ;
#5610 = DIRECTION ( 'NONE',  ( 0.9990812105660493714, 0.000000000000000000, -0.04285714285714280897 ) ) ;
#5611 = CARTESIAN_POINT ( 'NONE',  ( -2.222372219141964589, 2.090926728374282728, 2.473238736390015013 ) ) ;
#5612 = AXIS2_PLACEMENT_3D ( 'NONE', #1259, #6060, #2879 ) ;
#5613 = CARTESIAN_POINT ( 'NONE',  ( -14.25000000000000000, 0.1200000000000000094, 0.000000000000000000 ) ) ;
#5614 = DIRECTION ( 'NONE',  ( 0.000000000000000000, -1.000000000000000000, 0.000000000000000000 ) ) ;
#5615 = EDGE_CURVE ( 'NONE', #6417, #2803, #1605, .T. ) ;
#5616 = EDGE_CURVE ( 'NONE', #4710, #4689, #6023, .T. ) ;
#5617 = LINE ( 'NONE', #3421, #4253 ) ;
#5618 = CIRCLE ( 'NONE', #6512, 0.1199999999999999956 ) ;
#5619 = DIRECTION ( 'NONE',  ( 0.000000000000000000, 0.000000000000000000, 1.000000000000000000 ) ) ;
#5620 = CARTESIAN_POINT ( 'NONE',  ( 0.000000000000000000, 0.5999999999999999778, 0.000000000000000000 ) ) ;
#5621 = LINE ( 'NONE', #297, #3631 ) ;
#5622 = VERTEX_POINT ( 'NONE', #3303 ) ;
#5623 = EDGE_CURVE ( 'NONE', #2803, #1777, #2281, .T. ) ;
#5624 = DIRECTION ( 'NONE',  ( 0.3519251759597359919, 0.000000000000000000, -0.9360281355417200411 ) ) ;
#5625 = CARTESIAN_POINT ( 'NONE',  ( 8.250000000000000000, 1.930000000000000160, 0.000000000000000000 ) ) ;
#5626 = ADVANCED_FACE ( 'NONE', ( #5352 ), #2812, .T. ) ;
#5627 = FACE_OUTER_BOUND ( 'NONE', #3165, .T. ) ;
#5628 = ORIENTED_EDGE ( 'NONE', *, *, #6145, .T. ) ;
#5629 = B_SPLINE_CURVE_WITH_KNOTS ( 'NONE', 3,
 ( #1876, #1910, #2443, #4100, #4596, #6216, #4031, #6756 ),
 .UNSPECIFIED., .F., .F.,
 ( 4, 2, 2, 4 ),
 ( 0.000000000000000000, 0.2499999999999989730, 0.5000000000000001110, 1.000000000000000000 ),
 .UNSPECIFIED. ) ;
#5630 = ORIENTED_EDGE ( 'NONE', *, *, #2430, .F. ) ;
#5631 = CARTESIAN_POINT ( 'NONE',  ( -2.439278249353160177, -4.239885633450819524E-15, 2.405245050716230182 ) ) ;
#5632 = ORIENTED_EDGE ( 'NONE', *, *, #4940, .F. ) ;
#5633 = ORIENTED_EDGE ( 'NONE', *, *, #1170, .T. ) ;
#5634 = DIRECTION ( 'NONE',  ( 0.000000000000000000, -1.000000000000000000, 0.000000000000000000 ) ) ;
#5635 = LINE ( 'NONE', #6266, #746 ) ;
#5636 = DIRECTION ( 'NONE',  ( 0.000000000000000000, -1.000000000000000000, 0.000000000000000000 ) ) ;
#5637 = ORIENTED_EDGE ( 'NONE', *, *, #5109, .F. ) ;
#5638 = CARTESIAN_POINT ( 'NONE',  ( -1.549130159674960039, 0.5999999999999999778, -2.272156629368980330 ) ) ;
#5639 = CARTESIAN_POINT ( 'NONE',  ( -14.25000000000000000, 0.1200000000000000094, -0.6500000000000000222 ) ) ;
#5640 = DIRECTION ( 'NONE',  ( 0.04285714285713616845, 0.000000000000000000, -0.9990812105660494824 ) ) ;
#5641 = ORIENTED_EDGE ( 'NONE', *, *, #4234, .T. ) ;
#5642 = PLANE ( 'NONE',  #1875 ) ;
#5643 = ORIENTED_EDGE ( 'NONE', *, *, #1635, .F. ) ;
#5644 = FACE_OUTER_BOUND ( 'NONE', #2344, .T. ) ;
#5645 = VECTOR ( 'NONE', #1263, 999.9999999999998863 ) ;
#5646 = ORIENTED_EDGE ( 'NONE', *, *, #3756, .F. ) ;
#5647 = DIRECTION ( 'NONE',  ( 0.000000000000000000, 1.000000000000000000, 0.000000000000000000 ) ) ;
#5648 = FACE_OUTER_BOUND ( 'NONE', #5509, .T. ) ;
#5649 = AXIS2_PLACEMENT_3D ( 'NONE', #6751, #4026, #814 ) ;
#5650 = AXIS2_PLACEMENT_3D ( 'NONE', #6837, #5242, #6331 ) ;
#5651 = CARTESIAN_POINT ( 'NONE',  ( -10.25000000000000000, 0.000000000000000000, 0.000000000000000000 ) ) ;
#5652 = LINE ( 'NONE', #6755, #3163 ) ;
#5653 = ADVANCED_FACE ( 'NONE', ( #2746 ), #3203, .F. ) ;
#5654 = DIRECTION ( 'NONE',  ( 0.000000000000000000, -1.000000000000000000, 0.000000000000000000 ) ) ;
#5655 = EDGE_LOOP ( 'NONE', ( #1085, #2089 ) ) ;
#5656 = VECTOR ( 'NONE', #6139, 1000.000000000000000 ) ;
#5657 = CARTESIAN_POINT ( 'NONE',  ( -2.546812290613429841, 2.050000000000000266, 0.5232085209363049882 ) ) ;
#5658 = CARTESIAN_POINT ( 'NONE',  ( 2.252413532882451275, 0.006823685767695630497, 2.446260625880969375 ) ) ;
#5659 = DIRECTION ( 'NONE',  ( 0.000000000000000000, -1.000000000000000000, 0.000000000000000000 ) ) ;
#5660 = VECTOR ( 'NONE', #4473, 1000.000000000000227 ) ;
#5661 = ORIENTED_EDGE ( 'NONE', *, *, #1081, .F. ) ;
#5662 = ADVANCED_FACE ( 'NONE', ( #5383 ), #2742, .T. ) ;
#5663 = EDGE_CURVE ( 'NONE', #6118, #3200, #3083, .T. ) ;
#5664 = CARTESIAN_POINT ( 'NONE',  ( 2.223634878751290067, 1.930000000000000160, 2.507004771834460133 ) ) ;
#5665 = ORIENTED_EDGE ( 'NONE', *, *, #1051, .T. ) ;
#5666 = EDGE_CURVE ( 'NONE', #1258, #4050, #1675, .T. ) ;
#5667 = TOROIDAL_SURFACE ( 'NONE', #6795, 0.7699999999999999067, 0.1200000000000000094 ) ;
#5668 = ORIENTED_EDGE ( 'NONE', *, *, #3926, .F. ) ;
#5669 = CARTESIAN_POINT ( 'NONE',  ( 0.000000000000000000, 0.5999999999999999778, 0.000000000000000000 ) ) ;
#5670 = DIRECTION ( 'NONE',  ( 0.6121892641637388666, 0.000000000000000000, 0.7907112651547718585 ) ) ;
#5671 = FACE_OUTER_BOUND ( 'NONE', #5907, .T. ) ;
#5672 = VERTEX_POINT ( 'NONE', #6481 ) ;
#5673 = DIRECTION ( 'NONE',  ( 0.000000000000000000, -1.000000000000000000, 0.000000000000000000 ) ) ;
#5674 = AXIS2_PLACEMENT_3D ( 'NONE', #3638, #1459, #5762 ) ;
#5675 = CARTESIAN_POINT ( 'NONE',  ( -2.495244324181649542, -0.1200000000000000094, -2.375243305987679854 ) ) ;
#5676 = ADVANCED_FACE ( 'NONE', ( #4328 ), #2136, .F. ) ;
#5677 = DIRECTION ( 'NONE',  ( 0.04285714285714280897, 0.000000000000000000, -0.9990812105660493714 ) ) ;
#5678 = VECTOR ( 'NONE', #1615, 1000.000000000000227 ) ;
#5679 = ORIENTED_EDGE ( 'NONE', *, *, #3926, .T. ) ;
#5680 = CARTESIAN_POINT ( 'NONE',  ( 2.408327262351751763, -0.1200627189708289022, -2.292506250026109971 ) ) ;
#5681 = DIRECTION ( 'NONE',  ( 0.000000000000000000, 0.000000000000000000, -1.000000000000000000 ) ) ;
#5682 = VECTOR ( 'NONE', #1107, 1000.000000000000000 ) ;
#5683 = ORIENTED_EDGE ( 'NONE', *, *, #3040, .T. ) ;
#5684 = CARTESIAN_POINT ( 'NONE',  ( -2.097918202319720038, 0.5999999999999999778, 0.09348377600196260129 ) ) ;
#5685 = ADVANCED_FACE ( 'NONE', ( #139 ), #4893, .F. ) ;
#5686 = ORIENTED_EDGE ( 'NONE', *, *, #6745, .F. ) ;
#5687 = DIRECTION ( 'NONE',  ( 0.000000000000000000, 0.000000000000000000, 1.000000000000000000 ) ) ;
#5688 = DIRECTION ( 'NONE',  ( -0.9908706747644335788, 0.000000000000000000, 0.1348158221125249634 ) ) ;
#5689 = AXIS2_PLACEMENT_3D ( 'NONE', #946, #5344, #6876 ) ;
#5690 = DIRECTION ( 'NONE',  ( -0.9990812105660493714, 0.000000000000000000, -0.04285714285714280897 ) ) ;
#5691 = CARTESIAN_POINT ( 'NONE',  ( 0.000000000000000000, 0.5999999999999999778, 0.000000000000000000 ) ) ;
#5692 = DIRECTION ( 'NONE',  ( 0.000000000000000000, -1.000000000000000000, 0.000000000000000000 ) ) ;
#5693 = ORIENTED_EDGE ( 'NONE', *, *, #3416, .F. ) ;
#5694 = LINE ( 'NONE', #1950, #972 ) ;
#5695 = CARTESIAN_POINT ( 'NONE',  ( -2.301618416106629983, 2.012581652759290129, 2.471931045067589761 ) ) ;
#5696 = DIRECTION ( 'NONE',  ( 0.000000000000000000, 1.000000000000000000, 0.000000000000000000 ) ) ;
#5697 = ORIENTED_EDGE ( 'NONE', *, *, #6017, .T. ) ;
#5698 = CARTESIAN_POINT ( 'NONE',  ( -2.299864107986488548, -0.1019791022349229026, 2.402258834843431057 ) ) ;
#5699 = ORIENTED_EDGE ( 'NONE', *, *, #2894, .F. ) ;
#5700 = TOROIDAL_SURFACE ( 'NONE', #2651, 0.7699999999999999067, 0.1200000000000000094 ) ;
#5701 = ORIENTED_EDGE ( 'NONE', *, *, #6358, .F. ) ;
#5702 = CARTESIAN_POINT ( 'NONE',  ( 8.250000000000000000, 2.050000000000000266, 0.000000000000000000 ) ) ;
#5703 = DIRECTION ( 'NONE',  ( 0.000000000000000000, 0.000000000000000000, 1.000000000000000000 ) ) ;
#5704 = DIRECTION ( 'NONE',  ( 0.000000000000000000, -1.000000000000000000, 0.000000000000000000 ) ) ;
#5705 = ADVANCED_FACE ( 'NONE', ( #4822 ), #5421, .T. ) ;
#5706 = ADVANCED_FACE ( 'NONE', ( #2704 ), #3791, .F. ) ;
#5707 = ORIENTED_EDGE ( 'NONE', *, *, #5187, .T. ) ;
#5708 = CARTESIAN_POINT ( 'NONE',  ( 12.25000000000000000, 0.1200000000000000094, -0.6500000000000000222 ) ) ;
#5709 = VECTOR ( 'NONE', #2548, 1000.000000000000227 ) ;
#5710 = CARTESIAN_POINT ( 'NONE',  ( -14.08057142857140143, 2.050000000000000266, 1.878272675864170127 ) ) ;
#5711 = CARTESIAN_POINT ( 'NONE',  ( 12.25000000000000000, 2.050000000000000266, 0.7699999999999999067 ) ) ;
#5712 = DIRECTION ( 'NONE',  ( 0.000000000000000000, 1.000000000000000000, 0.000000000000000000 ) ) ;
#5713 = AXIS2_PLACEMENT_3D ( 'NONE', #5316, #6878, #2031 ) ;
#5714 = ORIENTED_EDGE ( 'NONE', *, *, #4765, .T. ) ;
#5715 = LINE ( 'NONE', #1303, #1637 ) ;
#5716 = CARTESIAN_POINT ( 'NONE',  ( 14.08057142857140143, 0.000000000000000000, 1.878272675864170127 ) ) ;
#5717 = AXIS2_PLACEMENT_3D ( 'NONE', #5601, #6198, #799 ) ;
#5718 = EDGE_CURVE ( 'NONE', #5899, #5866, #3727, .T. ) ;
#5719 = ORIENTED_EDGE ( 'NONE', *, *, #967, .F. ) ;
#5720 = CARTESIAN_POINT ( 'NONE',  ( -14.00000000000000000, 2.050000000000000266, 0.000000000000000000 ) ) ;
#5721 = ORIENTED_EDGE ( 'NONE', *, *, #5480, .F. ) ;
#5722 = DIRECTION ( 'NONE',  ( 0.04285714285713616845, 0.000000000000000000, -0.9990812105660494824 ) ) ;
#5723 = DIRECTION ( 'NONE',  ( 0.000000000000000000, 0.000000000000000000, 1.000000000000000000 ) ) ;
#5724 = AXIS2_PLACEMENT_3D ( 'NONE', #2158, #6466, #4876 ) ;
#5725 = EDGE_CURVE ( 'NONE', #2759, #4148, #6676, .T. ) ;
#5726 = DIRECTION ( 'NONE',  ( -0.2365091976266211204, 0.000000000000000000, 0.9716292499909684466 ) ) ;
#5727 = AXIS2_PLACEMENT_3D ( 'NONE', #5527, #6660, #173 ) ;
#5728 = CARTESIAN_POINT ( 'NONE',  ( 8.250000000000000000, 1.930000000000000160, -0.6500000000000000222 ) ) ;
#5729 = ORIENTED_EDGE ( 'NONE', *, *, #5055, .F. ) ;
#5730 = AXIS2_PLACEMENT_3D ( 'NONE', #2563, #6770, #3059 ) ;
#5731 = DIRECTION ( 'NONE',  ( 0.000000000000000000, 0.000000000000000000, 1.000000000000000000 ) ) ;
#5732 = FACE_OUTER_BOUND ( 'NONE', #907, .T. ) ;
#5733 = DIRECTION ( 'NONE',  ( 0.000000000000000000, 0.000000000000000000, 1.000000000000000000 ) ) ;
#5734 = VERTEX_POINT ( 'NONE', #1750 ) ;
#5735 = VECTOR ( 'NONE', #6875, 1000.000000000000000 ) ;
#5736 = CARTESIAN_POINT ( 'NONE',  ( 4.250000000000000000, -2.200000000000000178, 0.000000000000000000 ) ) ;
#5737 = ORIENTED_EDGE ( 'NONE', *, *, #700, .F. ) ;
#5738 = VERTEX_POINT ( 'NONE', #6626 ) ;
#5739 = DIRECTION ( 'NONE',  ( 0.000000000000000000, 1.000000000000000000, 0.000000000000000000 ) ) ;
#5740 = DIRECTION ( 'NONE',  ( 0.000000000000000000, -1.000000000000000000, 0.000000000000000000 ) ) ;
#5741 = CARTESIAN_POINT ( 'NONE',  ( 2.408327250480109871, 2.169999999999999929, -2.292506238725410039 ) ) ;
#5742 = ORIENTED_EDGE ( 'NONE', *, *, #1645, .T. ) ;
#5743 = CARTESIAN_POINT ( 'NONE',  ( -2.279446147510249876, 2.050000000000000266, 1.250649935273919988 ) ) ;
#5744 = DIRECTION ( 'NONE',  ( 0.000000000000000000, 1.000000000000000000, 0.000000000000000000 ) ) ;
#5745 = CARTESIAN_POINT ( 'NONE',  ( -2.439542877549159883, -7.133695157621540016E-16, -2.405103189165460176 ) ) ;
#5746 = ADVANCED_FACE ( 'NONE', ( #699 ), #3606, .T. ) ;
#5747 = ORIENTED_EDGE ( 'NONE', *, *, #2151, .F. ) ;
#5748 = APPROVAL ( #6408, 'UNSPECIFIED' ) ;
#5749 = CARTESIAN_POINT ( 'NONE',  ( 0.4387970903225830166, 0.000000000000000000, 2.583568165547140083 ) ) ;
#5750 = DIRECTION ( 'NONE',  ( 0.000000000000000000, 0.000000000000000000, -1.000000000000000000 ) ) ;
#5751 = EDGE_LOOP ( 'NONE', ( #3213, #763, #264, #568, #2936, #1339 ) ) ;
#5752 = DIRECTION ( 'NONE',  ( 0.000000000000000000, 1.000000000000000000, 0.000000000000000000 ) ) ;
#5753 = ORIENTED_EDGE ( 'NONE', *, *, #4868, .T. ) ;
#5754 = EDGE_CURVE ( 'NONE', #86, #3925, #2137, .T. ) ;
#5755 = DIRECTION ( 'NONE',  ( 0.000000000000000000, 1.000000000000000000, 0.000000000000000000 ) ) ;
#5756 = CARTESIAN_POINT ( 'NONE',  ( 10.25000000000000000, -2.200000000000000178, 0.000000000000000000 ) ) ;
#5757 = EDGE_CURVE ( 'NONE', #607, #2795, #3903, .T. ) ;
#5758 = EDGE_CURVE ( 'NONE', #1509, #732, #6891, .T. ) ;
#5759 = CARTESIAN_POINT ( 'NONE',  ( -2.495244324181649542, 0.000000000000000000, 2.375243305987679854 ) ) ;
#5760 = VECTOR ( 'NONE', #1585, 1000.000000000000114 ) ;
#5761 = LINE ( 'NONE', #1024, #360 ) ;
#5762 = DIRECTION ( 'NONE',  ( 0.000000000000000000, 0.000000000000000000, 1.000000000000000000 ) ) ;
#5763 = AXIS2_PLACEMENT_3D ( 'NONE', #4131, #6286, #2012 ) ;
#5764 = LINE ( 'NONE', #4562, #5468 ) ;
#5765 = AXIS2_PLACEMENT_3D ( 'NONE', #3333, #1706, #6585 ) ;
#5766 = FACE_OUTER_BOUND ( 'NONE', #2347, .T. ) ;
#5767 = CYLINDRICAL_SURFACE ( 'NONE', #5193, 0.6500000000000000222 ) ;
#5768 = VERTEX_POINT ( 'NONE', #1786 ) ;
#5769 = VECTOR ( 'NONE', #5426, 999.9999999999998863 ) ;
#5770 = LINE ( 'NONE', #1025, #2983 ) ;
#5771 = ORIENTED_EDGE ( 'NONE', *, *, #3712, .F. ) ;
#5772 = ORIENTED_EDGE ( 'NONE', *, *, #6737, .F. ) ;
#5773 = CARTESIAN_POINT ( 'NONE',  ( 2.182505308773568409, 1.930000000000002824, 2.508769088726363172 ) ) ;
#5774 = DIRECTION ( 'NONE',  ( 0.000000000000000000, 1.000000000000000000, 0.000000000000000000 ) ) ;
#5775 = VECTOR ( 'NONE', #6168, 1000.000000000000000 ) ;
#5776 = CYLINDRICAL_SURFACE ( 'NONE', #1760, 0.6500000000000000222 ) ;
#5777 = AXIS2_PLACEMENT_3D ( 'NONE', #6898, #6862, #6932 ) ;
#5778 = ORIENTED_EDGE ( 'NONE', *, *, #6441, .F. ) ;
#5779 = CARTESIAN_POINT ( 'NONE',  ( 0.000000000000000000, 0.5999999999999999778, 0.000000000000000000 ) ) ;
#5780 = CARTESIAN_POINT ( 'NONE',  ( -0.7120690446198220114, 0.000000000000000000, -2.500591465172629757 ) ) ;
#5781 = CARTESIAN_POINT ( 'NONE',  ( -2.151101281907991769, 0.1200000000000000094, -2.535426662114221852 ) ) ;
#5782 = AXIS2_PLACEMENT_3D ( 'NONE', #2223, #5586, #2334 ) ;
#5783 = ORIENTED_EDGE ( 'NONE', *, *, #6280, .T. ) ;
#5784 = CARTESIAN_POINT ( 'NONE',  ( 2.351589171965990044, -0.1200000000000003009, -2.352110813978997239 ) ) ;
#5785 = DIRECTION ( 'NONE',  ( 0.000000000000000000, 0.000000000000000000, 1.000000000000000000 ) ) ;
#5786 = AXIS2_PLACEMENT_3D ( 'NONE', #4197, #3138, #5723 ) ;
#5787 = EDGE_LOOP ( 'NONE', ( #1622, #5897, #3393, #5516 ) ) ;
#5788 = ADVANCED_FACE ( 'NONE', ( #5571 ), #6095, .F. ) ;
#5789 = VECTOR ( 'NONE', #3604, 1000.000000000000114 ) ;
#5790 = CARTESIAN_POINT ( 'NONE',  ( 2.150036576787059950, -2.200000000000000178, -1.714596955111539867 ) ) ;
#5791 = ORIENTED_EDGE ( 'NONE', *, *, #4556, .T. ) ;
#5792 = LINE ( 'NONE', #955, #6212 ) ;
#5793 = DIRECTION ( 'NONE',  ( 0.8180576496984592882, 0.000000000000000000, 0.5751362288795871525 ) ) ;
#5794 = TOROIDAL_SURFACE ( 'NONE', #5559, 0.7699999999999999067, 0.1200000000000000094 ) ;
#5795 = AXIS2_PLACEMENT_3D ( 'NONE', #4846, #2274, #3295 ) ;
#5796 = EDGE_CURVE ( 'NONE', #3234, #1015, #3826, .T. ) ;
#5797 = EDGE_CURVE ( 'NONE', #3462, #6235, #3979, .T. ) ;
#5798 = DIRECTION ( 'NONE',  ( 0.000000000000000000, -1.000000000000000000, 0.000000000000000000 ) ) ;
#5799 = EDGE_CURVE ( 'NONE', #2701, #1344, #2600, .T. ) ;
#5800 = DIRECTION ( 'NONE',  ( 1.000000000000000000, -0.000000000000000000, 1.224646799147353207E-16 ) ) ;
#5801 = CIRCLE ( 'NONE', #2637, 0.6500000000000000222 ) ;
#5802 = DIRECTION ( 'NONE',  ( 0.000000000000000000, 0.000000000000000000, 1.000000000000000000 ) ) ;
#5803 = CYLINDRICAL_SURFACE ( 'NONE', #4575, 2.100000000000000089 ) ;
#5804 = DIRECTION ( 'NONE',  ( 0.000000000000000000, 1.000000000000000000, 0.000000000000000000 ) ) ;
#5805 = AXIS2_PLACEMENT_3D ( 'NONE', #1832, #6070, #4516 ) ;
#5806 = DIRECTION ( 'NONE',  ( 0.4467872664211990918, 0.000000000000000000, 0.8946402285633441309 ) ) ;
#5807 = EDGE_LOOP ( 'NONE', ( #71, #4905, #19, #3666 ) ) ;
#5808 = ORIENTED_EDGE ( 'NONE', *, *, #403, .F. ) ;
#5809 = EDGE_LOOP ( 'NONE', ( #1520, #679, #825, #5609 ) ) ;
#5810 = DIRECTION ( 'NONE',  ( 0.9990812105660493714, 0.000000000000000000, 0.04285714285714280897 ) ) ;
#5811 = CARTESIAN_POINT ( 'NONE',  ( 14.08571428571429962, 2.050000000000000266, 1.998162421132100075 ) ) ;
#5812 = DIRECTION ( 'NONE',  ( 0.000000000000000000, 0.000000000000000000, 1.000000000000000000 ) ) ;
#5813 = EDGE_CURVE ( 'NONE', #2795, #1181, #1824, .T. ) ;
#5814 = ORIENTED_EDGE ( 'NONE', *, *, #3045, .F. ) ;
#5815 = DIRECTION ( 'NONE',  ( -0.2365091976266340545, 0.000000000000000000, -0.9716292499909652269 ) ) ;
#5816 = DIRECTION ( 'NONE',  ( 0.000000000000000000, 0.000000000000000000, 1.000000000000000000 ) ) ;
#5817 = CIRCLE ( 'NONE', #4007, 1.375000000000000000 ) ;
#5818 = CARTESIAN_POINT ( 'NONE',  ( 2.786071468060228663E-16, 1.449999999999999956, -2.274999999999999911 ) ) ;
#5819 = ORIENTED_EDGE ( 'NONE', *, *, #2469, .T. ) ;
#5820 = DIRECTION ( 'NONE',  ( 0.000000000000000000, -1.000000000000000000, 0.000000000000000000 ) ) ;
#5821 = CYLINDRICAL_SURFACE ( 'NONE', #3483, 0.6500000000000000222 ) ;
#5822 = CARTESIAN_POINT ( 'NONE',  ( -0.4098662319844609825, 0.5999999999999999778, 2.719284772119110016 ) ) ;
#5823 = VERTEX_POINT ( 'NONE', #6964 ) ;
#5824 = CARTESIAN_POINT ( 'NONE',  ( 1.474297749295910176, 0.5999999999999999778, -1.495475224275219839 ) ) ;
#5825 = ORIENTED_EDGE ( 'NONE', *, *, #1996, .T. ) ;
#5826 = AXIS2_PLACEMENT_3D ( 'NONE', #4156, #423, #3161 ) ;
#5827 = ORIENTED_EDGE ( 'NONE', *, *, #6922, .F. ) ;
#5828 = DIRECTION ( 'NONE',  ( 0.000000000000000000, 0.000000000000000000, 1.000000000000000000 ) ) ;
#5829 = CARTESIAN_POINT ( 'NONE',  ( 2.322139482117948628, 2.072169601429902031, -2.380723423415953111 ) ) ;
#5830 = VECTOR ( 'NONE', #4572, 1000.000000000000000 ) ;
#5831 = DIRECTION ( 'NONE',  ( 0.000000000000000000, 0.000000000000000000, 1.000000000000000000 ) ) ;
#5832 = EDGE_CURVE ( 'NONE', #3592, #1074, #2034, .T. ) ;
#5833 = DIRECTION ( 'NONE',  ( -1.000000000000000000, 0.000000000000000000, 0.000000000000000000 ) ) ;
#5834 = AXIS2_PLACEMENT_3D ( 'NONE', #4949, #6575, #3813 ) ;
#5835 = DIRECTION ( 'NONE',  ( 0.000000000000000000, 0.000000000000000000, -1.000000000000000000 ) ) ;
#5836 = DIRECTION ( 'NONE',  ( 0.000000000000000000, -1.000000000000000000, 0.000000000000000000 ) ) ;
#5837 = VERTEX_POINT ( 'NONE', #2016 ) ;
#5838 = ORIENTED_EDGE ( 'NONE', *, *, #4068, .F. ) ;
#5839 = EDGE_CURVE ( 'NONE', #6885, #1305, #1497, .T. ) ;
#5840 = ADVANCED_FACE ( 'NONE', ( #6425 ), #1560, .F. ) ;
#5841 = ORIENTED_EDGE ( 'NONE', *, *, #4368, .F. ) ;
#5842 = EDGE_CURVE ( 'NONE', #5037, #724, #5863, .T. ) ;
#5843 = DIRECTION ( 'NONE',  ( 0.000000000000000000, -1.000000000000000000, 0.000000000000000000 ) ) ;
#5844 = DIRECTION ( 'NONE',  ( 0.000000000000000000, 1.000000000000000000, 0.000000000000000000 ) ) ;
#5845 = FACE_BOUND ( 'NONE', #3467, .T. ) ;
#5846 = ORIENTED_EDGE ( 'NONE', *, *, #6881, .T. ) ;
#5847 = VECTOR ( 'NONE', #6826, 1000.000000000000227 ) ;
#5848 =( NAMED_UNIT ( * ) SI_UNIT ( $, .STERADIAN. ) SOLID_ANGLE_UNIT ( ) );
#5849 = CARTESIAN_POINT ( 'NONE',  ( 0.000000000000000000, 0.5999999999999999778, 0.000000000000000000 ) ) ;
#5850 = ORIENTED_EDGE ( 'NONE', *, *, #3807, .T. ) ;
#5851 = DIRECTION ( 'NONE',  ( -0.7727902103833029779, 0.000000000000000000, -0.6346615560562418601 ) ) ;
#5852 = DIRECTION ( 'NONE',  ( 0.000000000000000000, -1.000000000000000000, 0.000000000000000000 ) ) ;
#5853 = EDGE_LOOP ( 'NONE', ( #4524, #6009 ) ) ;
#5854 = FACE_OUTER_BOUND ( 'NONE', #2258, .T. ) ;
#5855 = VERTEX_POINT ( 'NONE', #4802 ) ;
#5856 = CARTESIAN_POINT ( 'NONE',  ( 2.276613085301959938, 0.04948003430390490731, -2.483374988984719867 ) ) ;
#5857 = ORIENTED_EDGE ( 'NONE', *, *, #6880, .F. ) ;
#5858 = ORIENTED_EDGE ( 'NONE', *, *, #5185, .F. ) ;
#5859 = DIRECTION ( 'NONE',  ( 0.000000000000000000, 1.000000000000000000, 0.000000000000000000 ) ) ;
#5860 = DIRECTION ( 'NONE',  ( 0.000000000000000000, 0.000000000000000000, 1.000000000000000000 ) ) ;
#5861 = DIRECTION ( 'NONE',  ( -0.04285714285713616845, 0.000000000000000000, -0.9990812105660494824 ) ) ;
#5862 = DIRECTION ( 'NONE',  ( 0.9990812105660495934, -7.744301232038114901E-17, 0.04285714285713617538 ) ) ;
#5863 = LINE ( 'NONE', #3181, #4399 ) ;
#5864 = ORIENTED_EDGE ( 'NONE', *, *, #453, .T. ) ;
#5865 = EDGE_CURVE ( 'NONE', #1, #732, #5334, .T. ) ;
#5866 = VERTEX_POINT ( 'NONE', #507 ) ;
#5867 = CIRCLE ( 'NONE', #2823, 0.1199999999999999956 ) ;
#5868 = EDGE_LOOP ( 'NONE', ( #2271, #1368, #2335 ) ) ;
#5869 = CARTESIAN_POINT ( 'NONE',  ( 2.223634878751290067, 1.930000000000000160, 2.507004771834460133 ) ) ;
#5870 = CARTESIAN_POINT ( 'NONE',  ( 0.000000000000000000, 0.000000000000000000, 0.000000000000000000 ) ) ;
#5871 = DIRECTION ( 'NONE',  ( 0.000000000000000000, 0.000000000000000000, -1.000000000000000000 ) ) ;
#5872 = AXIS2_PLACEMENT_3D ( 'NONE', #5720, #2504, #4690 ) ;
#5873 = VERTEX_POINT ( 'NONE', #969 ) ;
#5874 = EDGE_CURVE ( 'NONE', #1074, #3592, #5407, .T. ) ;
#5875 = EDGE_CURVE ( 'NONE', #5068, #5734, #3147, .T. ) ;
#5876 = EDGE_CURVE ( 'NONE', #2165, #1886, #3736, .T. ) ;
#5877 = CARTESIAN_POINT ( 'NONE',  ( -2.230034297051579184, 0.02136852864008797689, -2.466648544102632012 ) ) ;
#5878 = VECTOR ( 'NONE', #1415, 1000.000000000000000 ) ;
#5879 = ORIENTED_EDGE ( 'NONE', *, *, #163, .T. ) ;
#5880 = CARTESIAN_POINT ( 'NONE',  ( -2.495244324181649542, 2.169999999999999929, -2.375243305987679854 ) ) ;
#5881 = DIRECTION ( 'NONE',  ( 0.000000000000000000, 1.000000000000000000, 0.000000000000000000 ) ) ;
#5882 = EDGE_LOOP ( 'NONE', ( #6135, #3412, #539, #2793, #6650, #6176 ) ) ;
#5883 = CIRCLE ( 'NONE', #5782, 2.100000000000000089 ) ;
#5884 = CARTESIAN_POINT ( 'NONE',  ( 2.559902808771549854, 0.5999999999999999778, -1.004687817007609896 ) ) ;
#5885 = CARTESIAN_POINT ( 'NONE',  ( -2.742310442248250268, -2.200000000000000178, -0.2055077573626570009 ) ) ;
#5886 = ORIENTED_EDGE ( 'NONE', *, *, #2529, .F. ) ;
#5887 = CIRCLE ( 'NONE', #3517, 0.7699999999999999067 ) ;
#5888 = ORIENTED_EDGE ( 'NONE', *, *, #5286, .T. ) ;
#5889 = EDGE_CURVE ( 'NONE', #2759, #3908, #931, .T. ) ;
#5890 = CARTESIAN_POINT ( 'NONE',  ( 2.228777735894150069, -13.80452018978109940, -2.626894517102379645 ) ) ;
#5891 = AXIS2_PLACEMENT_3D ( 'NONE', #3487, #292, #2364 ) ;
#5892 = DIRECTION ( 'NONE',  ( 0.000000000000000000, 1.000000000000000000, 0.000000000000000000 ) ) ;
#5893 = CARTESIAN_POINT ( 'NONE',  ( -1.870475028870020040, 0.000000000000000000, 2.015892647532030235 ) ) ;
#5894 = CIRCLE ( 'NONE', #6008, 0.6500000000000000222 ) ;
#5895 = DIRECTION ( 'NONE',  ( 0.9780252003871755528, 0.000000000000000000, 0.2084867079878839347 ) ) ;
#5896 = CARTESIAN_POINT ( 'NONE',  ( 2.681051758500020199, 0.5999999999999999778, 0.6119325683798361171 ) ) ;
#5897 = ORIENTED_EDGE ( 'NONE', *, *, #4188, .F. ) ;
#5898 = AXIS2_PLACEMENT_3D ( 'NONE', #1629, #1740, #3327 ) ;
#5899 = VERTEX_POINT ( 'NONE', #3602 ) ;
#5900 = EDGE_LOOP ( 'NONE', ( #4836, #4361, #4823 ) ) ;
#5901 = AXIS2_PLACEMENT_3D ( 'NONE', #1601, #6011, #165 ) ;
#5902 = CARTESIAN_POINT ( 'NONE',  ( 8.250000000000000000, 0.000000000000000000, 0.7699999999999999067 ) ) ;
#5903 = DIRECTION ( 'NONE',  ( 0.06039099147351189439, 0.000000000000000000, -0.9981747983939718294 ) ) ;
#5904 = CARTESIAN_POINT ( 'NONE',  ( -2.546812290613429841, 0.5999999999999999778, 0.5232085209363049882 ) ) ;
#5905 = ORIENTED_EDGE ( 'NONE', *, *, #3782, .F. ) ;
#5906 = PERSON_AND_ORGANIZATION ( #3525, #887 ) ;
#5907 = EDGE_LOOP ( 'NONE', ( #6429, #4119, #4896 ) ) ;
#5908 = ORIENTED_EDGE ( 'NONE', *, *, #6145, .F. ) ;
#5909 = EDGE_CURVE ( 'NONE', #3018, #2351, #5299, .T. ) ;
#5910 = CARTESIAN_POINT ( 'NONE',  ( 1.849597897417310177, 0.5999999999999999778, -0.9944785658170128828 ) ) ;
#5911 = DIRECTION ( 'NONE',  ( 0.000000000000000000, -1.000000000000000000, 0.000000000000000000 ) ) ;
#5912 = EDGE_CURVE ( 'NONE', #2920, #5981, #2705, .T. ) ;
#5913 = ADVANCED_FACE ( 'NONE', ( #3212 ), #5767, .F. ) ;
#5914 = EDGE_LOOP ( 'NONE', ( #3855, #3827, #5292, #3619, #5096, #6230 ) ) ;
#5915 = PLANE ( 'NONE',  #4193 ) ;
#5916 = CARTESIAN_POINT ( 'NONE',  ( 0.8105767296299509761, 0.5999999999999999778, -2.627825215911899548 ) ) ;
#5917 = ORIENTED_EDGE ( 'NONE', *, *, #6557, .F. ) ;
#5918 = EDGE_CURVE ( 'NONE', #1215, #813, #583, .T. ) ;
#5919 = AXIS2_PLACEMENT_3D ( 'NONE', #6078, #2227, #682 ) ;
#5920 = ADVANCED_FACE ( 'NONE', ( #406 ), #6538, .T. ) ;
#5921 = ORIENTED_EDGE ( 'NONE', *, *, #925, .T. ) ;
#5922 = CARTESIAN_POINT ( 'NONE',  ( -8.250000000000000000, 0.1200000000000000094, 0.7699999999999999067 ) ) ;
#5923 = DIRECTION ( 'NONE',  ( 0.000000000000000000, -1.000000000000000000, 0.000000000000000000 ) ) ;
#5924 = CARTESIAN_POINT ( 'NONE',  ( 2.381569860407219963, 0.000000000000000000, 1.374999999999980016 ) ) ;
#5925 = CIRCLE ( 'NONE', #6728, 3.445000000000000284 ) ;
#5926 = DIRECTION ( 'NONE',  ( 0.000000000000000000, -1.000000000000000000, 0.000000000000000000 ) ) ;
#5927 = VECTOR ( 'NONE', #3219, 1000.000000000000000 ) ;
#5928 = FACE_OUTER_BOUND ( 'NONE', #91, .T. ) ;
#5929 = VERTEX_POINT ( 'NONE', #2585 ) ;
#5930 = DIRECTION ( 'NONE',  ( 0.000000000000000000, -1.000000000000000000, 0.000000000000000000 ) ) ;
#5931 = EDGE_LOOP ( 'NONE', ( #2261, #2387, #3214, #4976 ) ) ;
#5932 = AXIS2_PLACEMENT_3D ( 'NONE', #2266, #2190, #4347 ) ;
#5933 = ORIENTED_EDGE ( 'NONE', *, *, #6174, .F. ) ;
#5934 = CARTESIAN_POINT ( 'NONE',  ( 0.000000000000000000, 0.5999999999999999778, 0.000000000000000000 ) ) ;
#5935 = LINE ( 'NONE', #4910, #637 ) ;
#5936 = EDGE_LOOP ( 'NONE', ( #1429, #576, #3037, #1939 ) ) ;
#5937 = CARTESIAN_POINT ( 'NONE',  ( 0.000000000000000000, 0.000000000000000000, 0.000000000000000000 ) ) ;
#5938 = AXIS2_PLACEMENT_3D ( 'NONE', #6419, #5859, #4663 ) ;
#5939 = ORIENTED_EDGE ( 'NONE', *, *, #4497, .T. ) ;
#5940 = CARTESIAN_POINT ( 'NONE',  ( -2.151120578021742169, 0.1200000000000000094, 2.535410278945310569 ) ) ;
#5941 = ORIENTED_EDGE ( 'NONE', *, *, #1683, .T. ) ;
#5942 = LINE ( 'NONE', #3896, #275 ) ;
#5943 = DIRECTION ( 'NONE',  ( 0.000000000000000000, -1.000000000000000000, 0.000000000000000000 ) ) ;
#5944 = DIRECTION ( 'NONE',  ( 0.000000000000000000, 0.000000000000000000, -1.000000000000000000 ) ) ;
#5945 = AXIS2_PLACEMENT_3D ( 'NONE', #2373, #2520, #6794 ) ;
#5946 = EDGE_LOOP ( 'NONE', ( #5372, #2767 ) ) ;
#5947 = EDGE_CURVE ( 'NONE', #5134, #6450, #4628, .T. ) ;
#5948 = LINE ( 'NONE', #3262, #5660 ) ;
#5949 =( GEOMETRIC_REPRESENTATION_CONTEXT ( 3 ) GLOBAL_UNCERTAINTY_ASSIGNED_CONTEXT ( ( #1720 ) ) GLOBAL_UNIT_ASSIGNED_CONTEXT ( ( #4878, #544, #5848 ) ) REPRESENTATION_CONTEXT ( 'NONE', 'WORKASPACE' ) );
#5950 = CARTESIAN_POINT ( 'NONE',  ( 0.000000000000000000, 0.000000000000000000, 0.000000000000000000 ) ) ;
#5951 = VERTEX_POINT ( 'NONE', #2085 ) ;
#5952 = CARTESIAN_POINT ( 'NONE',  ( 14.08571428571429962, 2.050000000000000266, 1.998162421132100075 ) ) ;
#5953 = ORIENTED_EDGE ( 'NONE', *, *, #864, .T. ) ;
#5954 = EDGE_CURVE ( 'NONE', #1561, #6583, #5302, .T. ) ;
#5955 = DIRECTION ( 'NONE',  ( 0.000000000000000000, 1.000000000000000000, 0.000000000000000000 ) ) ;
#5956 = AXIS2_PLACEMENT_3D ( 'NONE', #2820, #6524, #2855 ) ;
#5957 = EDGE_CURVE ( 'NONE', #4090, #571, #6035, .T. ) ;
#5958 = EDGE_CURVE ( 'NONE', #3844, #4192, #44, .T. ) ;
#5959 = DIRECTION ( 'NONE',  ( 0.7727902103832940961, 0.000000000000000000, -0.6346615560562529623 ) ) ;
#5960 = DIRECTION ( 'NONE',  ( 0.000000000000000000, -1.000000000000000000, 0.000000000000000000 ) ) ;
#5961 = ADVANCED_BREP_SHAPE_REPRESENTATION ( 'Bidirectional shoulder_Default_sldprt', ( #2426, #3242 ), #5949 ) ;
#5962 = DIRECTION ( 'NONE',  ( 0.000000000000000000, -1.000000000000000000, 0.000000000000000000 ) ) ;
#5963 = DIRECTION ( 'NONE',  ( 0.000000000000000000, -1.000000000000000000, 0.000000000000000000 ) ) ;
#5964 = ORIENTED_EDGE ( 'NONE', *, *, #5365, .F. ) ;
#5965 = CYLINDRICAL_SURFACE ( 'NONE', #3182, 3.324999999999999734 ) ;
#5966 = VERTEX_POINT ( 'NONE', #3917 ) ;
#5967 = ORIENTED_EDGE ( 'NONE', *, *, #6822, .F. ) ;
#5968 = CARTESIAN_POINT ( 'NONE',  ( -0.8534771780767500537, 0.5999999999999999778, -1.918743522856079853 ) ) ;
#5969 = CARTESIAN_POINT ( 'NONE',  ( -0.2500000000000000000, -2.200000000000000178, -2.085065946199299969 ) ) ;
#5970 = DIRECTION ( 'NONE',  ( -1.000000000000000000, 0.000000000000000000, 0.000000000000000000 ) ) ;
#5971 = ORIENTED_EDGE ( 'NONE', *, *, #839, .F. ) ;
#5972 = ORIENTED_EDGE ( 'NONE', *, *, #5663, .F. ) ;
#5973 = CARTESIAN_POINT ( 'NONE',  ( -2.297887837449355874, -0.1009507794319600277, 2.404130993603667665 ) ) ;
#5974 = ORIENTED_EDGE ( 'NONE', *, *, #6427, .F. ) ;
#5975 = VERTEX_POINT ( 'NONE', #3804 ) ;
#5976 = CARTESIAN_POINT ( 'NONE',  ( 2.380456173966190025, 0.009074926598968189803, 2.434646826159000188 ) ) ;
#5977 = CARTESIAN_POINT ( 'NONE',  ( 2.151275634093631872, 1.949141608856715280, 2.535278717741135335 ) ) ;
#5978 = VECTOR ( 'NONE', #3423, 1000.000000000000227 ) ;
#5979 = CARTESIAN_POINT ( 'NONE',  ( -12.25000000000000000, 1.930000000000000160, 0.6500000000000000222 ) ) ;
#5980 = AXIS2_PLACEMENT_3D ( 'NONE', #6016, #242, #131 ) ;
#5981 = VERTEX_POINT ( 'NONE', #6493 ) ;
#5982 = LINE ( 'NONE', #3175, #435 ) ;
#5983 = CARTESIAN_POINT ( 'NONE',  ( 0.000000000000000000, 0.5999999999999999778, 0.000000000000000000 ) ) ;
#5984 = AXIS2_PLACEMENT_3D ( 'NONE', #3102, #395, #2071 ) ;
#5985 = DIRECTION ( 'NONE',  ( 0.000000000000000000, -1.000000000000000000, 0.000000000000000000 ) ) ;
#5986 = VERTEX_POINT ( 'NONE', #1125 ) ;
#5987 = CARTESIAN_POINT ( 'NONE',  ( 2.223634878751290067, 2.050000000000000266, -2.507004771834460133 ) ) ;
#5988 = ADVANCED_FACE ( 'NONE', ( #1203 ), #2182, .T. ) ;
#5989 = AXIS2_PLACEMENT_3D ( 'NONE', #803, #4437, #1749 ) ;
#5990 = VERTEX_POINT ( 'NONE', #2296 ) ;
#5991 = CARTESIAN_POINT ( 'NONE',  ( -2.495244324181649542, 2.169999999999999929, 2.375243305987679854 ) ) ;
#5992 = CARTESIAN_POINT ( 'NONE',  ( -2.273582933593552458, 2.130807813589774558, 2.426264545284274821 ) ) ;
#5993 = DIRECTION ( 'NONE',  ( 0.000000000000000000, -1.000000000000000000, 0.000000000000000000 ) ) ;
#5994 = FACE_OUTER_BOUND ( 'NONE', #1057, .T. ) ;
#5995 = VECTOR ( 'NONE', #3425, 1000.000000000000000 ) ;
#5996 = ADVANCED_FACE ( 'NONE', ( #1164 ), #1688, .T. ) ;
#5997 = ADVANCED_FACE ( 'NONE', ( #2221 ), #4285, .T. ) ;
#5998 = DIRECTION ( 'NONE',  ( 0.000000000000000000, -1.000000000000000000, 0.000000000000000000 ) ) ;
#5999 = FACE_OUTER_BOUND ( 'NONE', #2562, .T. ) ;
#6000 = CIRCLE ( 'NONE', #4989, 3.205000000000000071 ) ;
#6001 = ORIENTED_EDGE ( 'NONE', *, *, #6714, .T. ) ;
#6002 = AXIS2_PLACEMENT_3D ( 'NONE', #1955, #3766, #1430 ) ;
#6003 = LINE ( 'NONE', #6039, #2843 ) ;
#6004 = VERTEX_POINT ( 'NONE', #4904 ) ;
#6005 = LINE ( 'NONE', #5968, #3864 ) ;
#6006 = DIRECTION ( 'NONE',  ( 0.000000000000000000, 0.000000000000000000, 1.000000000000000000 ) ) ;
#6007 = DIRECTION ( 'NONE',  ( 0.000000000000000000, 0.000000000000000000, 1.000000000000000000 ) ) ;
#6008 = AXIS2_PLACEMENT_3D ( 'NONE', #6126, #6696, #1294 ) ;
#6009 = ORIENTED_EDGE ( 'NONE', *, *, #199, .T. ) ;
#6010 = EDGE_LOOP ( 'NONE', ( #474, #3289, #4841 ) ) ;
#6011 = DIRECTION ( 'NONE',  ( 0.000000000000000000, -1.000000000000000000, 0.000000000000000000 ) ) ;
#6012 = VERTEX_POINT ( 'NONE', #6566 ) ;
#6013 = CIRCLE ( 'NONE', #6359, 3.445000000000000284 ) ;
#6014 = ORIENTED_EDGE ( 'NONE', *, *, #3983, .T. ) ;
#6015 = DIRECTION ( 'NONE',  ( 0.000000000000000000, -1.000000000000000000, 0.000000000000000000 ) ) ;
#6016 = CARTESIAN_POINT ( 'NONE',  ( -8.250000000000000000, 2.050000000000000266, 0.000000000000000000 ) ) ;
#6017 = EDGE_CURVE ( 'NONE', #2468, #6719, #6105, .T. ) ;
#6018 = CARTESIAN_POINT ( 'NONE',  ( -2.151142517227300210, 0.1200000000000000094, 2.535391660193160313 ) ) ;
#6019 = ORIENTED_EDGE ( 'NONE', *, *, #875, .F. ) ;
#6020 = AXIS2_PLACEMENT_3D ( 'NONE', #6159, #5959, #5923 ) ;
#6021 = CARTESIAN_POINT ( 'NONE',  ( -14.08571428571429962, 0.1200000000000000094, -1.998162421132100075 ) ) ;
#6022 = DIRECTION ( 'NONE',  ( 0.000000000000000000, -1.000000000000000000, 0.000000000000000000 ) ) ;
#6023 = LINE ( 'NONE', #1054, #6454 ) ;
#6024 = VERTEX_POINT ( 'NONE', #1653 ) ;
#6025 = DIRECTION ( 'NONE',  ( 1.000000000000000000, -0.000000000000000000, 1.224646799147353207E-16 ) ) ;
#6026 = ORIENTED_EDGE ( 'NONE', *, *, #1448, .T. ) ;
#6027 = CARTESIAN_POINT ( 'NONE',  ( 0.000000000000000000, 1.449999999999999956, 0.000000000000000000 ) ) ;
#6028 = LINE ( 'NONE', #1197, #550 ) ;
#6029 = DESIGN_CONTEXT ( 'detailed design', #3445, 'design' ) ;
#6030 = DIRECTION ( 'NONE',  ( 0.000000000000000000, 0.000000000000000000, 1.000000000000000000 ) ) ;
#6031 = LINE ( 'NONE', #3801, #2284 ) ;
#6032 = CIRCLE ( 'NONE', #2880, 0.6500000000000000222 ) ;
#6033 = DIRECTION ( 'NONE',  ( 0.000000000000000000, 0.000000000000000000, -1.000000000000000000 ) ) ;
#6034 = CIRCLE ( 'NONE', #3109, 1.375000000000000000 ) ;
#6035 = LINE ( 'NONE', #4864, #1479 ) ;
#6036 = ORIENTED_EDGE ( 'NONE', *, *, #3371, .F. ) ;
#6037 = AXIS2_PLACEMENT_3D ( 'NONE', #2210, #1713, #1152 ) ;
#6038 = EDGE_CURVE ( 'NONE', #4057, #4050, #356, .T. ) ;
#6039 = CARTESIAN_POINT ( 'NONE',  ( 0.4098662319845000068, 0.5999999999999999778, 2.719284772119100246 ) ) ;
#6040 = ORIENTED_EDGE ( 'NONE', *, *, #364, .F. ) ;
#6041 = CARTESIAN_POINT ( 'NONE',  ( -1.178850596882419888, 0.5999999999999999778, 2.317393205787479982 ) ) ;
#6042 = CARTESIAN_POINT ( 'NONE',  ( -6.250000000000000000, 0.000000000000000000, 0.7699999999999999067 ) ) ;
#6043 = AXIS2_PLACEMENT_3D ( 'NONE', #6621, #2276, #5944 ) ;
#6044 = DIRECTION ( 'NONE',  ( 0.000000000000000000, -1.000000000000000000, 0.000000000000000000 ) ) ;
#6045 = ORIENTED_EDGE ( 'NONE', *, *, #2757, .F. ) ;
#6046 = EDGE_CURVE ( 'NONE', #6643, #3530, #2717, .T. ) ;
#6047 = EDGE_LOOP ( 'NONE', ( #6120, #2102, #5841, #4843 ) ) ;
#6048 = ADVANCED_FACE ( 'NONE', ( #5999 ), #640, .F. ) ;
#6049 = CARTESIAN_POINT ( 'NONE',  ( 14.25000000000000000, 2.050000000000000266, 0.000000000000000000 ) ) ;
#6050 = ORIENTED_EDGE ( 'NONE', *, *, #6272, .T. ) ;
#6051 = CIRCLE ( 'NONE', #3129, 0.7699999999999999067 ) ;
#6052 = ADVANCED_FACE ( 'NONE', ( #1763 ), #2862, .T. ) ;
#6053 = ORIENTED_EDGE ( 'NONE', *, *, #3845, .F. ) ;
#6054 = CARTESIAN_POINT ( 'NONE',  ( 2.237262477650800108, 0.08049891498110169075, 2.501056944821399508 ) ) ;
#6055 = DIRECTION ( 'NONE',  ( 0.000000000000000000, 0.000000000000000000, 1.000000000000000000 ) ) ;
#6056 = DIRECTION ( 'NONE',  ( 0.000000000000000000, -1.000000000000000000, 0.000000000000000000 ) ) ;
#6057 = AXIS2_PLACEMENT_3D ( 'NONE', #1123, #5998, #3876 ) ;
#6058 = EDGE_LOOP ( 'NONE', ( #463, #1319, #3974, #347, #2360, #3249 ) ) ;
#6059 = CIRCLE ( 'NONE', #5727, 0.6500000000000000222 ) ;
#6060 = DIRECTION ( 'NONE',  ( 1.000000000000000000, -0.000000000000000000, 1.224646799147353207E-16 ) ) ;
#6061 = CARTESIAN_POINT ( 'NONE',  ( -2.559902808771560068, 0.5999999999999999778, -1.004687817007580142 ) ) ;
#6062 = DIRECTION ( 'NONE',  ( -0.7427513150827149691, 0.000000000000000000, -0.6695673856624868581 ) ) ;
#6063 = ORIENTED_EDGE ( 'NONE', *, *, #3939, .F. ) ;
#6064 = AXIS2_PLACEMENT_3D ( 'NONE', #769, #3900, #695 ) ;
#6065 = FACE_OUTER_BOUND ( 'NONE', #2675, .T. ) ;
#6066 = ORIENTED_EDGE ( 'NONE', *, *, #6929, .T. ) ;
#6067 = DIRECTION ( 'NONE',  ( 0.000000000000000000, 0.000000000000000000, 1.000000000000000000 ) ) ;
#6068 = AXIS2_PLACEMENT_3D ( 'NONE', #837, #1964, #385 ) ;
#6069 = CARTESIAN_POINT ( 'NONE',  ( 2.161726299596143708, 0.04548303442031447624, 2.526513376457877769 ) ) ;
#6070 = DIRECTION ( 'NONE',  ( 0.000000000000000000, -1.000000000000000000, 0.000000000000000000 ) ) ;
#6071 = CARTESIAN_POINT ( 'NONE',  ( -2.151120850788161842, 1.970700939873629931, -2.535410047521571730 ) ) ;
#6072 = CARTESIAN_POINT ( 'NONE',  ( 2.742310442248239610, 0.000000000000000000, -0.2055077573626959975 ) ) ;
#6073 = DIRECTION ( 'NONE',  ( -0.7243089475128148269, 0.000000000000000000, 0.6894755605189196723 ) ) ;
#6074 = FACE_OUTER_BOUND ( 'NONE', #6160, .T. ) ;
#6075 = DIRECTION ( 'NONE',  ( 0.000000000000000000, -1.000000000000000000, 0.000000000000000000 ) ) ;
#6076 = ORIENTED_EDGE ( 'NONE', *, *, #3124, .F. ) ;
#6077 = CARTESIAN_POINT ( 'NONE',  ( -2.225064786792101401, 2.095227254313138054, 2.471002970081299210 ) ) ;
#6078 = CARTESIAN_POINT ( 'NONE',  ( -6.250000000000000000, 1.930000000000000160, 0.000000000000000000 ) ) ;
#6079 = CARTESIAN_POINT ( 'NONE',  ( 4.250000000000000000, 0.000000000000000000, 0.000000000000000000 ) ) ;
#6080 = EDGE_CURVE ( 'NONE', #6603, #2106, #117, .T. ) ;
#6081 = VERTEX_POINT ( 'NONE', #4414 ) ;
#6082 = ORIENTED_EDGE ( 'NONE', *, *, #5013, .T. ) ;
#6083 = PLANE ( 'NONE',  #3858 ) ;
#6084 = VERTEX_POINT ( 'NONE', #565 ) ;
#6085 = ORIENTED_EDGE ( 'NONE', *, *, #4448, .T. ) ;
#6086 = CARTESIAN_POINT ( 'NONE',  ( 0.000000000000000000, 0.000000000000000000, 0.000000000000000000 ) ) ;
#6087 = DIRECTION ( 'NONE',  ( 0.000000000000000000, 0.000000000000000000, 1.000000000000000000 ) ) ;
#6088 = EDGE_CURVE ( 'NONE', #1302, #6464, #715, .T. ) ;
#6089 = EDGE_CURVE ( 'NONE', #6719, #2468, #2720, .T. ) ;
#6090 = VECTOR ( 'NONE', #534, 1000.000000000000000 ) ;
#6091 = EDGE_LOOP ( 'NONE', ( #3708, #3584 ) ) ;
#6092 = ADVANCED_FACE ( 'NONE', ( #5928 ), #3244, .F. ) ;
#6093 = CARTESIAN_POINT ( 'NONE',  ( -0.4434139339150620085, 0.000000000000000000, 2.561910241052559822 ) ) ;
#6094 = PLANE ( 'NONE',  #816 ) ;
#6095 = PLANE ( 'NONE',  #4514 ) ;
#6096 = ORIENTED_EDGE ( 'NONE', *, *, #6184, .F. ) ;
#6097 = DIRECTION ( 'NONE',  ( 0.000000000000000000, -1.000000000000000000, 0.000000000000000000 ) ) ;
#6098 = ORIENTED_EDGE ( 'NONE', *, *, #490, .T. ) ;
#6099 = VECTOR ( 'NONE', #3377, 1000.000000000000000 ) ;
#6100 = DIRECTION ( 'NONE',  ( 0.000000000000000000, 0.000000000000000000, 1.000000000000000000 ) ) ;
#6101 = CARTESIAN_POINT ( 'NONE',  ( 1.129918426019259847, 0.000000000000000000, 1.770108570269679937 ) ) ;
#6102 = CARTESIAN_POINT ( 'NONE',  ( 0.4098662319845000068, 0.5999999999999999778, 2.719284772119100246 ) ) ;
#6103 = CARTESIAN_POINT ( 'NONE',  ( 0.000000000000000000, 0.5999999999999999778, 0.000000000000000000 ) ) ;
#6104 = CARTESIAN_POINT ( 'NONE',  ( -2.587882985193959762, 0.000000000000000000, -0.2507222665492769842 ) ) ;
#6105 = CIRCLE ( 'NONE', #4175, 0.6500000000000000222 ) ;
#6106 = EDGE_CURVE ( 'NONE', #508, #1283, #6108, .T. ) ;
#6107 = CARTESIAN_POINT ( 'NONE',  ( 2.088419223178590300, 0.5999999999999999778, 0.2202388436632970181 ) ) ;
#6108 = LINE ( 'NONE', #1908, #3795 ) ;
#6109 = DIRECTION ( 'NONE',  ( 0.000000000000000000, 0.000000000000000000, 1.000000000000000000 ) ) ;
#6110 = AXIS2_PLACEMENT_3D ( 'NONE', #4341, #3387, #1731 ) ;
#6111 = CARTESIAN_POINT ( 'NONE',  ( 1.870475028870050016, 0.5999999999999999778, 2.015892647532010251 ) ) ;
#6112 = ORIENTED_EDGE ( 'NONE', *, *, #5233, .T. ) ;
#6113 = DIRECTION ( 'NONE',  ( 0.000000000000000000, -1.000000000000000000, 0.000000000000000000 ) ) ;
#6114 = TOROIDAL_SURFACE ( 'NONE', #4865, 0.7699999999999999067, 0.1200000000000000094 ) ;
#6115 = FACE_BOUND ( 'NONE', #4494, .T. ) ;
#6116 = DIRECTION ( 'NONE',  ( 0.000000000000000000, 0.000000000000000000, 1.000000000000000000 ) ) ;
#6117 = B_SPLINE_CURVE_WITH_KNOTS ( 'NONE', 3,
 ( #113, #4373, #3989, #222, #1309, #5992, #5540, #709, #5611, #1792, #777, #4898, #77, #4936, #2251, #4408 ),
 .UNSPECIFIED., .F., .F.,
 ( 4, 2, 2, 2, 2, 2, 2, 4 ),
 ( 0.000000000000000000, 0.2499999999999993894, 0.3749999999999993894, 0.4999999999999994449, 0.6249999999999994449, 0.6874999999999986677, 0.7499999999999978906, 1.000000000000000000 ),
 .UNSPECIFIED. ) ;
#6118 = VERTEX_POINT ( 'NONE', #6640 ) ;
#6119 = APPROVAL_DATE_TIME ( #3392, #5748 ) ;
#6120 = ORIENTED_EDGE ( 'NONE', *, *, #4306, .T. ) ;
#6121 = CARTESIAN_POINT ( 'NONE',  ( -2.521610255635959863, 0.000000000000000000, 0.6336258506970480209 ) ) ;
#6122 = ORIENTED_EDGE ( 'NONE', *, *, #606, .T. ) ;
#6123 = AXIS2_PLACEMENT_3D ( 'NONE', #35, #628, #1711 ) ;
#6124 = ORIENTED_EDGE ( 'NONE', *, *, #3883, .F. ) ;
#6125 = AXIS2_PLACEMENT_3D ( 'NONE', #5521, #2199, #6584 ) ;
#6126 = CARTESIAN_POINT ( 'NONE',  ( -8.250000000000000000, 0.1200000000000000094, 0.000000000000000000 ) ) ;
#6127 = CARTESIAN_POINT ( 'NONE',  ( -2.408327250480109871, 2.169999999999999929, -2.292506238725410039 ) ) ;
#6128 = CARTESIAN_POINT ( 'NONE',  ( -0.7120690446198220114, 2.050000000000000266, -2.500591465172629757 ) ) ;
#6129 = ORIENTED_EDGE ( 'NONE', *, *, #2553, .F. ) ;
#6130 = CARTESIAN_POINT ( 'NONE',  ( 12.25000000000000000, -2.200000000000000178, 0.6500000000000000222 ) ) ;
#6131 = DIRECTION ( 'NONE',  ( 0.000000000000000000, 1.000000000000000000, 0.000000000000000000 ) ) ;
#6132 = CARTESIAN_POINT ( 'NONE',  ( 2.223634878751290067, 0.1200000000000000094, -2.507004771834460133 ) ) ;
#6133 = ADVANCED_FACE ( 'NONE', ( #6183 ), #3912, .T. ) ;
#6134 = ADVANCED_FACE ( 'NONE', ( #4627 ), #888, .T. ) ;
#6135 = ORIENTED_EDGE ( 'NONE', *, *, #5889, .F. ) ;
#6136 = FACE_OUTER_BOUND ( 'NONE', #2074, .T. ) ;
#6137 = AXIS2_PLACEMENT_3D ( 'NONE', #4482, #5045, #6525 ) ;
#6138 = ORIENTED_EDGE ( 'NONE', *, *, #2337, .T. ) ;
#6139 = DIRECTION ( 'NONE',  ( 0.8180576496984517387, 0.000000000000000000, -0.5751362288795978106 ) ) ;
#6140 = DIRECTION ( 'NONE',  ( -0.04285714285713625171, 0.000000000000000000, -0.9990812105660495934 ) ) ;
#6141 = EDGE_CURVE ( 'NONE', #3773, #4968, #3007, .T. ) ;
#6142 = CARTESIAN_POINT ( 'NONE',  ( 2.381569860407219963, 0.000000000000000000, 1.374999999999980016 ) ) ;
#6143 = CARTESIAN_POINT ( 'NONE',  ( 12.25000000000000000, 0.1200000000000000094, 0.000000000000000000 ) ) ;
#6144 = EDGE_CURVE ( 'NONE', #1678, #1517, #190, .T. ) ;
#6145 = EDGE_CURVE ( 'NONE', #216, #60, #4096, .T. ) ;
#6146 = FACE_OUTER_BOUND ( 'NONE', #689, .T. ) ;
#6147 = CARTESIAN_POINT ( 'NONE',  ( 14.08571428571429962, 1.930000000000000160, -1.998162421132100075 ) ) ;
#6148 = CARTESIAN_POINT ( 'NONE',  ( 8.250000000000000000, 0.1200000000000000094, 0.000000000000000000 ) ) ;
#6149 = AXIS2_PLACEMENT_3D ( 'NONE', #6197, #1435, #6767 ) ;
#6150 = CARTESIAN_POINT ( 'NONE',  ( 0.8105767296299509761, 0.5999999999999999778, -2.627825215911899548 ) ) ;
#6151 = VERTEX_POINT ( 'NONE', #3995 ) ;
#6152 = CARTESIAN_POINT ( 'NONE',  ( -8.250000000000000000, 2.050000000000000266, 0.000000000000000000 ) ) ;
#6153 = AXIS2_PLACEMENT_3D ( 'NONE', #1425, #2446, #265 ) ;
#6154 = CARTESIAN_POINT ( 'NONE',  ( -8.250000000000000000, 1.930000000000000160, 0.7699999999999999067 ) ) ;
#6155 = CARTESIAN_POINT ( 'NONE',  ( -1.680720077974430016, 0.5999999999999999778, 1.259039324045770014 ) ) ;
#6156 = VERTEX_POINT ( 'NONE', #1797 ) ;
#6157 = B_SPLINE_CURVE_WITH_KNOTS ( 'NONE', 3,
 ( #2868, #6256, #6223, #5695, #1390, #4527, #6759, #5021 ),
 .UNSPECIFIED., .F., .F.,
 ( 4, 2, 2, 4 ),
 ( 0.000000000000000000, 0.5000000000000012212, 0.7500000000000006661, 1.000000000000000000 ),
 .UNSPECIFIED. ) ;
#6158 = ORIENTED_EDGE ( 'NONE', *, *, #2020, .F. ) ;
#6159 = CARTESIAN_POINT ( 'NONE',  ( 2.381569860407219963, 0.5999999999999999778, 1.374999999999980016 ) ) ;
#6160 = EDGE_LOOP ( 'NONE', ( #6518, #4423, #5729, #3131 ) ) ;
#6161 = CIRCLE ( 'NONE', #3677, 2.100000000000000089 ) ;
#6162 = ORIENTED_EDGE ( 'NONE', *, *, #6737, .T. ) ;
#6163 = CARTESIAN_POINT ( 'NONE',  ( 4.250000000000000000, 2.050000000000000266, -0.7699999999999999067 ) ) ;
#6164 = CARTESIAN_POINT ( 'NONE',  ( -2.236049219908693431, 2.103327728011885611, -2.460892261028440942 ) ) ;
#6165 = LINE ( 'NONE', #346, #6847 ) ;
#6166 = ORIENTED_EDGE ( 'NONE', *, *, #6080, .T. ) ;
#6167 = FACE_OUTER_BOUND ( 'NONE', #537, .T. ) ;
#6168 = DIRECTION ( 'NONE',  ( 0.000000000000000000, 1.000000000000000000, 0.000000000000000000 ) ) ;
#6169 = DIRECTION ( 'NONE',  ( 0.9990812105660492604, 0.000000000000000000, 0.04285714285714280203 ) ) ;
#6170 = ORIENTED_EDGE ( 'NONE', *, *, #3238, .T. ) ;
#6171 = FACE_BOUND ( 'NONE', #2661, .T. ) ;
#6172 = AXIS2_PLACEMENT_3D ( 'NONE', #2716, #2255, #2790 ) ;
#6173 = ORIENTED_EDGE ( 'NONE', *, *, #5054, .T. ) ;
#6174 = EDGE_CURVE ( 'NONE', #5768, #4496, #4061, .T. ) ;
#6175 = FACE_OUTER_BOUND ( 'NONE', #2531, .T. ) ;
#6176 = ORIENTED_EDGE ( 'NONE', *, *, #2554, .F. ) ;
#6177 = AXIS2_PLACEMENT_3D ( 'NONE', #6715, #6251, #1349 ) ;
#6178 = DIRECTION ( 'NONE',  ( 0.000000000000000000, 0.000000000000000000, 1.000000000000000000 ) ) ;
#6179 = LINE ( 'NONE', #2858, #1714 ) ;
#6180 = EDGE_CURVE ( 'NONE', #6581, #2297, #2459, .T. ) ;
#6181 = VECTOR ( 'NONE', #2389, 1000.000000000000000 ) ;
#6182 = EDGE_CURVE ( 'NONE', #4880, #5837, #226, .T. ) ;
#6183 = FACE_OUTER_BOUND ( 'NONE', #6796, .T. ) ;
#6184 = EDGE_CURVE ( 'NONE', #2920, #281, #1943, .T. ) ;
#6185 = CARTESIAN_POINT ( 'NONE',  ( 12.25000000000000000, 1.930000000000000160, -0.7699999999999999067 ) ) ;
#6186 = PLANE ( 'NONE',  #2837 ) ;
#6187 = VERTEX_POINT ( 'NONE', #6147 ) ;
#6188 = CARTESIAN_POINT ( 'NONE',  ( 0.4098662319845000068, 0.5999999999999999778, 2.719284772119100246 ) ) ;
#6189 = CARTESIAN_POINT ( 'NONE',  ( 0.000000000000000000, -2.200000000000000178, -2.750000000000000000 ) ) ;
#6190 = DIRECTION ( 'NONE',  ( 0.000000000000000000, -1.000000000000000000, 0.000000000000000000 ) ) ;
#6191 = ORIENTED_EDGE ( 'NONE', *, *, #5187, .F. ) ;
#6192 = VECTOR ( 'NONE', #1233, 1000.000000000000114 ) ;
#6193 = DIRECTION ( 'NONE',  ( 0.000000000000000000, 1.000000000000000000, 0.000000000000000000 ) ) ;
#6194 = EDGE_LOOP ( 'NONE', ( #4172, #3889, #3866, #1069 ) ) ;
#6195 = VERTEX_POINT ( 'NONE', #783 ) ;
#6196 = DIRECTION ( 'NONE',  ( 0.000000000000000000, 0.000000000000000000, -1.000000000000000000 ) ) ;
#6197 = CARTESIAN_POINT ( 'NONE',  ( 0.000000000000000000, -2.200000000000000178, 0.000000000000000000 ) ) ;
#6198 = DIRECTION ( 'NONE',  ( 0.000000000000000000, -1.000000000000000000, 0.000000000000000000 ) ) ;
#6199 = EDGE_CURVE ( 'NONE', #5492, #5060, #6400, .T. ) ;
#6200 = ORIENTED_EDGE ( 'NONE', *, *, #525, .F. ) ;
#6201 = CARTESIAN_POINT ( 'NONE',  ( 0.000000000000000000, 0.5999999999999999778, 0.000000000000000000 ) ) ;
#6202 = DIRECTION ( 'NONE',  ( 0.7243089475128166033, 0.000000000000000000, 0.6894755605189177849 ) ) ;
#6203 = CARTESIAN_POINT ( 'NONE',  ( -2.164033424128170680, 2.009030579295258523, 2.524518604558872781 ) ) ;
#6204 = VERTEX_POINT ( 'NONE', #3954 ) ;
#6205 = DIRECTION ( 'NONE',  ( -0.5123945066141228910, 0.000000000000000000, 0.8587501788015357018 ) ) ;
#6206 = ORIENTED_EDGE ( 'NONE', *, *, #2033, .T. ) ;
#6207 = DIRECTION ( 'NONE',  ( 0.000000000000000000, 0.000000000000000000, 1.000000000000000000 ) ) ;
#6208 = VECTOR ( 'NONE', #3877, 1000.000000000000114 ) ;
#6209 = ORIENTED_EDGE ( 'NONE', *, *, #367, .F. ) ;
#6210 = DIRECTION ( 'NONE',  ( 0.000000000000000000, 0.000000000000000000, 1.000000000000000000 ) ) ;
#6211 = CARTESIAN_POINT ( 'NONE',  ( 0.05662845856656029825, 2.050000000000000266, -2.599383237939410396 ) ) ;
#6212 = VECTOR ( 'NONE', #3629, 1000.000000000000000 ) ;
#6213 = VECTOR ( 'NONE', #4392, 999.9999999999998863 ) ;
#6214 = CARTESIAN_POINT ( 'NONE',  ( -8.250000000000000000, 0.000000000000000000, 0.000000000000000000 ) ) ;
#6215 = DIRECTION ( 'NONE',  ( -1.000000000000000000, 0.000000000000000000, 0.000000000000000000 ) ) ;
#6216 = CARTESIAN_POINT ( 'NONE',  ( 2.380549763303420274, 2.040965369878069868, 2.434603292245270278 ) ) ;
#6217 = VERTEX_POINT ( 'NONE', #1873 ) ;
#6218 = VECTOR ( 'NONE', #3519, 1000.000000000000000 ) ;
#6219 = EDGE_CURVE ( 'NONE', #1739, #5279, #851, .T. ) ;
#6220 = EDGE_CURVE ( 'NONE', #6204, #4689, #5164, .T. ) ;
#6221 = EDGE_CURVE ( 'NONE', #3717, #375, #4705, .T. ) ;
#6222 = CARTESIAN_POINT ( 'NONE',  ( -14.25000000000000000, 1.930000000000000160, 0.000000000000000000 ) ) ;
#6223 = CARTESIAN_POINT ( 'NONE',  ( -2.380456173966190025, 2.040925073401029799, 2.434646826159009958 ) ) ;
#6224 = CARTESIAN_POINT ( 'NONE',  ( -14.00000000000000000, 1.930000000000000160, 0.000000000000000000 ) ) ;
#6225 = AXIS2_PLACEMENT_3D ( 'NONE', #1547, #2470, #1481 ) ;
#6226 = ORIENTED_EDGE ( 'NONE', *, *, #2949, .F. ) ;
#6227 = CARTESIAN_POINT ( 'NONE',  ( -2.408281810690522828, -4.514707018524099716E-15, 2.292462984221232514 ) ) ;
#6228 = ORIENTED_EDGE ( 'NONE', *, *, #923, .F. ) ;
#6229 = CIRCLE ( 'NONE', #932, 0.1199999999999999956 ) ;
#6230 = ORIENTED_EDGE ( 'NONE', *, *, #1440, .F. ) ;
#6231 = EDGE_CURVE ( 'NONE', #6450, #1137, #2932, .T. ) ;
#6232 = LINE ( 'NONE', #1921, #6694 ) ;
#6233 = DIRECTION ( 'NONE',  ( 0.000000000000000000, 1.000000000000000000, 0.000000000000000000 ) ) ;
#6234 = FACE_BOUND ( 'NONE', #5853, .T. ) ;
#6235 = VERTEX_POINT ( 'NONE', #6678 ) ;
#6236 = CARTESIAN_POINT ( 'NONE',  ( -2.681051758500009985, 0.5999999999999999778, 0.6119325683798749749 ) ) ;
#6237 = AXIS2_PLACEMENT_3D ( 'NONE', #3081, #2614, #5802 ) ;
#6238 = CARTESIAN_POINT ( 'NONE',  ( -2.223635173115270369, 1.950346486786609823, -2.507004759207259958 ) ) ;
#6239 = DIRECTION ( 'NONE',  ( 0.000000000000000000, 0.000000000000000000, 1.000000000000000000 ) ) ;
#6240 = CARTESIAN_POINT ( 'NONE',  ( 2.223634878751290067, 1.930000000000000160, -2.507004771834460133 ) ) ;
#6241 = VECTOR ( 'NONE', #3090, 999.9999999999998863 ) ;
#6242 = EDGE_CURVE ( 'NONE', #2169, #5951, #749, .T. ) ;
#6243 = ORIENTED_EDGE ( 'NONE', *, *, #6599, .F. ) ;
#6244 = CARTESIAN_POINT ( 'NONE',  ( 2.151120850788167616, 0.07929906012637141788, -2.535410047521571286 ) ) ;
#6245 = DIRECTION ( 'NONE',  ( 0.06039099147352620239, 0.000000000000000000, 0.9981747983939709412 ) ) ;
#6246 = ORIENTED_EDGE ( 'NONE', *, *, #787, .F. ) ;
#6247 = CARTESIAN_POINT ( 'NONE',  ( -1.870475028870020040, 0.5999999999999999778, 2.015892647532030235 ) ) ;
#6248 = ORIENTED_EDGE ( 'NONE', *, *, #564, .T. ) ;
#6249 = DIRECTION ( 'NONE',  ( 0.000000000000000000, 1.000000000000000000, 0.000000000000000000 ) ) ;
#6250 = CIRCLE ( 'NONE', #5901, 2.600000000000000089 ) ;
#6251 = DIRECTION ( 'NONE',  ( 1.000000000000000000, -0.000000000000000000, 1.224646799147353207E-16 ) ) ;
#6252 = DIRECTION ( 'NONE',  ( 0.000000000000000000, -1.000000000000000000, 0.000000000000000000 ) ) ;
#6253 = CARTESIAN_POINT ( 'NONE',  ( -12.25000000000000000, 1.930000000000000160, -0.6500000000000000222 ) ) ;
#6254 = CARTESIAN_POINT ( 'NONE',  ( -1.417496088328199955, 0.000000000000000000, -2.179611167060369947 ) ) ;
#6255 = CARTESIAN_POINT ( 'NONE',  ( 3.998471799216108366E-16, 2.350000000000000089, -3.205000000000000071 ) ) ;
#6256 = CARTESIAN_POINT ( 'NONE',  ( -2.439542877549170097, 2.050000000000000266, 2.405103189165509914 ) ) ;
#6257 = CARTESIAN_POINT ( 'NONE',  ( 2.223634878751290067, 0.1200000000000000094, 2.507004771834460133 ) ) ;
#6258 = ORIENTED_EDGE ( 'NONE', *, *, #4066, .F. ) ;
#6259 = EDGE_CURVE ( 'NONE', #3462, #2524, #2971, .T. ) ;
#6260 = CC_DESIGN_PERSON_AND_ORGANIZATION_ASSIGNMENT ( #4349, #6439, ( #702 ) ) ;
#6261 = CARTESIAN_POINT ( 'NONE',  ( 1.193180282573300222, -2.200000000000000178, 2.477664386731639912 ) ) ;
#6262 = ORIENTED_EDGE ( 'NONE', *, *, #6404, .T. ) ;
#6263 = CIRCLE ( 'NONE', #5252, 0.1199999999999999956 ) ;
#6264 = ORIENTED_EDGE ( 'NONE', *, *, #4830, .T. ) ;
#6265 = DIRECTION ( 'NONE',  ( 0.9998967236536201453, 0.000000000000000000, 0.01437157008666590206 ) ) ;
#6266 = CARTESIAN_POINT ( 'NONE',  ( -2.681051758500009985, -2.200000000000000178, 0.6119325683798749749 ) ) ;
#6267 = CARTESIAN_POINT ( 'NONE',  ( 2.352428868016216423, 2.165249431950274861, -2.350126839040945992 ) ) ;
#6268 = ORIENTED_EDGE ( 'NONE', *, *, #5105, .T. ) ;
#6269 = ADVANCED_FACE ( 'NONE', ( #2045 ), #2645, .F. ) ;
#6270 = LINE ( 'NONE', #3510, #5169 ) ;
#6271 = DIRECTION ( 'NONE',  ( 0.000000000000000000, -1.000000000000000000, 0.000000000000000000 ) ) ;
#6272 = EDGE_CURVE ( 'NONE', #2795, #1561, #3613, .T. ) ;
#6273 = DIRECTION ( 'NONE',  ( 0.000000000000000000, 1.000000000000000000, 0.000000000000000000 ) ) ;
#6274 = CIRCLE ( 'NONE', #1511, 3.445000000000000284 ) ;
#6275 = VERTEX_POINT ( 'NONE', #4695 ) ;
#6276 = FACE_BOUND ( 'NONE', #1630, .T. ) ;
#6277 = DIRECTION ( 'NONE',  ( 0.000000000000000000, 0.000000000000000000, -1.000000000000000000 ) ) ;
#6278 = AXIS2_PLACEMENT_3D ( 'NONE', #4810, #1505, #5871 ) ;
#6279 = ORIENTED_EDGE ( 'NONE', *, *, #2519, .F. ) ;
#6280 = EDGE_CURVE ( 'NONE', #4890, #3814, #5327, .T. ) ;
#6281 = ORIENTED_EDGE ( 'NONE', *, *, #5235, .T. ) ;
#6282 = FACE_OUTER_BOUND ( 'NONE', #5411, .T. ) ;
#6283 = CARTESIAN_POINT ( 'NONE',  ( -2.381569860407199979, 0.5999999999999999778, 1.375000000000000000 ) ) ;
#6284 = AXIS2_PLACEMENT_3D ( 'NONE', #6395, #6424, #1584 ) ;
#6285 = FACE_OUTER_BOUND ( 'NONE', #911, .T. ) ;
#6286 = DIRECTION ( 'NONE',  ( 0.000000000000000000, 1.000000000000000000, 0.000000000000000000 ) ) ;
#6287 = VECTOR ( 'NONE', #4959, 999.9999999999998863 ) ;
#6288 = DIRECTION ( 'NONE',  ( 0.000000000000000000, 1.000000000000000000, 0.000000000000000000 ) ) ;
#6289 = AXIS2_PLACEMENT_3D ( 'NONE', #978, #5696, #6686 ) ;
#6290 = DIRECTION ( 'NONE',  ( -0.4875022170394932020, 0.000000000000000000, -0.8731217488881941602 ) ) ;
#6291 = CARTESIAN_POINT ( 'NONE',  ( -14.08057142857140143, 0.1200000000000000094, 1.878272675864170127 ) ) ;
#6292 = CARTESIAN_POINT ( 'NONE',  ( -1.870475028870020040, 0.5999999999999999778, 2.015892647532030235 ) ) ;
#6293 = ORIENTED_EDGE ( 'NONE', *, *, #2814, .F. ) ;
#6294 = LINE ( 'NONE', #3732, #1716 ) ;
#6295 = EDGE_LOOP ( 'NONE', ( #5349, #3431, #5244, #3957 ) ) ;
#6296 = ORIENTED_EDGE ( 'NONE', *, *, #6565, .F. ) ;
#6297 = EDGE_CURVE ( 'NONE', #6788, #3925, #6623, .T. ) ;
#6298 = CARTESIAN_POINT ( 'NONE',  ( 2.223635173115310337, 1.950346486786599831, 2.507004759207250189 ) ) ;
#6299 = FACE_OUTER_BOUND ( 'NONE', #5093, .T. ) ;
#6300 = DIRECTION ( 'NONE',  ( 0.000000000000000000, 1.000000000000000000, 0.000000000000000000 ) ) ;
#6301 = ORIENTED_EDGE ( 'NONE', *, *, #4751, .T. ) ;
#6303 = AXIS2_PLACEMENT_3D ( 'NONE', #4618, #3658, #6277 ) ;
#6302 = LINE ( 'NONE', #348, #3355 ) ;
#6304 = CARTESIAN_POINT ( 'NONE',  ( -0.2500000000000000000, 0.5999999999999999778, -2.085065946199299969 ) ) ;
#6305 = FACE_OUTER_BOUND ( 'NONE', #6906, .T. ) ;
#6306 = ORIENTED_EDGE ( 'NONE', *, *, #6649, .F. ) ;
#6307 = EDGE_CURVE ( 'NONE', #2913, #6187, #1022, .T. ) ;
#6308 = CARTESIAN_POINT ( 'NONE',  ( 2.297887837447566639, -0.1009507794319600416, -2.404130993605308131 ) ) ;
#6309 = DIRECTION ( 'NONE',  ( 0.000000000000000000, 0.000000000000000000, 1.000000000000000000 ) ) ;
#6310 = EDGE_CURVE ( 'NONE', #5990, #6024, #1523, .T. ) ;
#6311 = ADVANCED_FACE ( 'NONE', ( #399 ), #1491, .F. ) ;
#6312 = EDGE_LOOP ( 'NONE', ( #3335, #4845, #4943, #5249 ) ) ;
#6313 = DIRECTION ( 'NONE',  ( 0.000000000000000000, 0.000000000000000000, 1.000000000000000000 ) ) ;
#6314 = ORIENTED_EDGE ( 'NONE', *, *, #5269, .F. ) ;
#6315 = CARTESIAN_POINT ( 'NONE',  ( -2.559902808771560068, -2.200000000000000178, -1.004687817007580142 ) ) ;
#6316 = DIRECTION ( 'NONE',  ( 0.000000000000000000, -1.000000000000000000, 0.000000000000000000 ) ) ;
#6317 = CARTESIAN_POINT ( 'NONE',  ( -2.301511028871729980, 0.03746028324927540287, 2.471981467203240523 ) ) ;
#6318 = CARTESIAN_POINT ( 'NONE',  ( 2.225064786792109395, 2.095227254313152265, -2.471002970081290329 ) ) ;
#6319 = LINE ( 'NONE', #5893, #818 ) ;
#6320 = EDGE_CURVE ( 'NONE', #5975, #508, #5982, .T. ) ;
#6321 = TOROIDAL_SURFACE ( 'NONE', #685, 0.7699999999999999067, 0.1200000000000000094 ) ;
#6322 = CARTESIAN_POINT ( 'NONE',  ( 2.150036576787059950, 0.5999999999999999778, -1.714596955111539867 ) ) ;
#6323 = CIRCLE ( 'NONE', #6896, 0.1199999999999999956 ) ;
#6324 = CARTESIAN_POINT ( 'NONE',  ( 2.151101476921210676, 0.07931701199027238469, 2.535426496661159934 ) ) ;
#6325 = DIRECTION ( 'NONE',  ( 0.000000000000000000, 0.000000000000000000, 1.000000000000000000 ) ) ;
#6326 = ORIENTED_EDGE ( 'NONE', *, *, #1213, .T. ) ;
#6327 = VECTOR ( 'NONE', #3001, 1000.000000000000114 ) ;
#6328 = ORIENTED_EDGE ( 'NONE', *, *, #3599, .T. ) ;
#6329 = ORIENTED_EDGE ( 'NONE', *, *, #4276, .T. ) ;
#6330 = DIRECTION ( 'NONE',  ( 0.000000000000000000, 1.000000000000000000, 0.000000000000000000 ) ) ;
#6331 = DIRECTION ( 'NONE',  ( 0.000000000000000000, 0.000000000000000000, -1.000000000000000000 ) ) ;
#6332 = AXIS2_PLACEMENT_3D ( 'NONE', #5983, #1150, #5382 ) ;
#6333 = DIRECTION ( 'NONE',  ( 0.000000000000000000, -1.000000000000000000, 0.000000000000000000 ) ) ;
#6334 = VERTEX_POINT ( 'NONE', #3632 ) ;
#6335 = FACE_OUTER_BOUND ( 'NONE', #1741, .T. ) ;
#6336 = DIRECTION ( 'NONE',  ( 0.000000000000000000, -1.000000000000000000, 0.000000000000000000 ) ) ;
#6337 = ORIENTED_EDGE ( 'NONE', *, *, #5875, .F. ) ;
#6338 = CARTESIAN_POINT ( 'NONE',  ( -2.151101476921230660, 0.07931701199026508498, -2.535426496661140394 ) ) ;
#6339 = CIRCLE ( 'NONE', #5099, 0.1199999999999999956 ) ;
#6340 = ORIENTED_EDGE ( 'NONE', *, *, #4528, .T. ) ;
#6341 = CARTESIAN_POINT ( 'NONE',  ( 2.151275634093625655, 0.1008583911442934578, -2.535278717741142440 ) ) ;
#6342 = CYLINDRICAL_SURFACE ( 'NONE', #3931, 2.100000000000000089 ) ;
#6343 = TOROIDAL_SURFACE ( 'NONE', #266, 0.7699999999999999067, 0.1200000000000000094 ) ;
#6344 = TOROIDAL_SURFACE ( 'NONE', #2075, 0.7699999999999999067, 0.1200000000000000094 ) ;
#6345 = EDGE_CURVE ( 'NONE', #4945, #1576, #1672, .T. ) ;
#6346 = DIRECTION ( 'NONE',  ( 0.000000000000000000, 1.000000000000000000, 0.000000000000000000 ) ) ;
#6347 = ADVANCED_FACE ( 'NONE', ( #1976 ), #3703, .F. ) ;
#6348 = ORIENTED_EDGE ( 'NONE', *, *, #1805, .F. ) ;
#6349 = CC_DESIGN_DATE_AND_TIME_ASSIGNMENT ( #6941, #2095, ( #2230 ) ) ;
#6350 = LINE ( 'NONE', #4661, #944 ) ;
#6351 = VERTEX_POINT ( 'NONE', #5192 ) ;
#6352 = AXIS2_PLACEMENT_3D ( 'NONE', #2875, #6654, #4537 ) ;
#6353 = ORIENTED_EDGE ( 'NONE', *, *, #6934, .F. ) ;
#6354 = DIRECTION ( 'NONE',  ( 0.9360281355417201521, 0.000000000000000000, -0.3519251759597360474 ) ) ;
#6355 = EDGE_CURVE ( 'NONE', #3215, #4189, #211, .T. ) ;
#6356 = DIRECTION ( 'NONE',  ( 0.000000000000000000, -1.000000000000000000, 0.000000000000000000 ) ) ;
#6357 = EDGE_CURVE ( 'NONE', #74, #3117, #500, .T. ) ;
#6358 = EDGE_CURVE ( 'NONE', #4050, #4041, #5273, .T. ) ;
#6359 = AXIS2_PLACEMENT_3D ( 'NONE', #5484, #2802, #2697 ) ;
#6360 = LINE ( 'NONE', #4168, #4301 ) ;
#6361 = DIRECTION ( 'NONE',  ( 0.8587501788015357018, 0.000000000000000000, 0.5123945066141228910 ) ) ;
#6362 = CARTESIAN_POINT ( 'NONE',  ( 0.000000000000000000, -2.200000000000000178, 0.000000000000000000 ) ) ;
#6363 = AXIS2_PLACEMENT_3D ( 'NONE', #6852, #4588, #5687 ) ;
#6364 = CARTESIAN_POINT ( 'NONE',  ( 0.000000000000000000, 0.000000000000000000, 0.000000000000000000 ) ) ;
#6365 = EDGE_LOOP ( 'NONE', ( #2309, #1936, #157, #1111 ) ) ;
#6366 = ADVANCED_FACE ( 'NONE', ( #4236 ), #992, .F. ) ;
#6367 = ORIENTED_EDGE ( 'NONE', *, *, #6955, .T. ) ;
#6368 = VERTEX_POINT ( 'NONE', #4760 ) ;
#6369 = CARTESIAN_POINT ( 'NONE',  ( 2.299864107986500539, 2.151979102234917285, 2.402258834843422619 ) ) ;
#6370 = DIRECTION ( 'NONE',  ( 0.000000000000000000, 0.000000000000000000, 1.000000000000000000 ) ) ;
#6371 = CARTESIAN_POINT ( 'NONE',  ( -2.596346685210630056, 2.050000000000000266, -0.1377820387270949909 ) ) ;
#6372 = ORIENTED_EDGE ( 'NONE', *, *, #561, .F. ) ;
#6373 = COORDINATED_UNIVERSAL_TIME_OFFSET ( 2, 0, .AHEAD. ) ;
#6374 = AXIS2_PLACEMENT_3D ( 'NONE', #5174, #6233, #3091 ) ;
#6375 = LINE ( 'NONE', #4684, #4098 ) ;
#6376 = ORIENTED_EDGE ( 'NONE', *, *, #3359, .T. ) ;
#6377 = CARTESIAN_POINT ( 'NONE',  ( 2.199896280058857290, -0.01585379523139375177, -2.493251706488007091 ) ) ;
#6378 = CARTESIAN_POINT ( 'NONE',  ( 0.000000000000000000, 0.000000000000000000, 0.000000000000000000 ) ) ;
#6379 = CIRCLE ( 'NONE', #856, 0.7699999999999999067 ) ;
#6380 = ORIENTED_EDGE ( 'NONE', *, *, #4066, .T. ) ;
#6381 = AXIS2_PLACEMENT_3D ( 'NONE', #738, #5573, #2885 ) ;
#6382 = CARTESIAN_POINT ( 'NONE',  ( 4.071950607164949395E-16, 2.230000000000000426, -3.324999999999999734 ) ) ;
#6383 = ORIENTED_EDGE ( 'NONE', *, *, #1002, .F. ) ;
#6384 = CARTESIAN_POINT ( 'NONE',  ( 10.25000000000000000, 2.050000000000000266, 0.7699999999999999067 ) ) ;
#6385 = ORIENTED_EDGE ( 'NONE', *, *, #5832, .T. ) ;
#6386 = AXIS2_PLACEMENT_3D ( 'NONE', #5403, #5478, #574 ) ;
#6387 = ADVANCED_FACE ( 'NONE', ( #6285 ), #1457, .T. ) ;
#6388 = EDGE_LOOP ( 'NONE', ( #4348, #2718, #987, #4759 ) ) ;
#6389 = CARTESIAN_POINT ( 'NONE',  ( -1.870475028870020040, 0.5999999999999999778, 2.015892647532030235 ) ) ;
#6390 = CARTESIAN_POINT ( 'NONE',  ( 0.000000000000000000, -2.200000000000000178, 0.000000000000000000 ) ) ;
#6391 = AXIS2_PLACEMENT_3D ( 'NONE', #4378, #5962, #3840 ) ;
#6392 = CARTESIAN_POINT ( 'NONE',  ( 14.25000000000000000, 2.050000000000000266, -0.7699999999999999067 ) ) ;
#6393 = EDGE_CURVE ( 'NONE', #5951, #5023, #3975, .T. ) ;
#6394 = EDGE_CURVE ( 'NONE', #4988, #6417, #4471, .T. ) ;
#6395 = CARTESIAN_POINT ( 'NONE',  ( 0.000000000000000000, 0.5999999999999999778, 0.000000000000000000 ) ) ;
#6396 = EDGE_CURVE ( 'NONE', #6917, #4295, #1214, .T. ) ;
#6397 = DIRECTION ( 'NONE',  ( -0.7427513150827049770, 0.000000000000000000, 0.6695673856624979603 ) ) ;
#6398 = ORIENTED_EDGE ( 'NONE', *, *, #5231, .F. ) ;
#6399 = ORIENTED_EDGE ( 'NONE', *, *, #4666, .F. ) ;
#6400 = CIRCLE ( 'NONE', #6177, 0.1199999999999999956 ) ;
#6401 = VERTEX_POINT ( 'NONE', #1186 ) ;
#6402 = DIRECTION ( 'NONE',  ( 0.000000000000000000, 0.000000000000000000, 1.000000000000000000 ) ) ;
#6403 = DIRECTION ( 'NONE',  ( 0.000000000000000000, -1.000000000000000000, 0.000000000000000000 ) ) ;
#6404 = EDGE_CURVE ( 'NONE', #4189, #1531, #1747, .T. ) ;
#6405 = PLANE ( 'NONE',  #425 ) ;
#6406 = ORIENTED_EDGE ( 'NONE', *, *, #3266, .T. ) ;
#6407 = AXIS2_PLACEMENT_3D ( 'NONE', #4081, #4682, #1369 ) ;
#6408 = APPROVAL_STATUS ( 'not_yet_approved' ) ;
#6409 = LINE ( 'NONE', #4780, #4773 ) ;
#6410 = EDGE_LOOP ( 'NONE', ( #5858, #5953, #5560 ) ) ;
#6411 = DIRECTION ( 'NONE',  ( 0.000000000000000000, -1.000000000000000000, 0.000000000000000000 ) ) ;
#6412 = CARTESIAN_POINT ( 'NONE',  ( -2.681051758500009985, 0.5999999999999999778, 0.6119325683798749749 ) ) ;
#6413 = EDGE_CURVE ( 'NONE', #724, #2836, #92, .T. ) ;
#6414 = ORIENTED_EDGE ( 'NONE', *, *, #6599, .T. ) ;
#6415 = DIRECTION ( 'NONE',  ( 0.000000000000000000, 1.000000000000000000, 0.000000000000000000 ) ) ;
#6416 = CARTESIAN_POINT ( 'NONE',  ( 2.559902808771549854, 0.5999999999999999778, -1.004687817007609896 ) ) ;
#6417 = VERTEX_POINT ( 'NONE', #5566 ) ;
#6418 = ORIENTED_EDGE ( 'NONE', *, *, #1051, .F. ) ;
#6419 = CARTESIAN_POINT ( 'NONE',  ( -4.250000000000000000, 1.930000000000000160, 0.000000000000000000 ) ) ;
#6420 = FACE_OUTER_BOUND ( 'NONE', #660, .T. ) ;
#6421 = CARTESIAN_POINT ( 'NONE',  ( 0.000000000000000000, -2.200000000000000178, 0.000000000000000000 ) ) ;
#6422 = DIRECTION ( 'NONE',  ( -1.000000000000000000, 0.000000000000000000, 0.000000000000000000 ) ) ;
#6423 = AXIS2_PLACEMENT_3D ( 'NONE', #1228, #4474, #6325 ) ;
#6424 = DIRECTION ( 'NONE',  ( 0.000000000000000000, -1.000000000000000000, 0.000000000000000000 ) ) ;
#6425 = FACE_OUTER_BOUND ( 'NONE', #5882, .T. ) ;
#6426 = ORIENTED_EDGE ( 'NONE', *, *, #6850, .T. ) ;
#6427 = EDGE_CURVE ( 'NONE', #3888, #4154, #246, .T. ) ;
#6428 = ADVANCED_FACE ( 'NONE', ( #1224 ), #1652, .T. ) ;
#6429 = ORIENTED_EDGE ( 'NONE', *, *, #4147, .F. ) ;
#6430 = VECTOR ( 'NONE', #5328, 1000.000000000000000 ) ;
#6431 = EDGE_CURVE ( 'NONE', #1783, #1847, #6588, .T. ) ;
#6432 = ORIENTED_EDGE ( 'NONE', *, *, #1127, .F. ) ;
#6433 = DIRECTION ( 'NONE',  ( 0.000000000000000000, 0.000000000000000000, -1.000000000000000000 ) ) ;
#6434 = CARTESIAN_POINT ( 'NONE',  ( -2.150036576787090148, 0.5999999999999999778, -1.714596955111509891 ) ) ;
#6435 = CARTESIAN_POINT ( 'NONE',  ( -14.00000000000000000, 2.050000000000000266, 0.000000000000000000 ) ) ;
#6436 = CIRCLE ( 'NONE', #1032, 0.6500000000000000222 ) ;
#6437 = ORIENTED_EDGE ( 'NONE', *, *, #5429, .T. ) ;
#6438 = ORIENTED_EDGE ( 'NONE', *, *, #1365, .T. ) ;
#6439 = PERSON_AND_ORGANIZATION_ROLE ( 'creator' ) ;
#6440 = CARTESIAN_POINT ( 'NONE',  ( -4.250000000000000000, 0.000000000000000000, 0.7699999999999999067 ) ) ;
#6441 = EDGE_CURVE ( 'NONE', #1576, #2644, #5044, .T. ) ;
#6442 = AXIS2_PLACEMENT_3D ( 'NONE', #2280, #3373, #5070 ) ;
#6443 = ORIENTED_EDGE ( 'NONE', *, *, #413, .T. ) ;
#6444 = LINE ( 'NONE', #2634, #1982 ) ;
#6445 = CARTESIAN_POINT ( 'NONE',  ( -10.25000000000000000, 0.000000000000000000, -0.7699999999999999067 ) ) ;
#6446 = ORIENTED_EDGE ( 'NONE', *, *, #564, .F. ) ;
#6447 = AXIS2_PLACEMENT_3D ( 'NONE', #1979, #2648, #996 ) ;
#6448 = DIRECTION ( 'NONE',  ( 0.000000000000000000, -1.000000000000000000, 0.000000000000000000 ) ) ;
#6449 = CARTESIAN_POINT ( 'NONE',  ( -4.250000000000000000, 0.1200000000000000094, 0.7699999999999999067 ) ) ;
#6450 = VERTEX_POINT ( 'NONE', #6093 ) ;
#6451 = AXIS2_PLACEMENT_3D ( 'NONE', #5191, #3630, #363 ) ;
#6452 = ORIENTED_EDGE ( 'NONE', *, *, #451, .T. ) ;
#6453 = DIRECTION ( 'NONE',  ( 0.04285714285713609212, 0.000000000000000000, 0.9990812105660494824 ) ) ;
#6454 = VECTOR ( 'NONE', #1189, 1000.000000000000000 ) ;
#6455 = DIRECTION ( 'NONE',  ( 0.000000000000000000, 0.000000000000000000, 1.000000000000000000 ) ) ;
#6456 = CARTESIAN_POINT ( 'NONE',  ( -1.726518015914019877, 2.050000000000000266, 1.943999881873530011 ) ) ;
#6457 = TOROIDAL_SURFACE ( 'NONE', #3745, 0.7699999999999999067, 0.1200000000000000094 ) ;
#6458 = DIRECTION ( 'NONE',  ( -0.2084867079878979512, 0.000000000000000000, -0.9780252003871726663 ) ) ;
#6459 = CARTESIAN_POINT ( 'NONE',  ( 2.150036576787059950, 0.5999999999999999778, -1.714596955111539867 ) ) ;
#6460 = EDGE_LOOP ( 'NONE', ( #4913, #5281, #143, #4425 ) ) ;
#6461 = AXIS2_PLACEMENT_3D ( 'NONE', #540, #21, #3774 ) ;
#6462 = DIRECTION ( 'NONE',  ( 0.000000000000000000, 0.000000000000000000, -1.000000000000000000 ) ) ;
#6463 = ORIENTED_EDGE ( 'NONE', *, *, #1448, .F. ) ;
#6464 = VERTEX_POINT ( 'NONE', #103 ) ;
#6465 = DIRECTION ( 'NONE',  ( 0.000000000000000000, 0.000000000000000000, 1.000000000000000000 ) ) ;
#6466 = DIRECTION ( 'NONE',  ( -0.9990812105660495934, 0.000000000000000000, 0.04285714285713617538 ) ) ;
#6467 = EDGE_CURVE ( 'NONE', #4726, #2346, #6750, .T. ) ;
#6468 = VERTEX_POINT ( 'NONE', #2352 ) ;
#6469 = PRODUCT_RELATED_PRODUCT_CATEGORY ( 'detail', '', ( #464 ) ) ;
#6470 = APPROVAL_DATE_TIME ( #6907, #2715 ) ;
#6471 = VERTEX_POINT ( 'NONE', #6021 ) ;
#6472 = CARTESIAN_POINT ( 'NONE',  ( -2.151142517227300210, 0.1200000000000000094, 2.535391660193160313 ) ) ;
#6473 = EDGE_LOOP ( 'NONE', ( #3354, #4390, #3558, #1971, #694, #2588, #6170, #5381, #2828, #4075, #5075, #2108, #1775, #1700, #3818, #1882, #6866, #3331, #2570, #6687, #2452, #4616, #3261, #1993, #6329, #6426, #5399, #6206, #5518, #4264, #4653, #3520, #3401, #566, #6112, #2098, #1737, #6085, #4532, #6262, #5888, #3690, #1811, #2176, #5628, #5791, #4736, #3579, #4917, #2398, #84, #3892, #3255, #5445, #3612, #582, #5714, #6933, #1471, #1658, #1533, #1139, #2941, #3518, #4032, #4387, #2374, #2433, #3397, #1179, #2282, #5511, #6835, #2804, #1115, #6082, #2493, #6001 ) ) ;
#6474 = CARTESIAN_POINT ( 'NONE',  ( -1.870475028870020040, 0.5999999999999999778, 2.015892647532030235 ) ) ;
#6475 = DIRECTION ( 'NONE',  ( 0.000000000000000000, 0.000000000000000000, 1.000000000000000000 ) ) ;
#6476 = EDGE_CURVE ( 'NONE', #1847, #432, #5493, .T. ) ;
#6477 = ADVANCED_FACE ( 'NONE', ( #662 ), #5032, .T. ) ;
#6478 = EDGE_LOOP ( 'NONE', ( #4177, #4086, #3967, #3695 ) ) ;
#6479 = EDGE_CURVE ( 'NONE', #6118, #1586, #6059, .T. ) ;
#6480 = DIRECTION ( 'NONE',  ( 0.000000000000000000, -1.000000000000000000, 0.000000000000000000 ) ) ;
#6481 = CARTESIAN_POINT ( 'NONE',  ( -0.4098662319844609825, -2.200000000000000178, 2.719284772119110016 ) ) ;
#6482 = ORIENTED_EDGE ( 'NONE', *, *, #2978, .F. ) ;
#6483 = CARTESIAN_POINT ( 'NONE',  ( -14.08057142857140143, 0.000000000000000000, 1.878272675864170127 ) ) ;
#6484 = VECTOR ( 'NONE', #2265, 999.9999999999998863 ) ;
#6485 = EDGE_CURVE ( 'NONE', #2277, #2701, #1820, .T. ) ;
#6486 = ORIENTED_EDGE ( 'NONE', *, *, #934, .F. ) ;
#6487 = CARTESIAN_POINT ( 'NONE',  ( -2.546812290613429841, 0.000000000000000000, 0.5232085209363049882 ) ) ;
#6488 = CYLINDRICAL_SURFACE ( 'NONE', #4221, 0.6500000000000000222 ) ;
#6489 = LINE ( 'NONE', #5465, #1501 ) ;
#6490 = CIRCLE ( 'NONE', #4909, 0.7699999999999999067 ) ;
#6491 = DIRECTION ( 'NONE',  ( 0.000000000000000000, 0.000000000000000000, -1.000000000000000000 ) ) ;
#6492 = TOROIDAL_SURFACE ( 'NONE', #6952, 0.7699999999999999067, 0.1200000000000000094 ) ;
#6493 = CARTESIAN_POINT ( 'NONE',  ( -1.381119163458470078, 0.000000000000000000, -1.581932317239830077 ) ) ;
#6494 = VERTEX_POINT ( 'NONE', #5603 ) ;
#6495 = DIRECTION ( 'NONE',  ( -0.2365091976266211204, 0.000000000000000000, 0.9716292499909684466 ) ) ;
#6496 = ORIENTED_EDGE ( 'NONE', *, *, #1438, .T. ) ;
#6497 = ORIENTED_EDGE ( 'NONE', *, *, #3371, .T. ) ;
#6498 = DIRECTION ( 'NONE',  ( 0.000000000000000000, -1.000000000000000000, 0.000000000000000000 ) ) ;
#6499 = CARTESIAN_POINT ( 'NONE',  ( -2.150036576787090148, 0.5999999999999999778, -1.714596955111509891 ) ) ;
#6500 = CARTESIAN_POINT ( 'NONE',  ( 2.097918202319720038, 0.000000000000000000, 0.09348377600193219505 ) ) ;
#6501 = ORIENTED_EDGE ( 'NONE', *, *, #2081, .F. ) ;
#6502 = COORDINATED_UNIVERSAL_TIME_OFFSET ( 2, 0, .AHEAD. ) ;
#6503 = VECTOR ( 'NONE', #5227, 999.9999999999998863 ) ;
#6504 = EDGE_LOOP ( 'NONE', ( #5808, #3918, #3304, #128 ) ) ;
#6505 = FACE_OUTER_BOUND ( 'NONE', #830, .T. ) ;
#6506 = ORIENTED_EDGE ( 'NONE', *, *, #3359, .F. ) ;
#6507 = EDGE_CURVE ( 'NONE', #6084, #4148, #4013, .T. ) ;
#6508 = ORIENTED_EDGE ( 'NONE', *, *, #1773, .F. ) ;
#6509 = CARTESIAN_POINT ( 'NONE',  ( -1.977158756200430023, 0.5999999999999999778, 0.7077027997542399973 ) ) ;
#6510 = CARTESIAN_POINT ( 'NONE',  ( 4.071950607164949395E-16, -13.80452018978109940, -3.324999999999999734 ) ) ;
#6511 = DIRECTION ( 'NONE',  ( 0.000000000000000000, -1.000000000000000000, 0.000000000000000000 ) ) ;
#6512 = AXIS2_PLACEMENT_3D ( 'NONE', #5575, #4117, #2888 ) ;
#6513 = ORIENTED_EDGE ( 'NONE', *, *, #2118, .T. ) ;
#6514 = CARTESIAN_POINT ( 'NONE',  ( 3.924992991267267336E-16, -2.079999999999999627, -3.205000000000000071 ) ) ;
#6515 = ADVANCED_FACE ( 'NONE', ( #5069 ), #1148, .T. ) ;
#6516 = DIRECTION ( 'NONE',  ( 0.000000000000000000, 1.000000000000000000, 0.000000000000000000 ) ) ;
#6517 = ADVANCED_FACE ( 'NONE', ( #6549 ), #4818, .T. ) ;
#6518 = ORIENTED_EDGE ( 'NONE', *, *, #879, .F. ) ;
#6519 = EDGE_CURVE ( 'NONE', #2961, #1717, #101, .T. ) ;
#6520 = LINE ( 'NONE', #1677, #632 ) ;
#6521 = EDGE_LOOP ( 'NONE', ( #2606, #5040, #2488, #3154, #2249, #4140 ) ) ;
#6522 = DIRECTION ( 'NONE',  ( 0.000000000000000000, 1.000000000000000000, 0.000000000000000000 ) ) ;
#6523 = AXIS2_PLACEMENT_3D ( 'NONE', #3133, #2568, #6879 ) ;
#6524 = DIRECTION ( 'NONE',  ( 0.000000000000000000, -1.000000000000000000, 0.000000000000000000 ) ) ;
#6525 = DIRECTION ( 'NONE',  ( 0.000000000000000000, 0.000000000000000000, 1.000000000000000000 ) ) ;
#6526 = CARTESIAN_POINT ( 'NONE',  ( 0.000000000000000000, 0.000000000000000000, 0.000000000000000000 ) ) ;
#6527 = DIRECTION ( 'NONE',  ( 0.000000000000000000, 0.000000000000000000, 1.000000000000000000 ) ) ;
#6528 = DIRECTION ( 'NONE',  ( -0.6894755605189193393, 0.000000000000000000, -0.7243089475128153820 ) ) ;
#6529 = ORIENTED_EDGE ( 'NONE', *, *, #228, .T. ) ;
#6530 = DIRECTION ( 'NONE',  ( 0.000000000000000000, -1.000000000000000000, 0.000000000000000000 ) ) ;
#6531 = ADVANCED_FACE ( 'NONE', ( #5106 ), #2025, .T. ) ;
#6532 = ORIENTED_EDGE ( 'NONE', *, *, #740, .F. ) ;
#6533 = CARTESIAN_POINT ( 'NONE',  ( -2.408327292419072396, 2.170117883352709054, 2.292506278647438833 ) ) ;
#6534 = DIRECTION ( 'NONE',  ( 0.000000000000000000, 0.000000000000000000, 1.000000000000000000 ) ) ;
#6535 = CARTESIAN_POINT ( 'NONE',  ( -1.511073344723080192, 0.5999999999999999778, -2.115811273924830260 ) ) ;
#6536 = EDGE_LOOP ( 'NONE', ( #5454, #3535, #2558, #2308 ) ) ;
#6537 =( BOUNDED_SURFACE ( )  B_SPLINE_SURFACE ( 3, 2, ( 
 ( #1373, #1411, #354 ),
 ( #6244, #1341, #251 ),
 ( #844, #2396, #2466 ),
 ( #1863, #4087, #1897 ),
 ( #908, #1446, #5182 ),
 ( #6706, #6741, #2962 ),
 ( #3515, #5114, #287 ),
 ( #5680, #2996, #5147 ) ),
 .UNSPECIFIED., .F., .F., .F. ) 
 B_SPLINE_SURFACE_WITH_KNOTS ( ( 4, 2, 2, 4 ),
 ( 3, 3 ),
 ( 0.0002119878647782310005, 0.0003316592760360360329, 0.0004513306872938400082, 0.0006906735098094489347 ),
 ( -0.0003696151144401179766, 1.000000000000000000 ),
 .UNSPECIFIED. ) 
 GEOMETRIC_REPRESENTATION_ITEM ( )  RATIONAL_B_SPLINE_SURFACE ( (
 ( 1.000039988285789994, 0.9459055051752830456, 1.000000000000000000),
 ( 1.000039935780870026, 0.9459765316508199628, 1.000000000000000000),
 ( 1.000047368364609834, 0.9359220405836470302, 1.000000000000000000),
 ( 1.000070031981209917, 0.9052636398343919533, 1.000000000000000000),
 ( 1.000084696036130039, 0.8854267144145229196, 1.000000000000000000),
 ( 1.000133735697849913, 0.8190878935644440029, 1.000000000000000000),
 ( 1.000173282811309905, 0.7655901983738100380, 1.000000000000000000),
 ( 1.000216595548589993, 0.7069985234259590356, 1.000000000000000000) ) ) 
 REPRESENTATION_ITEM ( '' )  SURFACE ( )  );
#6538 = TOROIDAL_SURFACE ( 'NONE', #5777, 0.7699999999999999067, 0.1200000000000000094 ) ;
#6539 = ORIENTED_EDGE ( 'NONE', *, *, #3297, .T. ) ;
#6540 = DIRECTION ( 'NONE',  ( 0.000000000000000000, 0.000000000000000000, 1.000000000000000000 ) ) ;
#6541 = ORIENTED_EDGE ( 'NONE', *, *, #4752, .T. ) ;
#6542 = ORIENTED_EDGE ( 'NONE', *, *, #2649, .T. ) ;
#6543 = DIRECTION ( 'NONE',  ( -0.9071114096957356709, 0.000000000000000000, -0.4208905919592588751 ) ) ;
#6544 = DIRECTION ( 'NONE',  ( 0.000000000000000000, 0.000000000000000000, 1.000000000000000000 ) ) ;
#6545 = VECTOR ( 'NONE', #6249, 1000.000000000000000 ) ;
#6546 = CARTESIAN_POINT ( 'NONE',  ( -14.25000000000000000, 2.050000000000000266, 0.000000000000000000 ) ) ;
#6547 = AXIS2_PLACEMENT_3D ( 'NONE', #1401, #4571, #6731 ) ;
#6548 = ORIENTED_EDGE ( 'NONE', *, *, #3166, .T. ) ;
#6549 = FACE_OUTER_BOUND ( 'NONE', #336, .T. ) ;
#6550 = CARTESIAN_POINT ( 'NONE',  ( 12.25000000000000000, 2.050000000000000266, -0.7699999999999999067 ) ) ;
#6551 = AXIS2_PLACEMENT_3D ( 'NONE', #3236, #2679, #6453 ) ;
#6552 = DIRECTION ( 'NONE',  ( -0.6121892641637280974, 0.000000000000000000, 0.7907112651547801851 ) ) ;
#6553 = ORIENTED_EDGE ( 'NONE', *, *, #6762, .F. ) ;
#6554 = DIRECTION ( 'NONE',  ( 0.000000000000000000, 0.000000000000000000, 1.000000000000000000 ) ) ;
#6555 = AXIS2_PLACEMENT_3D ( 'NONE', #2006, #3626, #1938 ) ;
#6556 = ORIENTED_EDGE ( 'NONE', *, *, #4540, .F. ) ;
#6557 = EDGE_CURVE ( 'NONE', #5975, #4092, #6302, .T. ) ;
#6558 = CARTESIAN_POINT ( 'NONE',  ( 0.5579706603046120650, 0.000000000000000000, 2.024516915770090186 ) ) ;
#6559 = CARTESIAN_POINT ( 'NONE',  ( 0.06355524719204760919, 0.000000000000000000, 2.099038048858179906 ) ) ;
#6560 = FACE_OUTER_BOUND ( 'NONE', #185, .T. ) ;
#6561 = CYLINDRICAL_SURFACE ( 'NONE', #3740, 2.100000000000000089 ) ;
#6562 = AXIS2_PLACEMENT_3D ( 'NONE', #5331, #5295, #4240 ) ;
#6563 = CARTESIAN_POINT ( 'NONE',  ( 2.681051758500020199, -2.200000000000000178, 0.6119325683798361171 ) ) ;
#6564 = EDGE_CURVE ( 'NONE', #3434, #5492, #3137, .T. ) ;
#6565 = EDGE_CURVE ( 'NONE', #3224, #4090, #2680, .T. ) ;
#6566 = CARTESIAN_POINT ( 'NONE',  ( -1.549130159674960039, -2.200000000000000178, -2.272156629368980330 ) ) ;
#6567 = CIRCLE ( 'NONE', #3185, 0.1199999999999999956 ) ;
#6568 = VERTEX_POINT ( 'NONE', #5708 ) ;
#6569 = EDGE_CURVE ( 'NONE', #6217, #4657, #6270, .T. ) ;
#6570 = VECTOR ( 'NONE', #2857, 1000.000000000000114 ) ;
#6571 = CARTESIAN_POINT ( 'NONE',  ( 8.250000000000000000, 0.000000000000000000, -0.7699999999999999067 ) ) ;
#6572 = ORIENTED_EDGE ( 'NONE', *, *, #2784, .F. ) ;
#6573 = CARTESIAN_POINT ( 'NONE',  ( -2.223634878751290067, 0.1200000000000000094, 2.507004771834460133 ) ) ;
#6574 = CARTESIAN_POINT ( 'NONE',  ( -14.25000000000000000, 0.1200000000000000094, 0.000000000000000000 ) ) ;
#6575 = DIRECTION ( 'NONE',  ( 0.000000000000000000, -1.000000000000000000, 0.000000000000000000 ) ) ;
#6576 = TOROIDAL_SURFACE ( 'NONE', #1723, 0.7699999999999999067, 0.1200000000000000094 ) ;
#6577 = ORIENTED_EDGE ( 'NONE', *, *, #6320, .F. ) ;
#6578 = COORDINATED_UNIVERSAL_TIME_OFFSET ( 2, 0, .AHEAD. ) ;
#6579 = ORIENTED_EDGE ( 'NONE', *, *, #6929, .F. ) ;
#6580 = CARTESIAN_POINT ( 'NONE',  ( -2.151275634093628764, 0.1008583911443003689, 2.535278717741138887 ) ) ;
#6581 = VERTEX_POINT ( 'NONE', #6873 ) ;
#6582 = TOROIDAL_SURFACE ( 'NONE', #3533, 0.7699999999999999067, 0.1200000000000000094 ) ;
#6583 = VERTEX_POINT ( 'NONE', #1336 ) ;
#6584 = DIRECTION ( 'NONE',  ( 0.000000000000000000, 0.000000000000000000, -1.000000000000000000 ) ) ;
#6585 = DIRECTION ( 'NONE',  ( 0.000000000000000000, 0.000000000000000000, 1.000000000000000000 ) ) ;
#6586 = CARTESIAN_POINT ( 'NONE',  ( -2.279446147510249876, 0.000000000000000000, 1.250649935273919988 ) ) ;
#6587 = ORIENTED_EDGE ( 'NONE', *, *, #6922, .T. ) ;
#6588 = LINE ( 'NONE', #2314, #1091 ) ;
#6589 = DIRECTION ( 'NONE',  ( 0.3084578147246830326, 0.000000000000000000, -0.9512380230706052320 ) ) ;
#6590 = CARTESIAN_POINT ( 'NONE',  ( -2.559902808771560068, 0.000000000000000000, -1.004687817007580142 ) ) ;
#6591 = ORIENTED_EDGE ( 'NONE', *, *, #5500, .F. ) ;
#6592 = CARTESIAN_POINT ( 'NONE',  ( 1.549130159674929841, 0.5999999999999999778, -2.272156629369010084 ) ) ;
#6593 = ORIENTED_EDGE ( 'NONE', *, *, #4592, .T. ) ;
#6594 = DIRECTION ( 'NONE',  ( 0.000000000000000000, 1.000000000000000000, 0.000000000000000000 ) ) ;
#6595 = CARTESIAN_POINT ( 'NONE',  ( 0.4098662319845000068, 0.000000000000000000, 2.719284772119100246 ) ) ;
#6596 = CARTESIAN_POINT ( 'NONE',  ( 0.000000000000000000, 0.5999999999999999778, 0.000000000000000000 ) ) ;
#6597 = CARTESIAN_POINT ( 'NONE',  ( -2.223634878751290067, 1.930000000000000160, -2.507004771834460133 ) ) ;
#6598 = CIRCLE ( 'NONE', #625, 0.1199999999999999956 ) ;
#6599 = EDGE_CURVE ( 'NONE', #6729, #1483, #2796, .T. ) ;
#6600 = CARTESIAN_POINT ( 'NONE',  ( 0.4098662319845000068, 0.5999999999999999778, 2.719284772119100246 ) ) ;
#6601 = TOROIDAL_SURFACE ( 'NONE', #1532, 1.879999999999999893, 0.1200000000000000094 ) ;
#6602 = CARTESIAN_POINT ( 'NONE',  ( -14.25000000000000000, 1.930000000000000160, 0.000000000000000000 ) ) ;
#6603 = VERTEX_POINT ( 'NONE', #5140 ) ;
#6604 = CARTESIAN_POINT ( 'NONE',  ( -2.681051758500009985, 0.5999999999999999778, 0.6119325683798749749 ) ) ;
#6605 = ORIENTED_EDGE ( 'NONE', *, *, #5004, .F. ) ;
#6606 = EDGE_CURVE ( 'NONE', #465, #3652, #3468, .T. ) ;
#6607 = ADVANCED_FACE ( 'NONE', ( #6167 ), #1892, .F. ) ;
#6608 = EDGE_CURVE ( 'NONE', #2165, #4890, #282, .T. ) ;
#6609 = CARTESIAN_POINT ( 'NONE',  ( -2.299763500551679662, 2.151940936574209040, 2.402350414722752348 ) ) ;
#6610 = DIRECTION ( 'NONE',  ( 0.000000000000000000, 1.000000000000000000, 0.000000000000000000 ) ) ;
#6611 = CIRCLE ( 'NONE', #6278, 0.1199999999999998845 ) ;
#6612 = CARTESIAN_POINT ( 'NONE',  ( -6.250000000000000000, -2.200000000000000178, 0.000000000000000000 ) ) ;
#6613 = ORIENTED_EDGE ( 'NONE', *, *, #3633, .T. ) ;
#6614 = VERTEX_POINT ( 'NONE', #4612 ) ;
#6615 = CARTESIAN_POINT ( 'NONE',  ( 6.250000000000000000, 0.000000000000000000, 0.000000000000000000 ) ) ;
#6616 = ORIENTED_EDGE ( 'NONE', *, *, #3513, .F. ) ;
#6617 = CIRCLE ( 'NONE', #870, 0.1199999999999999956 ) ;
#6618 = VERTEX_POINT ( 'NONE', #2422 ) ;
#6619 = LINE ( 'NONE', #5413, #1281 ) ;
#6620 = CARTESIAN_POINT ( 'NONE',  ( -2.172264346982821337, 2.021122359665447288, -2.517323465592146814 ) ) ;
#6621 = CARTESIAN_POINT ( 'NONE',  ( 0.000000000000000000, 0.5999999999999999778, 0.000000000000000000 ) ) ;
#6622 = ORIENTED_EDGE ( 'NONE', *, *, #4541, .T. ) ;
#6623 = CIRCLE ( 'NONE', #5938, 0.6500000000000000222 ) ;
#6624 = DIRECTION ( 'NONE',  ( 0.3519251759597359919, 0.000000000000000000, 0.9360281355417200411 ) ) ;
#6625 = LINE ( 'NONE', #6061, #4977 ) ;
#6626 = CARTESIAN_POINT ( 'NONE',  ( -2.381569860407199979, 0.5999999999999999778, 1.375000000000000000 ) ) ;
#6627 = EDGE_CURVE ( 'NONE', #3925, #6788, #3698, .T. ) ;
#6628 = ORIENTED_EDGE ( 'NONE', *, *, #5355, .F. ) ;
#6629 = AXIS2_PLACEMENT_3D ( 'NONE', #373, #4564, #859 ) ;
#6630 = DIRECTION ( 'NONE',  ( 0.000000000000000000, 0.000000000000000000, -1.000000000000000000 ) ) ;
#6631 = ORIENTED_EDGE ( 'NONE', *, *, #5386, .F. ) ;
#6632 = LINE ( 'NONE', #4714, #2578 ) ;
#6633 = CARTESIAN_POINT ( 'NONE',  ( -2.223634878751290067, 1.930000000000000160, -2.507004771834460133 ) ) ;
#6634 = CARTESIAN_POINT ( 'NONE',  ( 2.186779462265847407, 0.003140436388797066079, 2.504728462957398261 ) ) ;
#6635 = DIRECTION ( 'NONE',  ( 0.000000000000000000, 1.000000000000000000, 0.000000000000000000 ) ) ;
#6636 = LINE ( 'NONE', #4517, #2849 ) ;
#6637 = ORIENTED_EDGE ( 'NONE', *, *, #2726, .F. ) ;
#6638 = DIRECTION ( 'NONE',  ( 0.000000000000000000, 1.000000000000000000, 0.000000000000000000 ) ) ;
#6639 = CIRCLE ( 'NONE', #5956, 0.1199999999999998845 ) ;
#6640 = CARTESIAN_POINT ( 'NONE',  ( -4.250000000000000000, 0.1200000000000000094, 0.6500000000000000222 ) ) ;
#6641 = CARTESIAN_POINT ( 'NONE',  ( -12.25000000000000000, 2.050000000000000266, 0.000000000000000000 ) ) ;
#6642 = CYLINDRICAL_SURFACE ( 'NONE', #1709, 0.1199999999999999678 ) ;
#6643 = VERTEX_POINT ( 'NONE', #4151 ) ;
#6644 = CARTESIAN_POINT ( 'NONE',  ( -12.25000000000000000, -2.200000000000000178, 0.6500000000000000222 ) ) ;
#6645 = DIRECTION ( 'NONE',  ( -0.5123945066141228910, 0.000000000000000000, 0.8587501788015357018 ) ) ;
#6646 = ORIENTED_EDGE ( 'NONE', *, *, #1900, .F. ) ;
#6647 = ADVANCED_FACE ( 'NONE', ( #3095 ), #6735, .F. ) ;
#6648 = EDGE_CURVE ( 'NONE', #6151, #6471, #1404, .T. ) ;
#6649 = EDGE_CURVE ( 'NONE', #6953, #2775, #6753, .T. ) ;
#6650 = ORIENTED_EDGE ( 'NONE', *, *, #4620, .T. ) ;
#6651 = DIRECTION ( 'NONE',  ( 0.000000000000000000, 0.000000000000000000, -1.000000000000000000 ) ) ;
#6652 = EDGE_LOOP ( 'NONE', ( #5450, #1829, #6432, #1850, #3228, #6579 ) ) ;
#6653 = ORIENTED_EDGE ( 'NONE', *, *, #3633, .F. ) ;
#6654 = DIRECTION ( 'NONE',  ( -0.9990812105660492604, 0.000000000000000000, 0.04285714285714280203 ) ) ;
#6655 = CARTESIAN_POINT ( 'NONE',  ( -2.351589171965994929, 2.169999999999999485, -2.352110813978992354 ) ) ;
#6656 = PLANE ( 'NONE',  #1644 ) ;
#6657 = AXIS2_PLACEMENT_3D ( 'NONE', #4244, #6528, #6073 ) ;
#6658 = ORIENTED_EDGE ( 'NONE', *, *, #2854, .F. ) ;
#6659 = EDGE_CURVE ( 'NONE', #1288, #6494, #3581, .T. ) ;
#6660 = DIRECTION ( 'NONE',  ( 0.000000000000000000, -1.000000000000000000, 0.000000000000000000 ) ) ;
#6661 = EDGE_CURVE ( 'NONE', #1288, #456, #417, .T. ) ;
#6662 = FACE_OUTER_BOUND ( 'NONE', #6473, .T. ) ;
#6663 = CARTESIAN_POINT ( 'NONE',  ( 6.250000000000000000, 1.930000000000000160, 0.000000000000000000 ) ) ;
#6664 = DIRECTION ( 'NONE',  ( 0.000000000000000000, 0.000000000000000000, -1.000000000000000000 ) ) ;
#6665 = VECTOR ( 'NONE', #5726, 1000.000000000000000 ) ;
#6666 = EDGE_LOOP ( 'NONE', ( #4704, #5699, #6682, #6348 ) ) ;
#6667 = DIRECTION ( 'NONE',  ( 0.000000000000000000, 0.000000000000000000, 1.000000000000000000 ) ) ;
#6668 = VECTOR ( 'NONE', #3972, 999.9999999999998863 ) ;
#6669 = EDGE_LOOP ( 'NONE', ( #1240, #6646, #2464, #5967 ) ) ;
#6670 = EDGE_CURVE ( 'NONE', #4400, #6012, #4183, .T. ) ;
#6671 = VECTOR ( 'NONE', #5539, 1000.000000000000000 ) ;
#6672 = CYLINDRICAL_SURFACE ( 'NONE', #4639, 0.6500000000000000222 ) ;
#6673 = FACE_OUTER_BOUND ( 'NONE', #4605, .T. ) ;
#6674 = FACE_OUTER_BOUND ( 'NONE', #15, .T. ) ;
#6675 = AXIS2_PLACEMENT_3D ( 'NONE', #6738, #841, #872 ) ;
#6676 = CIRCLE ( 'NONE', #2937, 2.600000000000000089 ) ;
#6677 = LINE ( 'NONE', #3994, #4241 ) ;
#6678 = CARTESIAN_POINT ( 'NONE',  ( -2.440386317924569948, 0.000000000000000000, -0.8969473893638170159 ) ) ;
#6679 = DIRECTION ( 'NONE',  ( 0.000000000000000000, 1.000000000000000000, 0.000000000000000000 ) ) ;
#6680 = AXIS2_PLACEMENT_3D ( 'NONE', #1318, #5692, #5086 ) ;
#6681 = LINE ( 'NONE', #3956, #3074 ) ;
#6682 = ORIENTED_EDGE ( 'NONE', *, *, #4025, .T. ) ;
#6683 = CARTESIAN_POINT ( 'NONE',  ( 0.6794339920680538825, 0.000000000000000000, 1.987050439828460302 ) ) ;
#6684 = AXIS2_PLACEMENT_3D ( 'NONE', #6526, #1616, #5359 ) ;
#6685 = FACE_BOUND ( 'NONE', #5655, .T. ) ;
#6686 = DIRECTION ( 'NONE',  ( 0.000000000000000000, 0.000000000000000000, 1.000000000000000000 ) ) ;
#6687 = ORIENTED_EDGE ( 'NONE', *, *, #4848, .T. ) ;
#6688 = AXIS2_PLACEMENT_3D ( 'NONE', #4937, #5581, #5008 ) ;
#6689 = ORIENTED_EDGE ( 'NONE', *, *, #2601, .T. ) ;
#6690 = PLANE ( 'NONE',  #6020 ) ;
#6691 = ORIENTED_EDGE ( 'NONE', *, *, #2020, .T. ) ;
#6692 = AXIS2_PLACEMENT_3D ( 'NONE', #5916, #522, #6552 ) ;
#6693 = ORIENTED_EDGE ( 'NONE', *, *, #4159, .T. ) ;
#6694 = VECTOR ( 'NONE', #3398, 1000.000000000000000 ) ;
#6695 = ADVANCED_FACE ( 'NONE', ( #6335 ), #4039, .T. ) ;
#6696 = DIRECTION ( 'NONE',  ( 0.000000000000000000, -1.000000000000000000, 0.000000000000000000 ) ) ;
#6697 = DIRECTION ( 'NONE',  ( 0.000000000000000000, 0.000000000000000000, 1.000000000000000000 ) ) ;
#6698 = CARTESIAN_POINT ( 'NONE',  ( 2.186779462265842522, 2.046859563611199917, -2.504728462957403146 ) ) ;
#6699 = ORIENTED_EDGE ( 'NONE', *, *, #2554, .T. ) ;
#6700 = CARTESIAN_POINT ( 'NONE',  ( 12.25000000000000000, 1.930000000000000160, 0.000000000000000000 ) ) ;
#6701 = VECTOR ( 'NONE', #4118, 1000.000000000000114 ) ;
#6702 = CARTESIAN_POINT ( 'NONE',  ( -14.08571428571429962, 2.050000000000000266, -1.998162421132100075 ) ) ;
#6703 = CARTESIAN_POINT ( 'NONE',  ( -14.08057142857140143, 0.1200000000000000094, 1.878272675864170127 ) ) ;
#6704 = ORIENTED_EDGE ( 'NONE', *, *, #5796, .T. ) ;
#6705 = EDGE_CURVE ( 'NONE', #2694, #3160, #5502, .T. ) ;
#6706 = CARTESIAN_POINT ( 'NONE',  ( 2.299864107986488548, -0.1019791022349249149, -2.402258834843431057 ) ) ;
#6707 = EDGE_CURVE ( 'NONE', #2775, #5010, #1774, .T. ) ;
#6708 = ADVANCED_FACE ( 'NONE', ( #5627 ), #339, .T. ) ;
#6709 = AXIS2_PLACEMENT_3D ( 'NONE', #1793, #4899, #6030 ) ;
#6710 = ORIENTED_EDGE ( 'NONE', *, *, #4848, .F. ) ;
#6711 = ORIENTED_EDGE ( 'NONE', *, *, #2678, .T. ) ;
#6712 = DIRECTION ( 'NONE',  ( 0.000000000000000000, -1.000000000000000000, 0.000000000000000000 ) ) ;
#6713 = DIRECTION ( 'NONE',  ( 0.000000000000000000, 0.000000000000000000, 1.000000000000000000 ) ) ;
#6714 = EDGE_CURVE ( 'NONE', #6902, #2920, #2482, .T. ) ;
#6715 = CARTESIAN_POINT ( 'NONE',  ( 8.250000000000000000, 1.930000000000000160, -0.7699999999999999067 ) ) ;
#6716 = CARTESIAN_POINT ( 'NONE',  ( -8.250000000000000000, -2.200000000000000178, -0.6500000000000000222 ) ) ;
#6717 = VECTOR ( 'NONE', #2125, 1000.000000000000227 ) ;
#6718 = FACE_OUTER_BOUND ( 'NONE', #1548, .T. ) ;
#6719 = VERTEX_POINT ( 'NONE', #1846 ) ;
#6720 = DIRECTION ( 'NONE',  ( 0.000000000000000000, 0.000000000000000000, 1.000000000000000000 ) ) ;
#6721 = CIRCLE ( 'NONE', #3890, 2.100000000000000089 ) ;
#6722 = FACE_BOUND ( 'NONE', #3857, .T. ) ;
#6723 = AXIS2_PLACEMENT_3D ( 'NONE', #3867, #2781, #108 ) ;
#6724 = CARTESIAN_POINT ( 'NONE',  ( -2.681051758500009985, 0.5999999999999999778, 0.6119325683798749749 ) ) ;
#6725 = ORIENTED_EDGE ( 'NONE', *, *, #3881, .T. ) ;
#6726 = DIRECTION ( 'NONE',  ( 0.000000000000000000, 0.000000000000000000, 1.000000000000000000 ) ) ;
#6727 = EDGE_LOOP ( 'NONE', ( #4331, #5686, #5771, #4213 ) ) ;
#6728 = AXIS2_PLACEMENT_3D ( 'NONE', #1969, #2358, #4511 ) ;
#6729 = VERTEX_POINT ( 'NONE', #3466 ) ;
#6730 = DIRECTION ( 'NONE',  ( 0.000000000000000000, -1.000000000000000000, 0.000000000000000000 ) ) ;
#6731 = DIRECTION ( 'NONE',  ( 0.000000000000000000, 0.000000000000000000, 1.000000000000000000 ) ) ;
#6732 = DIRECTION ( 'NONE',  ( 0.000000000000000000, -1.000000000000000000, 0.000000000000000000 ) ) ;
#6733 = B_SPLINE_CURVE_WITH_KNOTS ( 'NONE', 3,
 ( #2542, #4262, #1549, #5856, #4787, #956, #1518, #3105 ),
 .UNSPECIFIED., .F., .F.,
 ( 4, 2, 2, 4 ),
 ( 0.000000000000000000, 0.2500000000000011102, 0.5000000000000001110, 1.000000000000000000 ),
 .UNSPECIFIED. ) ;
#6734 = ORIENTED_EDGE ( 'NONE', *, *, #5576, .F. ) ;
#6735 = PLANE ( 'NONE',  #2225 ) ;
#6736 = AXIS2_PLACEMENT_3D ( 'NONE', #3716, #542, #5812 ) ;
#6737 = EDGE_CURVE ( 'NONE', #5060, #1612, #4935, .T. ) ;
#6738 = CARTESIAN_POINT ( 'NONE',  ( 14.25000000000000000, 0.1200000000000000094, 0.7699999999999999067 ) ) ;
#6739 = CARTESIAN_POINT ( 'NONE',  ( -2.182491370753402382, 1.959371907564161797, 2.508769528553310924 ) ) ;
#6740 = EDGE_LOOP ( 'NONE', ( #2722, #5181, #6314, #2185 ) ) ;
#6741 = CARTESIAN_POINT ( 'NONE',  ( 2.322256832556968131, -0.02220845122508772335, -2.380657584835430995 ) ) ;
#6742 = DIRECTION ( 'NONE',  ( 0.000000000000000000, 0.000000000000000000, 1.000000000000000000 ) ) ;
#6743 = AXIS2_PLACEMENT_3D ( 'NONE', #3322, #5970, #4422 ) ;
#6744 = ORIENTED_EDGE ( 'NONE', *, *, #1095, .T. ) ;
#6745 = EDGE_CURVE ( 'NONE', #5837, #3888, #1097, .T. ) ;
#6746 = DIRECTION ( 'NONE',  ( 0.6894755605189183401, 2.491769668634231625E-15, -0.7243089475128163812 ) ) ;
#6747 = ADVANCED_FACE ( 'NONE', ( #5167 ), #1340, .T. ) ;
#6748 = VERTEX_POINT ( 'NONE', #894 ) ;
#6749 = EDGE_CURVE ( 'NONE', #3920, #1884, #2449, .T. ) ;
#6750 = CIRCLE ( 'NONE', #5612, 0.1199999999999999956 ) ;
#6751 = CARTESIAN_POINT ( 'NONE',  ( -1.549130159674960039, 0.5999999999999999778, -2.272156629368980330 ) ) ;
#6752 = CARTESIAN_POINT ( 'NONE',  ( 0.05662845856655999294, 0.5999999999999999778, -2.599383237939410396 ) ) ;
#6753 = CIRCLE ( 'NONE', #2343, 0.1199999999999999956 ) ;
#6754 = CARTESIAN_POINT ( 'NONE',  ( -14.08057142857140143, 2.050000000000000266, -1.878272675864170127 ) ) ;
#6755 = CARTESIAN_POINT ( 'NONE',  ( -14.25000000000000000, -2.200000000000000178, -0.6500000000000000222 ) ) ;
#6756 = CARTESIAN_POINT ( 'NONE',  ( 2.495244324181649542, 2.050000000000000266, 2.375243305987679854 ) ) ;
#6757 = ORIENTED_EDGE ( 'NONE', *, *, #4925, .F. ) ;
#6758 = DIRECTION ( 'NONE',  ( 0.000000000000000000, 1.000000000000000000, 0.000000000000000000 ) ) ;
#6759 = CARTESIAN_POINT ( 'NONE',  ( -2.223635094200779871, 1.950334041121609907, 2.507004762592409897 ) ) ;
#6760 = DIRECTION ( 'NONE',  ( 0.000000000000000000, 0.000000000000000000, 1.000000000000000000 ) ) ;
#6761 = VERTEX_POINT ( 'NONE', #269 ) ;
#6762 = EDGE_CURVE ( 'NONE', #5981, #4400, #4529, .T. ) ;
#6763 = DIRECTION ( 'NONE',  ( 0.000000000000000000, -1.000000000000000000, 0.000000000000000000 ) ) ;
#6764 = EDGE_LOOP ( 'NONE', ( #935, #2139, #6486, #666 ) ) ;
#6765 = ORIENTED_EDGE ( 'NONE', *, *, #2713, .F. ) ;
#6766 = FACE_OUTER_BOUND ( 'NONE', #6410, .T. ) ;
#6767 = DIRECTION ( 'NONE',  ( 0.000000000000000000, 0.000000000000000000, -1.000000000000000000 ) ) ;
#6768 = FACE_BOUND ( 'NONE', #5946, .T. ) ;
#6769 = ORIENTED_EDGE ( 'NONE', *, *, #2390, .F. ) ;
#6770 = DIRECTION ( 'NONE',  ( 0.000000000000000000, 1.000000000000000000, 0.000000000000000000 ) ) ;
#6771 = CARTESIAN_POINT ( 'NONE',  ( 0.8105767296299509761, 0.5999999999999999778, -2.627825215911899548 ) ) ;
#6772 = CARTESIAN_POINT ( 'NONE',  ( 2.228777735894150069, -13.80452018978109940, 2.626894517102379645 ) ) ;
#6773 = CARTESIAN_POINT ( 'NONE',  ( -2.440386317924569948, 2.050000000000000266, -0.8969473893638170159 ) ) ;
#6774 = VERTEX_POINT ( 'NONE', #6257 ) ;
#6775 = CARTESIAN_POINT ( 'NONE',  ( 4.250000000000000000, 0.1200000000000000094, 0.6500000000000000222 ) ) ;
#6776 = CYLINDRICAL_SURFACE ( 'NONE', #1461, 0.6500000000000000222 ) ;
#6777 = ORIENTED_EDGE ( 'NONE', *, *, #75, .T. ) ;
#6778 = DIRECTION ( 'NONE',  ( 0.000000000000000000, 1.000000000000000000, 0.000000000000000000 ) ) ;
#6779 = CIRCLE ( 'NONE', #249, 0.1199999999999999956 ) ;
#6780 = ORIENTED_EDGE ( 'NONE', *, *, #3198, .F. ) ;
#6781 = CARTESIAN_POINT ( 'NONE',  ( 0.000000000000000000, 0.000000000000000000, 0.000000000000000000 ) ) ;
#6782 = DIRECTION ( 'NONE',  ( 0.000000000000000000, -1.000000000000000000, 0.000000000000000000 ) ) ;
#6783 = EDGE_CURVE ( 'NONE', #4229, #396, #2979, .T. ) ;
#6784 = CIRCLE ( 'NONE', #4293, 2.000000000000000000 ) ;
#6785 = DIRECTION ( 'NONE',  ( 0.000000000000000000, -1.000000000000000000, 0.000000000000000000 ) ) ;
#6786 = DIRECTION ( 'NONE',  ( -1.000000000000000000, 0.000000000000000000, 0.000000000000000000 ) ) ;
#6787 = DIRECTION ( 'NONE',  ( -0.5123945066141353255, 0.000000000000000000, -0.8587501788015283744 ) ) ;
#6788 = VERTEX_POINT ( 'NONE', #1323 ) ;
#6789 = EDGE_CURVE ( 'NONE', #5990, #1483, #5200, .T. ) ;
#6790 = LINE ( 'NONE', #4102, #2768 ) ;
#6791 = EDGE_CURVE ( 'NONE', #4968, #1185, #4486, .T. ) ;
#6792 = DIRECTION ( 'NONE',  ( 1.000000000000000000, 0.000000000000000000, 0.000000000000000000 ) ) ;
#6793 = EDGE_CURVE ( 'NONE', #1289, #1777, #2413, .T. ) ;
#6794 = DIRECTION ( 'NONE',  ( 0.000000000000000000, 0.000000000000000000, -1.000000000000000000 ) ) ;
#6795 = AXIS2_PLACEMENT_3D ( 'NONE', #4490, #2973, #4523 ) ;
#6796 = EDGE_LOOP ( 'NONE', ( #3388, #486, #5204, #6501 ) ) ;
#6797 = CARTESIAN_POINT ( 'NONE',  ( 8.250000000000000000, 2.050000000000000266, 0.7699999999999999067 ) ) ;
#6798 = ORIENTED_EDGE ( 'NONE', *, *, #2643, .T. ) ;
#6799 = CIRCLE ( 'NONE', #6684, 2.100000000000000089 ) ;
#6800 = ORIENTED_EDGE ( 'NONE', *, *, #1724, .T. ) ;
#6801 = FACE_OUTER_BOUND ( 'NONE', #2066, .T. ) ;
#6802 = DIRECTION ( 'NONE',  ( 0.9597102123655125716, 0.000000000000000000, -0.2809916516221479532 ) ) ;
#6803 = DIRECTION ( 'NONE',  ( -1.000000000000000000, 0.000000000000000000, 0.000000000000000000 ) ) ;
#6804 = VERTEX_POINT ( 'NONE', #1881 ) ;
#6805 = DIRECTION ( 'NONE',  ( 0.000000000000000000, 0.000000000000000000, -1.000000000000000000 ) ) ;
#6806 = CIRCLE ( 'NONE', #936, 0.6500000000000000222 ) ;
#6807 = CYLINDRICAL_SURFACE ( 'NONE', #3927, 2.100000000000000089 ) ;
#6808 = CARTESIAN_POINT ( 'NONE',  ( -2.201288466400949773, 2.070951599047189173, 2.492100303843190368 ) ) ;
#6809 = AXIS2_PLACEMENT_3D ( 'NONE', #2090, #2559, #4143 ) ;
#6810 = ORIENTED_EDGE ( 'NONE', *, *, #1017, .F. ) ;
#6811 = DIRECTION ( 'NONE',  ( 0.000000000000000000, -1.000000000000000000, 0.000000000000000000 ) ) ;
#6812 = FACE_OUTER_BOUND ( 'NONE', #1379, .T. ) ;
#6813 = AXIS2_PLACEMENT_3D ( 'NONE', #2835, #3362, #2270 ) ;
#6814 = EDGE_LOOP ( 'NONE', ( #5022, #3646, #551, #6628 ) ) ;
#6815 = CARTESIAN_POINT ( 'NONE',  ( 14.25000000000000000, 1.930000000000000160, 0.000000000000000000 ) ) ;
#6816 = ORIENTED_EDGE ( 'NONE', *, *, #5813, .T. ) ;
#6817 = CARTESIAN_POINT ( 'NONE',  ( -4.250000000000000000, -2.200000000000000178, 0.6500000000000000222 ) ) ;
#6818 = DIRECTION ( 'NONE',  ( 0.6346615560562418601, 0.000000000000000000, -0.7727902103833029779 ) ) ;
#6819 = CIRCLE ( 'NONE', #4104, 0.6500000000000000222 ) ;
#6820 = CARTESIAN_POINT ( 'NONE',  ( 0.000000000000000000, 0.5999999999999999778, -2.750000000000000000 ) ) ;
#6821 = DIRECTION ( 'NONE',  ( 0.000000000000000000, 0.000000000000000000, -1.000000000000000000 ) ) ;
#6822 = EDGE_CURVE ( 'NONE', #6471, #607, #3799, .T. ) ;
#6823 = CARTESIAN_POINT ( 'NONE',  ( -0.4098662319844609825, 0.5999999999999999778, 2.719284772119110016 ) ) ;
#6824 = CARTESIAN_POINT ( 'NONE',  ( -1.601467981016740039, 0.000000000000000000, 1.358418310307309973 ) ) ;
#6825 = CARTESIAN_POINT ( 'NONE',  ( 4.250000000000000000, 1.930000000000000160, 0.000000000000000000 ) ) ;
#6826 = DIRECTION ( 'NONE',  ( 0.8342492370898318965, 0.000000000000000000, -0.5513875319727798985 ) ) ;
#6827 = ORIENTED_EDGE ( 'NONE', *, *, #4107, .T. ) ;
#6828 = EDGE_CURVE ( 'NONE', #5145, #3647, #232, .T. ) ;
#6829 = EDGE_CURVE ( 'NONE', #2803, #1783, #1358, .T. ) ;
#6830 = LINE ( 'NONE', #376, #5678 ) ;
#6831 = ORIENTED_EDGE ( 'NONE', *, *, #3928, .T. ) ;
#6832 = EDGE_CURVE ( 'NONE', #4710, #874, #3921, .T. ) ;
#6833 =( BOUNDED_SURFACE ( )  B_SPLINE_SURFACE ( 3, 2, ( 
 ( #501, #2511, #3563 ),
 ( #4793, #6926, #1458 ),
 ( #4167, #5829, #6958 ),
 ( #6318, #5260, #5228 ),
 ( #368, #1492, #3043 ),
 ( #400, #3597, #1421 ),
 ( #3634, #5194, #993 ),
 ( #2079, #4664, #6856 ) ),
 .UNSPECIFIED., .F., .F., .F. ) 
 B_SPLINE_SURFACE_WITH_KNOTS ( ( 4, 2, 2, 4 ),
 ( 3, 3 ),
 ( 0.0001525721510982660221, 0.0003915345339337029918, 0.0005110157253514210430, 0.0006304969167691399073 ),
 ( -0.0006947758397893870255, 1.000000000000000000 ),
 .UNSPECIFIED. ) 
 GEOMETRIC_REPRESENTATION_ITEM ( )  RATIONAL_B_SPLINE_SURFACE ( (
 ( 1.000407273031139965, 0.7069032860544779417, 1.000000000000000000),
 ( 1.000326156763560181, 0.7652791412111979996, 1.000000000000000000),
 ( 1.000251362112629883, 0.8191056033934840386, 1.000000000000000000),
 ( 1.000159381101890066, 0.8853003423803439409, 1.000000000000000000),
 ( 1.000131607636499886, 0.9052876993087259905, 1.000000000000000000),
 ( 1.000089258171580120, 0.9357647701113530614, 1.000000000000000000),
 ( 1.000075007605069954, 0.9460202839730099678, 1.000000000000000000),
 ( 1.000075191528499996, 0.9458879222690170785, 1.000000000000000000) ) ) 
 REPRESENTATION_ITEM ( '' )  SURFACE ( )  );
#6834 = VECTOR ( 'NONE', #310, 1000.000000000000114 ) ;
#6835 = ORIENTED_EDGE ( 'NONE', *, *, #2172, .T. ) ;
#6836 = CARTESIAN_POINT ( 'NONE',  ( 12.25000000000000000, 1.930000000000000160, 0.6500000000000000222 ) ) ;
#6837 = CARTESIAN_POINT ( 'NONE',  ( 0.000000000000000000, 0.5999999999999999778, 0.000000000000000000 ) ) ;
#6838 = CARTESIAN_POINT ( 'NONE',  ( -2.205638859288145959, -0.02227619351442313225, -2.488139466407901956 ) ) ;
#6839 = VERTEX_POINT ( 'NONE', #2533 ) ;
#6840 = CARTESIAN_POINT ( 'NONE',  ( -2.381569860407199979, 0.000000000000000000, 1.375000000000000000 ) ) ;
#6841 = CARTESIAN_POINT ( 'NONE',  ( -2.380549763303420274, 2.040965369878080082, -2.434603292245270278 ) ) ;
#6842 = DIRECTION ( 'NONE',  ( -0.9990812105660493714, 0.000000000000000000, -0.04285714285714280897 ) ) ;
#6843 = AXIS2_PLACEMENT_3D ( 'NONE', #3753, #4816, #1513 ) ;
#6844 = VERTEX_POINT ( 'NONE', #741 ) ;
#6845 = FACE_OUTER_BOUND ( 'NONE', #6058, .T. ) ;
#6846 = DIRECTION ( 'NONE',  ( -0.000000000000000000, 1.000000000000000000, 0.000000000000000000 ) ) ;
#6847 = VECTOR ( 'NONE', #2954, 1000.000000000000000 ) ;
#6848 = ORIENTED_EDGE ( 'NONE', *, *, #490, .F. ) ;
#6849 = CARTESIAN_POINT ( 'NONE',  ( 10.25000000000000000, -2.200000000000000178, 0.000000000000000000 ) ) ;
#6850 = EDGE_CURVE ( 'NONE', #3264, #1848, #3413, .T. ) ;
#6851 = ORIENTED_EDGE ( 'NONE', *, *, #2049, .F. ) ;
#6852 = CARTESIAN_POINT ( 'NONE',  ( -6.250000000000000000, 0.1200000000000000094, 0.000000000000000000 ) ) ;
#6853 = FACE_OUTER_BOUND ( 'NONE', #238, .T. ) ;
#6854 = VECTOR ( 'NONE', #4701, 1000.000000000000000 ) ;
#6855 = DIRECTION ( 'NONE',  ( 0.000000000000000000, -1.000000000000000000, 0.000000000000000000 ) ) ;
#6856 = CARTESIAN_POINT ( 'NONE',  ( 2.223634878751290067, 1.930000000000000160, -2.507004771834460133 ) ) ;
#6857 = VECTOR ( 'NONE', #4487, 1000.000000000000114 ) ;
#6858 = DIRECTION ( 'NONE',  ( 0.000000000000000000, -1.000000000000000000, 0.000000000000000000 ) ) ;
#6859 = AXIS2_PLACEMENT_3D ( 'NONE', #3961, #4671, #6116 ) ;
#6860 = CARTESIAN_POINT ( 'NONE',  ( 0.000000000000000000, 0.5999999999999999778, 0.000000000000000000 ) ) ;
#6861 = DIRECTION ( 'NONE',  ( 0.2809916516221340199, 0.000000000000000000, -0.9597102123655167905 ) ) ;
#6862 = DIRECTION ( 'NONE',  ( 0.000000000000000000, 1.000000000000000000, 0.000000000000000000 ) ) ;
#6863 = ORIENTED_EDGE ( 'NONE', *, *, #6310, .F. ) ;
#6864 = CC_DESIGN_APPROVAL ( #2715, ( #890 ) ) ;
#6865 = ORIENTED_EDGE ( 'NONE', *, *, #891, .T. ) ;
#6866 = ORIENTED_EDGE ( 'NONE', *, *, #836, .T. ) ;
#6867 = CARTESIAN_POINT ( 'NONE',  ( 10.25000000000000000, 2.050000000000000266, 0.000000000000000000 ) ) ;
#6868 = DIRECTION ( 'NONE',  ( 0.000000000000000000, 1.000000000000000000, 0.000000000000000000 ) ) ;
#6869 = DIRECTION ( 'NONE',  ( 0.000000000000000000, 0.000000000000000000, 1.000000000000000000 ) ) ;
#6870 = EDGE_CURVE ( 'NONE', #5098, #5304, #5618, .T. ) ;
#6871 = EDGE_CURVE ( 'NONE', #3103, #2644, #4650, .T. ) ;
#6872 = ORIENTED_EDGE ( 'NONE', *, *, #4306, .F. ) ;
#6874 = AXIS2_PLACEMENT_3D ( 'NONE', #2289, #2787, #6140 ) ;
#6873 = CARTESIAN_POINT ( 'NONE',  ( -8.250000000000000000, 0.000000000000000000, -0.7699999999999999067 ) ) ;
#6875 = DIRECTION ( 'NONE',  ( 0.000000000000000000, -1.000000000000000000, 0.000000000000000000 ) ) ;
#6876 = DIRECTION ( 'NONE',  ( 0.000000000000000000, 0.000000000000000000, 1.000000000000000000 ) ) ;
#6877 = ORIENTED_EDGE ( 'NONE', *, *, #4620, .F. ) ;
#6878 = DIRECTION ( 'NONE',  ( 0.000000000000000000, 1.000000000000000000, 0.000000000000000000 ) ) ;
#6879 = DIRECTION ( 'NONE',  ( 0.000000000000000000, 0.000000000000000000, 1.000000000000000000 ) ) ;
#6880 = EDGE_CURVE ( 'NONE', #1102, #937, #4683, .T. ) ;
#6881 = EDGE_CURVE ( 'NONE', #6568, #1344, #315, .T. ) ;
#6882 = ADVANCED_FACE ( 'NONE', ( #1965 ), #6807, .F. ) ;
#6883 = ORIENTED_EDGE ( 'NONE', *, *, #449, .F. ) ;
#6884 = DIRECTION ( 'NONE',  ( 1.000000000000000000, 0.000000000000000000, 0.000000000000000000 ) ) ;
#6885 = VERTEX_POINT ( 'NONE', #5780 ) ;
#6886 = DIRECTION ( 'NONE',  ( -0.8946402285633441309, 0.000000000000000000, 0.4467872664211990363 ) ) ;
#6887 = ORIENTED_EDGE ( 'NONE', *, *, #4227, .T. ) ;
#6888 = EDGE_CURVE ( 'NONE', #1289, #5418, #871, .T. ) ;
#6889 = ORIENTED_EDGE ( 'NONE', *, *, #2080, .F. ) ;
#6890 = CARTESIAN_POINT ( 'NONE',  ( -10.25000000000000000, 1.930000000000000160, 0.000000000000000000 ) ) ;
#6891 = CIRCLE ( 'NONE', #2371, 2.600000000000000089 ) ;
#6892 = CARTESIAN_POINT ( 'NONE',  ( 3.924992991267267336E-16, 2.230000000000000426, -3.205000000000000071 ) ) ;
#6893 = DIRECTION ( 'NONE',  ( 0.000000000000000000, -1.000000000000000000, 0.000000000000000000 ) ) ;
#6894 = CIRCLE ( 'NONE', #2492, 0.1199999999999999956 ) ;
#6895 = CARTESIAN_POINT ( 'NONE',  ( -2.596346685210630056, 0.5999999999999999778, -0.1377820387270949909 ) ) ;
#6896 = AXIS2_PLACEMENT_3D ( 'NONE', #1888, #2952, #5102 ) ;
#6897 = CARTESIAN_POINT ( 'NONE',  ( 2.223635094200690165, 0.09966595887838279599, 2.507004762592420555 ) ) ;
#6898 = CARTESIAN_POINT ( 'NONE',  ( -8.250000000000000000, 0.1200000000000000094, 0.000000000000000000 ) ) ;
#6899 = ORIENTED_EDGE ( 'NONE', *, *, #2894, .T. ) ;
#6900 = AXIS2_PLACEMENT_3D ( 'NONE', #5462, #1196, #6 ) ;
#6901 = ORIENTED_EDGE ( 'NONE', *, *, #5912, .F. ) ;
#6902 = VERTEX_POINT ( 'NONE', #945 ) ;
#6903 = CARTESIAN_POINT ( 'NONE',  ( 2.371499619222917854, 2.068417006792432122, 2.331124368061372465 ) ) ;
#6904 = CARTESIAN_POINT ( 'NONE',  ( 2.060553155526509972, 0.5999999999999999778, -0.4051181225886579806 ) ) ;
#6905 = CIRCLE ( 'NONE', #3068, 2.000000000000000000 ) ;
#6906 = EDGE_LOOP ( 'NONE', ( #4291, #4123, #394, #897 ) ) ;
#6907 = DATE_AND_TIME ( #3749, #2121 ) ;
#6908 = CYLINDRICAL_SURFACE ( 'NONE', #5336, 2.100000000000000089 ) ;
#6909 = VECTOR ( 'NONE', #1351, 1000.000000000000000 ) ;
#6910 = EDGE_CURVE ( 'NONE', #2169, #5594, #5246, .T. ) ;
#6911 = ORIENTED_EDGE ( 'NONE', *, *, #2726, .T. ) ;
#6912 = CARTESIAN_POINT ( 'NONE',  ( -2.228777735894150069, 1.930000000000000160, 2.626894517102379645 ) ) ;
#6913 = CARTESIAN_POINT ( 'NONE',  ( 0.000000000000000000, 0.000000000000000000, 0.000000000000000000 ) ) ;
#6914 = VECTOR ( 'NONE', #2712, 1000.000000000000000 ) ;
#6915 = AXIS2_PLACEMENT_3D ( 'NONE', #2681, #3271, #4860 ) ;
#6916 = FACE_BOUND ( 'NONE', #5335, .T. ) ;
#6917 = VERTEX_POINT ( 'NONE', #179 ) ;
#6918 = EDGE_CURVE ( 'NONE', #3572, #4192, #6632, .T. ) ;
#6919 = CARTESIAN_POINT ( 'NONE',  ( -1.129918426019240085, -2.200000000000000178, 1.770108570269689929 ) ) ;
#6920 = EDGE_CURVE ( 'NONE', #4726, #5855, #4155, .T. ) ;
#6921 = ORIENTED_EDGE ( 'NONE', *, *, #4541, .F. ) ;
#6922 = EDGE_CURVE ( 'NONE', #3933, #432, #5212, .T. ) ;
#6923 = CIRCLE ( 'NONE', #3087, 2.100000000000000089 ) ;
#6924 = ORIENTED_EDGE ( 'NONE', *, *, #6918, .F. ) ;
#6925 = CARTESIAN_POINT ( 'NONE',  ( -2.380549763303420274, 0.009034630121924309282, 2.434603292245270278 ) ) ;
#6926 = CARTESIAN_POINT ( 'NONE',  ( 2.371628866147773351, 2.068345618494127347, -2.330926720047421075 ) ) ;
#6927 = TOROIDAL_SURFACE ( 'NONE', #4215, 1.879999999999999893, 0.1200000000000000094 ) ;
#6928 = FACE_OUTER_BOUND ( 'NONE', #4111, .T. ) ;
#6929 = EDGE_CURVE ( 'NONE', #4573, #6012, #1929, .T. ) ;
#6930 = CARTESIAN_POINT ( 'NONE',  ( 2.742310442248239610, 0.5999999999999999778, -0.2055077573626959975 ) ) ;
#6931 = CIRCLE ( 'NONE', #2970, 0.7699999999999999067 ) ;
#6932 = DIRECTION ( 'NONE',  ( 0.000000000000000000, 0.000000000000000000, 1.000000000000000000 ) ) ;
#6933 = ORIENTED_EDGE ( 'NONE', *, *, #5109, .T. ) ;
#6934 = EDGE_CURVE ( 'NONE', #4154, #1678, #1162, .T. ) ;
#6935 = VERTEX_POINT ( 'NONE', #5710 ) ;
#6936 = EDGE_LOOP ( 'NONE', ( #5003, #4231 ) ) ;
#6937 = DIRECTION ( 'NONE',  ( 0.000000000000000000, 0.000000000000000000, -1.000000000000000000 ) ) ;
#6938 = LINE ( 'NONE', #3684, #4568 ) ;
#6939 = CARTESIAN_POINT ( 'NONE',  ( -2.312423058767956618, -0.1009977278011008478, -2.389282901194917041 ) ) ;
#6940 = ORIENTED_EDGE ( 'NONE', *, *, #5874, .F. ) ;
#6941 = DATE_AND_TIME ( #1539, #5506 ) ;
#6942 = CARTESIAN_POINT ( 'NONE',  ( -2.371628866147819981, -0.01834561849420148633, -2.330926720047456602 ) ) ;
#6943 = VERTEX_POINT ( 'NONE', #3027 ) ;
#6944 = DIRECTION ( 'NONE',  ( -1.445602896647340613E-14, 0.000000000000000000, -1.000000000000000000 ) ) ;
#6945 = CARTESIAN_POINT ( 'NONE',  ( 2.172264346982835104, 2.021122359667021584, 2.517323465592133491 ) ) ;
#6946 = CIRCLE ( 'NONE', #2438, 0.1199999999999999956 ) ;
#6947 = ORIENTED_EDGE ( 'NONE', *, *, #2150, .F. ) ;
#6948 = CIRCLE ( 'NONE', #3330, 0.1199999999999999956 ) ;
#6949 = DIRECTION ( 'NONE',  ( 0.9960268208388498579, 0.000000000000000000, -0.08905375999728329384 ) ) ;
#6950 = PLANE ( 'NONE',  #2517 ) ;
#6951 = ORIENTED_EDGE ( 'NONE', *, *, #750, .T. ) ;
#6952 = AXIS2_PLACEMENT_3D ( 'NONE', #1569, #3127, #415 ) ;
#6953 = VERTEX_POINT ( 'NONE', #4152 ) ;
#6954 = EDGE_CURVE ( 'NONE', #6583, #971, #4939, .T. ) ;
#6955 = EDGE_CURVE ( 'NONE', #1342, #813, #3060, .T. ) ;
#6956 = CARTESIAN_POINT ( 'NONE',  ( 6.250000000000000000, -2.200000000000000178, 0.000000000000000000 ) ) ;
#6957 = EDGE_CURVE ( 'NONE', #3814, #3844, #4265, .T. ) ;
#6958 = CARTESIAN_POINT ( 'NONE',  ( 2.380456173966179811, 2.040925073401009815, -2.434646826159029942 ) ) ;
#6959 = CARTESIAN_POINT ( 'NONE',  ( -0.5579706603045829771, -2.200000000000000178, 2.024516915770099956 ) ) ;
#6960 = LINE ( 'NONE', #6823, #1593 ) ;
#6961 = AXIS2_PLACEMENT_3D ( 'NONE', #2861, #3384, #225 ) ;
#6962 = DIRECTION ( 'NONE',  ( 1.000000000000000000, 0.000000000000000000, 0.000000000000000000 ) ) ;
#6963 = VECTOR ( 'NONE', #4544, 1000.000000000000000 ) ;
#6964 = CARTESIAN_POINT ( 'NONE',  ( -1.193180282573270024, 0.5999999999999999778, 2.477664386731659896 ) ) ;
#6965 = ORIENTED_EDGE ( 'NONE', *, *, #2328, .T. ) ;
#6966 = ADVANCED_FACE ( 'NONE', ( #3616 ), #514, .T. ) ;
#6967 = VERTEX_POINT ( 'NONE', #2662 ) ;
#6968 = AXIS2_PLACEMENT_3D ( 'NONE', #4002, #3569, #5733 ) ;
#6969 = ORIENTED_EDGE ( 'NONE', *, *, #6627, .F. ) ;
#6970 = DIRECTION ( 'NONE',  ( 0.000000000000000000, 0.000000000000000000, 1.000000000000000000 ) ) ;
#6971 = CARTESIAN_POINT ( 'NONE',  ( -1.417496088328199955, 0.5999999999999999778, -2.179611167060369947 ) ) ;
#6972 = CARTESIAN_POINT ( 'NONE',  ( -2.273582933587138921, -0.08080781358976969753, -2.426264545290264696 ) ) ;
#6973 = ORIENTED_EDGE ( 'NONE', *, *, #5482, .F. ) ;
#6974 = CARTESIAN_POINT ( 'NONE',  ( -2.276541277376330275, 0.04955082855548800097, -2.483406930441719673 ) ) ;
#6975 = ORIENTED_EDGE ( 'NONE', *, *, #6871, .F. ) ;
#6976 = FACE_OUTER_BOUND ( 'NONE', #1063, .T. ) ;
#6977 = DIRECTION ( 'NONE',  ( 0.000000000000000000, -1.000000000000000000, 0.000000000000000000 ) ) ;
#6978 = VECTOR ( 'NONE', #5943, 1000.000000000000000 ) ;
ENDSEC;
END-ISO-10303-21;
