ISO-10303-21;
HEADER;
FILE_DESCRIPTION (( 'STEP AP203' ),
    '1' );
FILE_NAME ('End_effector_2_Default_sldprt.STEP',
    '2025-04-07T11:13:13',
    ( '' ),
    ( '' ),
    'SwSTEP 2.0',
    'SolidWorks 2023',
    '' );
FILE_SCHEMA (( 'CONFIG_CONTROL_DESIGN' ));
ENDSEC;

DATA;
#1 = VERTEX_POINT ( 'NONE', #2256 ) ;
#2 = CARTESIAN_POINT ( 'NONE',  ( -8.168723070250985430, -18.64957715424188933, 17.54301356127159295 ) ) ;
#3 = EDGE_LOOP ( 'NONE', ( #1971, #2759, #3103, #3450, #3894, #1550, #1287, #1165, #867, #2039, #2538, #2047 ) ) ;
#4 = ORIENTED_EDGE ( 'NONE', *, *, #2691, .F. ) ;
#5 = DIRECTION ( 'NONE',  ( 0.000000000000000000, 0.000000000000000000, 1.000000000000000000 ) ) ;
#6 = EDGE_CURVE ( 'NONE', #3059, #3708, #2925, .T. ) ;
#7 = ORIENTED_EDGE ( 'NONE', *, *, #2375, .F. ) ;
#8 = DIRECTION ( 'NONE',  ( -0.8724479280923781443, -0.06643530534971570090, -0.4841703863005320518 ) ) ;
#9 = CARTESIAN_POINT ( 'NONE',  ( -7.286505457481162296, -18.38712863564468591, 15.59203696845600362 ) ) ;
#10 = DIRECTION ( 'NONE',  ( -0.08429787499880304902, 0.9963248184195936386, 0.01518961723843481083 ) ) ;
#11 = CYLINDRICAL_SURFACE ( 'NONE', #1612, 0.1968503937007879401 ) ;
#12 = EDGE_LOOP ( 'NONE', ( #3594, #2481, #2743, #872 ) ) ;
#13 = CARTESIAN_POINT ( 'NONE',  ( -7.265803269754941063, -19.06305740286668993, 17.92428650233571119 ) ) ;
#14 = DIRECTION ( 'NONE',  ( 0.8724479280923782554, 0.06643530534971590906, 0.4841703863005321073 ) ) ;
#15 = EDGE_LOOP ( 'NONE', ( #856, #1777, #1502, #3776 ) ) ;
#16 = CIRCLE ( 'NONE', #3796, 0.07874015748031566730 ) ;
#17 = DIRECTION ( 'NONE',  ( 0.000000000000000000, -0.9907169414002590102, 0.1359409504987943995 ) ) ;
#18 = EDGE_CURVE ( 'NONE', #1285, #1924, #3676, .T. ) ;
#19 = ORIENTED_EDGE ( 'NONE', *, *, #2162, .T. ) ;
#20 = CARTESIAN_POINT ( 'NONE',  ( -6.776621884322165279, -17.69136013398700769, 14.90304368319419304 ) ) ;
#21 = CIRCLE ( 'NONE', #2334, 0.1181102362204713846 ) ;
#22 = ORIENTED_EDGE ( 'NONE', *, *, #510, .T. ) ;
#23 = LINE ( 'NONE', #653, #1760 ) ;
#24 = AXIS2_PLACEMENT_3D ( 'NONE', #747, #1140, #3367 ) ;
#25 = VECTOR ( 'NONE', #921, 39.37007874015748854 ) ;
#26 = CYLINDRICAL_SURFACE ( 'NONE', #1827, 0.1181102362204727169 ) ;
#27 = FACE_OUTER_BOUND ( 'NONE', #169, .T. ) ;
#28 = DIRECTION ( 'NONE',  ( 0.7598216429301999364, -0.5233242676548036654, 0.3857496361870156321 ) ) ;
#29 = CARTESIAN_POINT ( 'NONE',  ( -7.588374393949233188, -18.49592608130259919, 15.86923476892691021 ) ) ;
#30 = ORIENTED_EDGE ( 'NONE', *, *, #3137, .F. ) ;
#31 = CIRCLE ( 'NONE', #2566, 0.1181102362204727446 ) ;
#32 = CARTESIAN_POINT ( 'NONE',  ( -6.776621884322165279, -17.69136013398700769, 14.90304368319419304 ) ) ;
#33 = EDGE_CURVE ( 'NONE', #956, #1161, #3666, .T. ) ;
#34 = DIRECTION ( 'NONE',  ( -0.08429787529695505210, 0.9963248183968897997, 0.01518961707297448831 ) ) ;
#35 = AXIS2_PLACEMENT_3D ( 'NONE', #125, #2351, #1724 ) ;
#36 = AXIS2_PLACEMENT_3D ( 'NONE', #1290, #1582, #955 ) ;
#37 = ORIENTED_EDGE ( 'NONE', *, *, #2555, .T. ) ;
#38 = ORIENTED_EDGE ( 'NONE', *, *, #1348, .F. ) ;
#39 = AXIS2_PLACEMENT_3D ( 'NONE', #2468, #3753, #3469 ) ;
#40 = AXIS2_PLACEMENT_3D ( 'NONE', #2946, #80, #3072 ) ;
#41 = FACE_OUTER_BOUND ( 'NONE', #2195, .T. ) ;
#42 = ORIENTED_EDGE ( 'NONE', *, *, #3599, .T. ) ;
#43 = CARTESIAN_POINT ( 'NONE',  ( -6.262172659127685392, -18.15111961383740180, 15.03844888123645340 ) ) ;
#44 = AXIS2_PLACEMENT_3D ( 'NONE', #599, #1204, #1892 ) ;
#45 = EDGE_CURVE ( 'NONE', #1853, #1375, #2650, .T. ) ;
#46 = ORIENTED_EDGE ( 'NONE', *, *, #1256, .T. ) ;
#47 = PLANE ( 'NONE',  #40 ) ;
#48 = VECTOR ( 'NONE', #1266, 39.37007874015748854 ) ;
#49 = APPROVAL_DATE_TIME ( #331, #2922 ) ;
#50 = ADVANCED_FACE ( 'NONE', ( #1122 ), #2355, .F. ) ;
#51 = CARTESIAN_POINT ( 'NONE',  ( -6.040763717450689185, -17.35606859151529591, 15.23866628440860183 ) ) ;
#52 = DIRECTION ( 'NONE',  ( -0.4813818453556409915, -0.05406668479067299610, 0.8748418786030671690 ) ) ;
#53 = DIRECTION ( 'NONE',  ( -0.4813818453556409915, -0.05406668479067310712, 0.8748418786030671690 ) ) ;
#54 = CARTESIAN_POINT ( 'NONE',  ( -6.568327260973680914, -18.57499565090388671, 14.84379103111258580 ) ) ;
#55 = ORIENTED_EDGE ( 'NONE', *, *, #1271, .T. ) ;
#56 = LINE ( 'NONE', #3545, #1685 ) ;
#57 = DIRECTION ( 'NONE',  ( 0.8724479280923895796, 0.06643530534971466006, 0.4841703863005116792 ) ) ;
#58 = EDGE_CURVE ( 'NONE', #2804, #1098, #2085, .T. ) ;
#59 = CARTESIAN_POINT ( 'NONE',  ( -7.730514702617224287, -18.51189065358338581, 16.12755422127029448 ) ) ;
#60 = DIRECTION ( 'NONE',  ( -0.4813818453556409915, -0.05406668479067299610, 0.8748418786030671690 ) ) ;
#61 = VERTEX_POINT ( 'NONE', #3000 ) ;
#62 = CARTESIAN_POINT ( 'NONE',  ( -6.207923113641022894, -18.05556835126590443, 14.96844903300529595 ) ) ;
#63 = DIRECTION ( 'NONE',  ( 0.2765254789952332204, 0.008745935471210533954, 0.9609667882290158225 ) ) ;
#64 = COORDINATED_UNIVERSAL_TIME_OFFSET ( 2, 0, .AHEAD. ) ;
#65 = EDGE_CURVE ( 'NONE', #1845, #2255, #2767, .T. ) ;
#66 = DIRECTION ( 'NONE',  ( 0.1773339225541095687, 0.000000000000000000, 0.9841507404415104077 ) ) ;
#67 = DIRECTION ( 'NONE',  ( 0.08429787499881302715, -0.9963248184195923063, -0.01518961723845790347 ) ) ;
#68 = CARTESIAN_POINT ( 'NONE',  ( -6.650112147774615678, -19.12139229843837640, 14.69880755932936722 ) ) ;
#69 = EDGE_LOOP ( 'NONE', ( #601, #1293, #1788, #1347 ) ) ;
#70 = CARTESIAN_POINT ( 'NONE',  ( -7.520567579534979785, -18.33422117765460868, 16.00654412496409407 ) ) ;
#71 = FACE_OUTER_BOUND ( 'NONE', #2223, .T. ) ;
#72 = ORIENTED_EDGE ( 'NONE', *, *, #2616, .F. ) ;
#73 = ORIENTED_EDGE ( 'NONE', *, *, #2055, .T. ) ;
#74 = LINE ( 'NONE', #1343, #2028 ) ;
#75 = ORIENTED_EDGE ( 'NONE', *, *, #1376, .F. ) ;
#76 = CARTESIAN_POINT ( 'NONE',  ( -6.771298151080935135, -18.35783552118896012, 16.52987657956820300 ) ) ;
#77 = ADVANCED_FACE ( 'NONE', ( #1710 ), #146, .F. ) ;
#78 = ORIENTED_EDGE ( 'NONE', *, *, #3850, .F. ) ;
#79 = AXIS2_PLACEMENT_3D ( 'NONE', #3085, #1263, #1219 ) ;
#80 = DIRECTION ( 'NONE',  ( 0.08429787499880325718, -0.9963248184195935275, -0.01518961723843488022 ) ) ;
#81 = DIRECTION ( 'NONE',  ( -0.4813818453556189536, -0.05406668479069653976, 0.8748418786030779382 ) ) ;
#82 = VECTOR ( 'NONE', #983, 39.37007874015748854 ) ;
#83 = ORIENTED_EDGE ( 'NONE', *, *, #155, .T. ) ;
#84 = VECTOR ( 'NONE', #3210, 39.37007874015748854 ) ;
#85 = CARTESIAN_POINT ( 'NONE',  ( -8.198024970376987852, -17.85100585663429129, 17.48623820698239939 ) ) ;
#86 = DIRECTION ( 'NONE',  ( -0.4813818453556411026, -0.05406668479067291283, 0.8748418786030672800 ) ) ;
#87 = CYLINDRICAL_SURFACE ( 'NONE', #3095, 0.02559055118110303492 ) ;
#88 = EDGE_LOOP ( 'NONE', ( #1868, #2464 ) ) ;
#89 = EDGE_CURVE ( 'NONE', #1516, #184, #2967, .T. ) ;
#90 = DIRECTION ( 'NONE',  ( -0.8724479280923818081, -0.06643530534973238200, -0.4841703863005232811 ) ) ;
#91 = DIRECTION ( 'NONE',  ( -0.4813818453556222843, -0.05406668479068793554, 0.8748418786030767169 ) ) ;
#92 = ORIENTED_EDGE ( 'NONE', *, *, #3356, .T. ) ;
#93 = CARTESIAN_POINT ( 'NONE',  ( -5.844400183158890094, -18.90341168054200693, 15.34109197911889666 ) ) ;
#94 = EDGE_LOOP ( 'NONE', ( #3968, #72, #3960, #3303 ) ) ;
#95 = CARTESIAN_POINT ( 'NONE',  ( -6.319460312052854079, -18.08244531411401468, 14.90541463556220414 ) ) ;
#96 = CIRCLE ( 'NONE', #3040, 0.02559055118110303492 ) ;
#97 = CIRCLE ( 'NONE', #4012, 0.1181102362204727446 ) ;
#98 = CARTESIAN_POINT ( 'NONE',  ( -5.886180000061149720, -19.18310864633208723, 15.21081187528529455 ) ) ;
#99 = AXIS2_PLACEMENT_3D ( 'NONE', #1534, #1515, #1581 ) ;
#100 = AXIS2_PLACEMENT_3D ( 'NONE', #2240, #3520, #1639 ) ;
#101 = CIRCLE ( 'NONE', #2981, 0.02559055118110303492 ) ;
#102 = EDGE_CURVE ( 'NONE', #2080, #1127, #2629, .T. ) ;
#103 = CIRCLE ( 'NONE', #1497, 0.02559055118110303492 ) ;
#104 = DIRECTION ( 'NONE',  ( -0.8724479280923818081, -0.06643530534973238200, -0.4841703863005232811 ) ) ;
#105 = CARTESIAN_POINT ( 'NONE',  ( -6.609065214498484941, -18.51367016566700840, 14.94442163134740298 ) ) ;
#106 = FACE_OUTER_BOUND ( 'NONE', #1139, .T. ) ;
#107 = ORIENTED_EDGE ( 'NONE', *, *, #314, .F. ) ;
#108 = UNCERTAINTY_MEASURE_WITH_UNIT (LENGTH_MEASURE( 1.000000000000000082E-05 ), #3266, 'distance_accuracy_value', 'NONE');
#109 = DIRECTION ( 'NONE',  ( -0.08429787529695621784, 0.9963248183968897997, 0.01518961707297469994 ) ) ;
#110 = DIRECTION ( 'NONE',  ( 0.000000000000000000, -0.9980957303041232409, -0.06168397805491212388 ) ) ;
#111 = DIRECTION ( 'NONE',  ( -0.8724479280923818081, -0.06643530534973238200, -0.4841703863005232811 ) ) ;
#112 = CARTESIAN_POINT ( 'NONE',  ( -6.282998579562282693, -17.80983939273228245, 15.16733774882009911 ) ) ;
#113 = PLANE ( 'NONE',  #3374 ) ;
#114 = ADVANCED_FACE ( 'NONE', ( #735 ), #754, .T. ) ;
#115 = EDGE_LOOP ( 'NONE', ( #809, #1456, #4059, #2542 ) ) ;
#116 = FACE_OUTER_BOUND ( 'NONE', #987, .T. ) ;
#117 = DIRECTION ( 'NONE',  ( 0.8724479280923781443, 0.06643530534971579804, 0.4841703863005320518 ) ) ;
#118 = DATE_AND_TIME ( #407, #3870 ) ;
#119 = ORIENTED_EDGE ( 'NONE', *, *, #527, .T. ) ;
#120 = DIRECTION ( 'NONE',  ( -0.8724479280923895796, -0.06643530534971466006, -0.4841703863005116792 ) ) ;
#121 = LINE ( 'NONE', #2370, #2270 ) ;
#122 = DIRECTION ( 'NONE',  ( 0.08429787499881304103, -0.9963248184195923063, -0.01518961723845793123 ) ) ;
#123 = ADVANCED_FACE ( 'NONE', ( #2663 ), #3606, .F. ) ;
#124 = ORIENTED_EDGE ( 'NONE', *, *, #1267, .T. ) ;
#125 = CARTESIAN_POINT ( 'NONE',  ( -7.885930267190551568, -18.37095367965629933, 16.38826573932061237 ) ) ;
#126 = DIRECTION ( 'NONE',  ( 0.000000000000000000, -0.9980957303041215756, -0.06168397805493808228 ) ) ;
#127 = EDGE_CURVE ( 'NONE', #302, #3572, #1682, .T. ) ;
#128 = DIRECTION ( 'NONE',  ( -0.8724479280923781443, -0.06643530534971589518, -0.4841703863005320518 ) ) ;
#129 = CARTESIAN_POINT ( 'NONE',  ( -6.337136381937166441, -17.88020592568572198, 15.13319964786929361 ) ) ;
#130 = DIRECTION ( 'NONE',  ( 0.08429787499880325718, -0.9963248184195936386, -0.01518961723843481083 ) ) ;
#131 = ADVANCED_FACE ( 'NONE', ( #777 ), #2026, .T. ) ;
#132 = ORIENTED_EDGE ( 'NONE', *, *, #1684, .F. ) ;
#133 = DIRECTION ( 'NONE',  ( 0.4813818453556196197, 0.05406668479069656752, -0.8748418786030774941 ) ) ;
#134 = DIRECTION ( 'NONE',  ( -0.5573062471350025415, -0.7514848902919353257, -0.3531008447557403285 ) ) ;
#135 = VERTEX_POINT ( 'NONE', #1692 ) ;
#136 = ADVANCED_FACE ( 'NONE', ( #3930 ), #1081, .F. ) ;
#137 = DIRECTION ( 'NONE',  ( -0.8724479280923895796, -0.06643530534971466006, -0.4841703863005116792 ) ) ;
#138 = VECTOR ( 'NONE', #818, 39.37007874015748854 ) ;
#139 = CARTESIAN_POINT ( 'NONE',  ( -6.305325002918993782, -17.81153950881411063, 15.15494756176908986 ) ) ;
#140 = DIRECTION ( 'NONE',  ( -0.4852424155434362785, 0.000000000000000000, 0.8743796647667255728 ) ) ;
#141 = VERTEX_POINT ( 'NONE', #1103 ) ;
#142 = AXIS2_PLACEMENT_3D ( 'NONE', #3541, #693, #1960 ) ;
#143 = DIRECTION ( 'NONE',  ( 0.8724479280923782554, 0.06643530534971590906, 0.4841703863005321073 ) ) ;
#144 = CARTESIAN_POINT ( 'NONE',  ( -7.435929171160767126, -18.47373953140319003, 15.95448893620639730 ) ) ;
#145 = AXIS2_PLACEMENT_3D ( 'NONE', #1817, #2167, #1564 ) ;
#146 = CYLINDRICAL_SURFACE ( 'NONE', #1894, 0.02559055118110303492 ) ;
#147 = EDGE_CURVE ( 'NONE', #3056, #2202, #1754, .T. ) ;
#148 = DIRECTION ( 'NONE',  ( -0.08429787499880334045, 0.9963248184195934165, 0.01518961723843469287 ) ) ;
#149 = CARTESIAN_POINT ( 'NONE',  ( -6.319460312052854079, -18.08244531411401468, 14.90541463556220414 ) ) ;
#150 = ORIENTED_EDGE ( 'NONE', *, *, #102, .F. ) ;
#151 = VECTOR ( 'NONE', #1274, 39.37007874015748854 ) ;
#152 = CARTESIAN_POINT ( 'NONE',  ( -6.475534807180649999, -18.11432450961000029, 14.92332033318669282 ) ) ;
#153 = DIRECTION ( 'NONE',  ( 0.08429787499880325718, -0.9963248184195936386, -0.01518961723843481083 ) ) ;
#154 = ORIENTED_EDGE ( 'NONE', *, *, #2827, .F. ) ;
#155 = EDGE_CURVE ( 'NONE', #1528, #2032, #3813, .T. ) ;
#156 = AXIS2_PLACEMENT_3D ( 'NONE', #617, #884, #3415 ) ;
#157 = VECTOR ( 'NONE', #537, 39.37007874015748854 ) ;
#158 = ORIENTED_EDGE ( 'NONE', *, *, #678, .F. ) ;
#159 = VERTEX_POINT ( 'NONE', #2873 ) ;
#160 = CARTESIAN_POINT ( 'NONE',  ( -8.026283252873721352, -17.83792804078039396, 17.58154733779000267 ) ) ;
#161 = AXIS2_PLACEMENT_3D ( 'NONE', #879, #2448, #3394 ) ;
#162 = AXIS2_PLACEMENT_3D ( 'NONE', #3358, #1156, #3005 ) ;
#163 = EDGE_LOOP ( 'NONE', ( #523, #1579, #4082, #842 ) ) ;
#164 = CARTESIAN_POINT ( 'NONE',  ( -6.542139965237126376, -18.56311023222870205, 14.75317923823149791 ) ) ;
#165 = DIRECTION ( 'NONE',  ( -0.4813818453556411026, -0.05406668479067300997, 0.8748418786030672800 ) ) ;
#166 = ORIENTED_EDGE ( 'NONE', *, *, #1652, .F. ) ;
#167 = VERTEX_POINT ( 'NONE', #2246 ) ;
#168 = CIRCLE ( 'NONE', #236, 0.1181102362204713846 ) ;
#169 = EDGE_LOOP ( 'NONE', ( #3349, #811, #3409, #1551 ) ) ;
#170 = FACE_OUTER_BOUND ( 'NONE', #3638, .T. ) ;
#171 = CARTESIAN_POINT ( 'NONE',  ( -7.370977469705480623, -19.35087618515835572, 17.97491649385809609 ) ) ;
#172 = DIRECTION ( 'NONE',  ( 0.08429787499881302715, -0.9963248184195923063, -0.01518961723845790347 ) ) ;
#173 = LINE ( 'NONE', #821, #1247 ) ;
#174 = DIRECTION ( 'NONE',  ( -0.8724479280923782554, -0.06643530534971590906, -0.4841703863005321073 ) ) ;
#175 = EDGE_CURVE ( 'NONE', #2107, #3188, #31, .T. ) ;
#176 = EDGE_LOOP ( 'NONE', ( #3134, #2518, #725, #1947, #3343, #2865, #1253, #3322 ) ) ;
#177 = CARTESIAN_POINT ( 'NONE',  ( -6.156609134804075012, -17.56057376077679066, 15.02727604572700848 ) ) ;
#178 = FACE_OUTER_BOUND ( 'NONE', #874, .T. ) ;
#179 = ORIENTED_EDGE ( 'NONE', *, *, #3716, .F. ) ;
#180 = ADVANCED_FACE ( 'NONE', ( #252 ), #2890, .T. ) ;
#181 = ORIENTED_EDGE ( 'NONE', *, *, #4094, .F. ) ;
#182 = ORIENTED_EDGE ( 'NONE', *, *, #3425, .T. ) ;
#183 = CARTESIAN_POINT ( 'NONE',  ( -7.115288897309212324, -19.00018751904358538, 14.63580440852360276 ) ) ;
#184 = VERTEX_POINT ( 'NONE', #939 ) ;
#185 = LINE ( 'NONE', #2694, #3866 ) ;
#186 = ORIENTED_EDGE ( 'NONE', *, *, #3386, .T. ) ;
#187 = CARTESIAN_POINT ( 'NONE',  ( -7.494048059154173380, -18.25701550523039529, 16.27342172787169261 ) ) ;
#188 = ORIENTED_EDGE ( 'NONE', *, *, #2950, .F. ) ;
#189 = ORIENTED_EDGE ( 'NONE', *, *, #2880, .F. ) ;
#190 = ADVANCED_FACE ( 'NONE', ( #4054 ), #26, .T. ) ;
#191 = CARTESIAN_POINT ( 'NONE',  ( -8.121043458652382085, -17.84857108896759925, 17.75376030601901789 ) ) ;
#192 = EDGE_CURVE ( 'NONE', #3515, #3369, #3105, .T. ) ;
#193 = CARTESIAN_POINT ( 'NONE',  ( -8.114662909432480475, -19.28851947529070898, 17.53327247170450676 ) ) ;
#194 = DIRECTION ( 'NONE',  ( -0.8724479280923818081, -0.06643530534973238200, -0.4841703863005232811 ) ) ;
#195 = CARTESIAN_POINT ( 'NONE',  ( -6.720033490053169523, -17.76095360985039306, 14.81062381452649568 ) ) ;
#196 = ORIENTED_EDGE ( 'NONE', *, *, #1926, .T. ) ;
#197 = DIRECTION ( 'NONE',  ( 0.4813818453556189536, 0.05406668479069660221, -0.8748418786030780492 ) ) ;
#198 = CARTESIAN_POINT ( 'NONE',  ( -7.582626638833681376, -18.41790307716401642, 15.96722443964610427 ) ) ;
#199 = ORIENTED_EDGE ( 'NONE', *, *, #2307, .T. ) ;
#200 = ORIENTED_EDGE ( 'NONE', *, *, #297, .T. ) ;
#201 = CARTESIAN_POINT ( 'NONE',  ( -5.922456789348472306, -18.91035936079686053, 15.36361659127201484 ) ) ;
#202 = EDGE_CURVE ( 'NONE', #1319, #1311, #2511, .T. ) ;
#203 = ORIENTED_EDGE ( 'NONE', *, *, #1976, .T. ) ;
#204 = CARTESIAN_POINT ( 'NONE',  ( -6.513631077443976736, -18.30767091505200739, 15.00966537304669401 ) ) ;
#205 = DIRECTION ( 'NONE',  ( 0.8303033849598177030, -0.5056565456694190885, -0.2343240208470725727 ) ) ;
#206 = ORIENTED_EDGE ( 'NONE', *, *, #628, .T. ) ;
#207 = VECTOR ( 'NONE', #274, 39.37007874015748854 ) ;
#208 = FACE_OUTER_BOUND ( 'NONE', #1659, .T. ) ;
#209 = DIRECTION ( 'NONE',  ( 0.9573022133773335662, 0.08520777437476277638, -0.2762464614234134697 ) ) ;
#210 = VECTOR ( 'NONE', #53, 39.37007874015748854 ) ;
#211 = EDGE_CURVE ( 'NONE', #1000, #588, #3934, .T. ) ;
#212 = VECTOR ( 'NONE', #2419, 39.37007874015748854 ) ;
#213 = CARTESIAN_POINT ( 'NONE',  ( -7.640166647892795204, -17.81195320412909666, 18.02062587327122145 ) ) ;
#214 = CARTESIAN_POINT ( 'NONE',  ( -7.144121652358464303, -18.53077157046338641, 15.43649376064960599 ) ) ;
#215 = ADVANCED_FACE ( 'NONE', ( #980 ), #1586, .F. ) ;
#216 = AXIS2_PLACEMENT_3D ( 'NONE', #607, #3080, #205 ) ;
#217 = ORIENTED_EDGE ( 'NONE', *, *, #314, .T. ) ;
#218 = CARTESIAN_POINT ( 'NONE',  ( -6.124615615623681286, -17.66186351078789585, 15.03862060816610224 ) ) ;
#219 = CARTESIAN_POINT ( 'NONE',  ( -7.468424929724763572, -17.79887538858389817, 18.11593500442559446 ) ) ;
#220 = ORIENTED_EDGE ( 'NONE', *, *, #521, .T. ) ;
#221 = ORIENTED_EDGE ( 'NONE', *, *, #1039, .T. ) ;
#222 = CARTESIAN_POINT ( 'NONE',  ( -6.558842305312205134, -18.50802935011389749, 14.85314875796139766 ) ) ;
#223 = EDGE_LOOP ( 'NONE', ( #3336, #1313, #3260, #2054 ) ) ;
#224 = AXIS2_PLACEMENT_3D ( 'NONE', #2329, #1078, #751 ) ;
#225 = CARTESIAN_POINT ( 'NONE',  ( -6.459493275069147167, -18.23730438209852878, 15.04380347399748530 ) ) ;
#226 = VERTEX_POINT ( 'NONE', #1605 ) ;
#227 = CARTESIAN_POINT ( 'NONE',  ( -6.875043755102105969, -17.44977124411429159, 16.75484958558980608 ) ) ;
#228 = EDGE_LOOP ( 'NONE', ( #3382, #2997, #3122, #1517, #1428, #2634 ) ) ;
#229 = VECTOR ( 'NONE', #2365, 39.37007874015748143 ) ;
#230 = AXIS2_PLACEMENT_3D ( 'NONE', #1371, #1952, #3221 ) ;
#231 = ORIENTED_EDGE ( 'NONE', *, *, #1025, .F. ) ;
#232 = ADVANCED_BREP_SHAPE_REPRESENTATION ( 'End_effector_2_Default_sldprt', ( #3818, #1227 ), #3354 ) ;
#233 = DIRECTION ( 'NONE',  ( -0.8724479280923778113, -0.06643530534971169021, -0.4841703863005331065 ) ) ;
#234 = CARTESIAN_POINT ( 'NONE',  ( -8.300142157651535513, -17.77469602947622107, 17.65977682776928859 ) ) ;
#235 = LINE ( 'NONE', #1547, #1346 ) ;
#236 = AXIS2_PLACEMENT_3D ( 'NONE', #889, #935, #2964 ) ;
#237 = VECTOR ( 'NONE', #3668, 39.37007874015748854 ) ;
#238 = CIRCLE ( 'NONE', #1035, 0.1181102362204727446 ) ;
#239 = FACE_OUTER_BOUND ( 'NONE', #1887, .T. ) ;
#240 = CARTESIAN_POINT ( 'NONE',  ( -8.214728570467684676, -17.85470122471243215, 17.63592656247964996 ) ) ;
#241 = ORIENTED_EDGE ( 'NONE', *, *, #2416, .T. ) ;
#242 = CARTESIAN_POINT ( 'NONE',  ( -6.752122491661063819, -17.52867157842869972, 14.83657388425009849 ) ) ;
#243 = DIRECTION ( 'NONE',  ( 0.08429787499880325718, -0.9963248184195936386, -0.01518961723843476053 ) ) ;
#244 = ORIENTED_EDGE ( 'NONE', *, *, #2711, .F. ) ;
#245 = CARTESIAN_POINT ( 'NONE',  ( -6.218763561212835356, -17.65230748132200844, 15.43743134983690979 ) ) ;
#246 = EDGE_CURVE ( 'NONE', #485, #1222, #3525, .T. ) ;
#247 = ORIENTED_EDGE ( 'NONE', *, *, #4063, .T. ) ;
#248 = DIRECTION ( 'NONE',  ( -0.8303033849598177030, 0.5056565456694190885, 0.2343240208470725727 ) ) ;
#249 = EDGE_LOOP ( 'NONE', ( #38, #3566, #3405, #3368 ) ) ;
#250 = DIRECTION ( 'NONE',  ( -0.4813818453556409915, -0.05406668479067310712, 0.8748418786030671690 ) ) ;
#251 = ORIENTED_EDGE ( 'NONE', *, *, #1776, .F. ) ;
#252 = FACE_OUTER_BOUND ( 'NONE', #1628, .T. ) ;
#253 = DIRECTION ( 'NONE',  ( 0.4369697618768986214, 0.8504166786953472057, 0.2929998290136380246 ) ) ;
#254 = CC_DESIGN_PERSON_AND_ORGANIZATION_ASSIGNMENT ( #655, #3510, ( #547 ) ) ;
#255 = CARTESIAN_POINT ( 'NONE',  ( -7.476025869032106641, -18.40841473201850675, 15.93646290491749795 ) ) ;
#256 = DIRECTION ( 'NONE',  ( 0.8724479280923781443, 0.06643530534971589518, 0.4841703863005320518 ) ) ;
#257 = ORIENTED_EDGE ( 'NONE', *, *, #380, .T. ) ;
#258 = DIRECTION ( 'NONE',  ( -0.8724479280923778113, -0.06643530534971169021, -0.4841703863005331065 ) ) ;
#259 = CYLINDRICAL_SURFACE ( 'NONE', #575, 0.07874015748031573669 ) ;
#260 = ORIENTED_EDGE ( 'NONE', *, *, #2765, .F. ) ;
#261 = ORIENTED_EDGE ( 'NONE', *, *, #1691, .F. ) ;
#262 = DIRECTION ( 'NONE',  ( -0.4369697617180028359, -0.8504166788047855530, -0.2929998289329698857 ) ) ;
#263 = DIRECTION ( 'NONE',  ( -0.8724479280923818081, -0.06643530534973238200, -0.4841703863005232811 ) ) ;
#264 = ORIENTED_EDGE ( 'NONE', *, *, #2378, .T. ) ;
#265 = EDGE_CURVE ( 'NONE', #1169, #4095, #1864, .T. ) ;
#266 = DIRECTION ( 'NONE',  ( 0.4813818453556418242, 0.05406668479067337774, -0.8748418786030666139 ) ) ;
#267 = CARTESIAN_POINT ( 'NONE',  ( -8.249333742964036986, -17.69683173978561186, 17.55753878226749976 ) ) ;
#268 = ORIENTED_EDGE ( 'NONE', *, *, #773, .F. ) ;
#269 = DIRECTION ( 'NONE',  ( -0.4813818453556411026, -0.05406668479067321120, 0.8748418786030672800 ) ) ;
#270 = ADVANCED_FACE ( 'NONE', ( #1920 ), #3751, .F. ) ;
#271 = ORIENTED_EDGE ( 'NONE', *, *, #3330, .F. ) ;
#272 = DIRECTION ( 'NONE',  ( -0.2765254789952036329, -0.008745935471214176873, -0.9609667882290243712 ) ) ;
#273 = DIRECTION ( 'NONE',  ( -0.08429787499880325718, 0.9963248184195935275, 0.01518961723843489930 ) ) ;
#274 = DIRECTION ( 'NONE',  ( 0.08429787499880314616, -0.9963248184195934165, -0.01518961723843479175 ) ) ;
#275 = DIRECTION ( 'NONE',  ( -0.9573022133773341213, -0.08520777437476233229, 0.2762464614234120264 ) ) ;
#276 = ORIENTED_EDGE ( 'NONE', *, *, #2620, .T. ) ;
#277 = ORIENTED_EDGE ( 'NONE', *, *, #718, .T. ) ;
#278 = CIRCLE ( 'NONE', #805, 0.07874015748031958084 ) ;
#279 = ORIENTED_EDGE ( 'NONE', *, *, #202, .F. ) ;
#280 = CARTESIAN_POINT ( 'NONE',  ( -8.198002476885138279, -18.30352098736200617, 17.54828941169779810 ) ) ;
#281 = CARTESIAN_POINT ( 'NONE',  ( -6.865087313173130035, -17.56744740377019909, 16.75305553630970579 ) ) ;
#282 = CIRCLE ( 'NONE', #1813, 0.07874015748031958084 ) ;
#283 = ADVANCED_FACE ( 'NONE', ( #316 ), #1938, .F. ) ;
#284 = VECTOR ( 'NONE', #2557, 39.37007874015748854 ) ;
#285 = ORIENTED_EDGE ( 'NONE', *, *, #1199, .T. ) ;
#286 = DIRECTION ( 'NONE',  ( 0.4813818453556196197, 0.05406668479069656752, -0.8748418786030774941 ) ) ;
#287 = FACE_OUTER_BOUND ( 'NONE', #4087, .T. ) ;
#288 = DIRECTION ( 'NONE',  ( -0.8724479280923782554, -0.06643530534971600621, -0.4841703863005321073 ) ) ;
#289 = ADVANCED_FACE ( 'NONE', ( #2856 ), #3150, .F. ) ;
#290 = PLANE ( 'NONE',  #3604 ) ;
#291 = AXIS2_PLACEMENT_3D ( 'NONE', #3018, #2379, #1059 ) ;
#292 = VERTEX_POINT ( 'NONE', #3771 ) ;
#293 = LINE ( 'NONE', #924, #1954 ) ;
#294 = AXIS2_PLACEMENT_3D ( 'NONE', #3212, #2272, #3196 ) ;
#295 = AXIS2_PLACEMENT_3D ( 'NONE', #1441, #2333, #3290 ) ;
#296 = PLANE ( 'NONE',  #3619 ) ;
#297 = EDGE_CURVE ( 'NONE', #1798, #3056, #293, .T. ) ;
#298 = FACE_OUTER_BOUND ( 'NONE', #1987, .T. ) ;
#299 = CARTESIAN_POINT ( 'NONE',  ( -7.476025869017303371, -18.40841473199039768, 15.93646290492730344 ) ) ;
#300 = VECTOR ( 'NONE', #1403, 39.37007874015748854 ) ;
#301 = AXIS2_PLACEMENT_3D ( 'NONE', #409, #1679, #1051 ) ;
#302 = VERTEX_POINT ( 'NONE', #3189 ) ;
#303 = CARTESIAN_POINT ( 'NONE',  ( -6.695266368193858675, -17.52228574951649520, 14.73324610331279771 ) ) ;
#304 = AXIS2_PLACEMENT_3D ( 'NONE', #20, #2565, #1231 ) ;
#305 = LINE ( 'NONE', #3735, #2096 ) ;
#306 = CIRCLE ( 'NONE', #973, 0.02559055118110303492 ) ;
#307 = AXIS2_PLACEMENT_3D ( 'NONE', #1914, #915, #1580 ) ;
#308 = VERTEX_POINT ( 'NONE', #3167 ) ;
#309 = CARTESIAN_POINT ( 'NONE',  ( -6.504704502937331156, -18.43766281716046151, 14.88728685891220671 ) ) ;
#310 = DIRECTION ( 'NONE',  ( -0.8724479280923818081, -0.06643530534973238200, -0.4841703863005232811 ) ) ;
#311 = EDGE_CURVE ( 'NONE', #1406, #1311, #1569, .T. ) ;
#312 = FACE_OUTER_BOUND ( 'NONE', #3658, .T. ) ;
#313 = EDGE_LOOP ( 'NONE', ( #2499, #2106, #2837, #1476 ) ) ;
#314 = EDGE_CURVE ( 'NONE', #1683, #3059, #1261, .T. ) ;
#315 = ORIENTED_EDGE ( 'NONE', *, *, #3848, .T. ) ;
#316 = FACE_OUTER_BOUND ( 'NONE', #3332, .T. ) ;
#317 = ORIENTED_EDGE ( 'NONE', *, *, #1372, .F. ) ;
#318 = DIRECTION ( 'NONE',  ( -0.08429787529695505210, 0.9963248183968897997, 0.01518961707297448831 ) ) ;
#319 = CARTESIAN_POINT ( 'NONE',  ( -6.218763561212835356, -17.65230748132200844, 15.43743134983690979 ) ) ;
#320 = CARTESIAN_POINT ( 'NONE',  ( -6.535957500800696707, -18.30937103113371123, 14.99727518599568832 ) ) ;
#321 = ADVANCED_FACE ( 'NONE', ( #3250 ), #2971, .T. ) ;
#322 = CARTESIAN_POINT ( 'NONE',  ( -7.481829619414822830, -17.64044405183200936, 18.11835039278019721 ) ) ;
#323 = FACE_OUTER_BOUND ( 'NONE', #1500, .T. ) ;
#324 = ORIENTED_EDGE ( 'NONE', *, *, #3798, .F. ) ;
#325 = DIRECTION ( 'NONE',  ( -0.4813818453556409915, -0.05406668479067270466, 0.8748418786030671690 ) ) ;
#326 = ORIENTED_EDGE ( 'NONE', *, *, #2440, .T. ) ;
#327 = CARTESIAN_POINT ( 'NONE',  ( -6.729241781454941673, -17.68603861036889668, 14.81693719918490437 ) ) ;
#328 = ADVANCED_FACE ( 'NONE', ( #352, #3618, #1623, #2655 ), #1646, .F. ) ;
#329 = CYLINDRICAL_SURFACE ( 'NONE', #2350, 0.1968503937007879401 ) ;
#330 = ORIENTED_EDGE ( 'NONE', *, *, #1674, .F. ) ;
#331 = DATE_AND_TIME ( #673, #553 ) ;
#332 = EDGE_CURVE ( 'NONE', #3654, #1198, #3683, .T. ) ;
#333 = DIRECTION ( 'NONE',  ( 0.4813818453556189536, 0.05406668479069660221, -0.8748418786030780492 ) ) ;
#334 = EDGE_LOOP ( 'NONE', ( #1828, #840, #285, #2191 ) ) ;
#335 = DIRECTION ( 'NONE',  ( 0.08429787499880735113, -0.9963248184195931945, -0.01518961723843521155 ) ) ;
#336 = CARTESIAN_POINT ( 'NONE',  ( -7.383391251364134433, -19.35126880768889635, 17.93177677330279707 ) ) ;
#337 = DIRECTION ( 'NONE',  ( -0.7329645833144711187, -0.6448002585603016534, 0.2167845616440707834 ) ) ;
#338 = DIRECTION ( 'NONE',  ( -0.8724479280923778113, -0.06643530534971169021, -0.4841703863005331065 ) ) ;
#339 = DIRECTION ( 'NONE',  ( -0.8724479280923818081, -0.06643530534973238200, -0.4841703863005232811 ) ) ;
#340 = ADVANCED_FACE ( 'NONE', ( #769 ), #376, .F. ) ;
#341 = ORIENTED_EDGE ( 'NONE', *, *, #3474, .F. ) ;
#342 = CIRCLE ( 'NONE', #405, 0.1968503937007869409 ) ;
#343 = LINE ( 'NONE', #3588, #3305 ) ;
#344 = ORIENTED_EDGE ( 'NONE', *, *, #1857, .T. ) ;
#345 = CARTESIAN_POINT ( 'NONE',  ( -6.543659215359349801, -18.40185871712570886, 14.98732142366999831 ) ) ;
#346 = EDGE_CURVE ( 'NONE', #517, #3800, #1704, .T. ) ;
#347 = CIRCLE ( 'NONE', #3348, 0.1968503937007869409 ) ;
#348 = ORIENTED_EDGE ( 'NONE', *, *, #3083, .T. ) ;
#349 = CYLINDRICAL_SURFACE ( 'NONE', #837, 0.1181102362204729805 ) ;
#350 = AXIS2_PLACEMENT_3D ( 'NONE', #2141, #1259, #3451 ) ;
#351 = PLANE ( 'NONE',  #3744 ) ;
#352 = FACE_BOUND ( 'NONE', #471, .T. ) ;
#353 = CARTESIAN_POINT ( 'NONE',  ( -7.469388241318189792, -18.48686550458748101, 15.93526687196570890 ) ) ;
#354 = DIRECTION ( 'NONE',  ( -0.2765254789952036329, -0.008745935471214176873, -0.9609667882290243712 ) ) ;
#355 = CARTESIAN_POINT ( 'NONE',  ( -6.450682250559901298, -18.36569428372260049, 14.81570449069340611 ) ) ;
#356 = EDGE_CURVE ( 'NONE', #3819, #3062, #962, .T. ) ;
#357 = EDGE_LOOP ( 'NONE', ( #1457, #2472, #1111, #2963 ) ) ;
#358 = VERTEX_POINT ( 'NONE', #51 ) ;
#359 = ORIENTED_EDGE ( 'NONE', *, *, #3673, .T. ) ;
#360 = AXIS2_PLACEMENT_3D ( 'NONE', #1216, #2489, #1292 ) ;
#361 = DIRECTION ( 'NONE',  ( -0.4813818453556411026, -0.05406668479067291283, 0.8748418786030672800 ) ) ;
#362 = FACE_OUTER_BOUND ( 'NONE', #2529, .T. ) ;
#363 = AXIS2_PLACEMENT_3D ( 'NONE', #905, #3106, #4014 ) ;
#364 = CIRCLE ( 'NONE', #3883, 0.02559055118110303492 ) ;
#365 = ORIENTED_EDGE ( 'NONE', *, *, #2933, .T. ) ;
#366 = ORIENTED_EDGE ( 'NONE', *, *, #404, .T. ) ;
#367 = AXIS2_PLACEMENT_3D ( 'NONE', #1763, #133, #3054 ) ;
#368 = CYLINDRICAL_SURFACE ( 'NONE', #3890, 0.1181102362204731610 ) ;
#369 = ORIENTED_EDGE ( 'NONE', *, *, #3264, .T. ) ;
#370 = CARTESIAN_POINT ( 'NONE',  ( -7.923480398873151032, -17.93638723628161458, 17.85704221849271534 ) ) ;
#371 = CIRCLE ( 'NONE', #3691, 0.02559055118110303492 ) ;
#372 = VECTOR ( 'NONE', #1061, 39.37007874015748854 ) ;
#373 = ORIENTED_EDGE ( 'NONE', *, *, #1126, .T. ) ;
#374 = FACE_OUTER_BOUND ( 'NONE', #2122, .T. ) ;
#375 = MECHANICAL_CONTEXT ( 'NONE', #2422, 'mechanical' ) ;
#376 = PLANE ( 'NONE',  #1239 ) ;
#377 = DIRECTION ( 'NONE',  ( 0.2807807681398010180, 0.7427389548207067316, -0.6078659434732853750 ) ) ;
#378 = DIRECTION ( 'NONE',  ( 0.000000000000000000, -0.9907169414002590102, 0.1359409504987943995 ) ) ;
#379 = ORIENTED_EDGE ( 'NONE', *, *, #4010, .T. ) ;
#380 = EDGE_CURVE ( 'NONE', #2921, #1739, #1315, .T. ) ;
#381 = FACE_OUTER_BOUND ( 'NONE', #1215, .T. ) ;
#382 = DIRECTION ( 'NONE',  ( -0.8724479280923896907, -0.06643530534971456292, -0.4841703863005117903 ) ) ;
#383 = VERTEX_POINT ( 'NONE', #2672 ) ;
#384 = EDGE_CURVE ( 'NONE', #2788, #141, #1896, .T. ) ;
#385 = CARTESIAN_POINT ( 'NONE',  ( -6.324294914241885834, -17.94547211039384038, 15.13623210807149810 ) ) ;
#386 = ORIENTED_EDGE ( 'NONE', *, *, #3086, .F. ) ;
#387 = LINE ( 'NONE', #1932, #3946 ) ;
#388 = CYLINDRICAL_SURFACE ( 'NONE', #1493, 0.02559055118110303492 ) ;
#389 = PERSON_AND_ORGANIZATION ( #2673, #1951 ) ;
#390 = EDGE_CURVE ( 'NONE', #2548, #2394, #996, .T. ) ;
#391 = VERTEX_POINT ( 'NONE', #3269 ) ;
#392 = LINE ( 'NONE', #85, #2771 ) ;
#393 = CYLINDRICAL_SURFACE ( 'NONE', #2331, 0.1968503937007879401 ) ;
#394 = CARTESIAN_POINT ( 'NONE',  ( -6.705222810122855037, -17.40460958986059126, 14.73504015259289446 ) ) ;
#395 = EDGE_LOOP ( 'NONE', ( #2244, #2588 ) ) ;
#396 = CARTESIAN_POINT ( 'NONE',  ( -6.554927412123594088, -18.44330363271352624, 14.97855973229811966 ) ) ;
#397 = SPHERICAL_SURFACE ( 'NONE', #1697, 0.1181102362204724532 ) ;
#398 = ORIENTED_EDGE ( 'NONE', *, *, #18, .T. ) ;
#399 = ORIENTED_EDGE ( 'NONE', *, *, #2816, .F. ) ;
#400 = DIRECTION ( 'NONE',  ( -0.8724479280923818081, -0.06643530534973238200, -0.4841703863005232811 ) ) ;
#401 = VERTEX_POINT ( 'NONE', #2264 ) ;
#402 = FACE_OUTER_BOUND ( 'NONE', #4036, .T. ) ;
#403 = ORIENTED_EDGE ( 'NONE', *, *, #1025, .T. ) ;
#404 = EDGE_CURVE ( 'NONE', #2202, #1406, #392, .T. ) ;
#405 = AXIS2_PLACEMENT_3D ( 'NONE', #4079, #4038, #209 ) ;
#406 = DIRECTION ( 'NONE',  ( -0.4813818453556411026, -0.05406668479067271160, 0.8748418786030672800 ) ) ;
#407 = CALENDAR_DATE ( 2025, 7, 4 ) ;
#408 = CIRCLE ( 'NONE', #2615, 0.1968503937007865801 ) ;
#409 = CARTESIAN_POINT ( 'NONE',  ( -6.030807275521692823, -17.47374475117110393, 15.23687223512850331 ) ) ;
#410 = CARTESIAN_POINT ( 'NONE',  ( -6.396544448185037091, -18.29532775076911832, 14.84984259164410858 ) ) ;
#411 = CARTESIAN_POINT ( 'NONE',  ( -7.144121652358464303, -18.53077157046338641, 15.43649376064960599 ) ) ;
#412 = EDGE_LOOP ( 'NONE', ( #1592, #441, #772, #203 ) ) ;
#413 = EDGE_CURVE ( 'NONE', #1853, #3064, #3817, .T. ) ;
#414 = CARTESIAN_POINT ( 'NONE',  ( -7.381265663253425480, -18.39777168383141870, 15.76424993668850583 ) ) ;
#415 = CARTESIAN_POINT ( 'NONE',  ( -8.249333742964036986, -17.69683173978561186, 17.55753878226749976 ) ) ;
#416 = LINE ( 'NONE', #1756, #237 ) ;
#417 = AXIS2_PLACEMENT_3D ( 'NONE', #1359, #944, #2237 ) ;
#418 = CARTESIAN_POINT ( 'NONE',  ( -6.604880166193741076, -17.67828231797320981, 14.99835281435571055 ) ) ;
#419 = VECTOR ( 'NONE', #2992, 39.37007874015748854 ) ;
#420 = ORIENTED_EDGE ( 'NONE', *, *, #3342, .F. ) ;
#421 = CIRCLE ( 'NONE', #3299, 0.02559055118110303492 ) ;
#422 = CIRCLE ( 'NONE', #230, 0.1181102362204732720 ) ;
#423 = ORIENTED_EDGE ( 'NONE', *, *, #959, .T. ) ;
#424 = CARTESIAN_POINT ( 'NONE',  ( -8.249333742964036986, -17.69683173978561186, 17.55753878226749976 ) ) ;
#425 = EDGE_CURVE ( 'NONE', #1054, #2075, #3371, .T. ) ;
#426 = CARTESIAN_POINT ( 'NONE',  ( -6.137341533321495568, -17.59819932656419184, 15.14130861713350384 ) ) ;
#427 = VECTOR ( 'NONE', #1617, 39.37007874015748854 ) ;
#428 = AXIS2_PLACEMENT_3D ( 'NONE', #2335, #3931, #3379 ) ;
#429 = AXIS2_PLACEMENT_3D ( 'NONE', #1782, #174, #3070 ) ;
#430 = DIRECTION ( 'NONE',  ( 0.000000000000000000, -0.9980957303041226858, -0.06168397805492098485 ) ) ;
#431 = DIRECTION ( 'NONE',  ( -0.8724479280923896907, -0.06643530534971456292, -0.4841703863005117903 ) ) ;
#432 = LINE ( 'NONE', #1706, #3742 ) ;
#433 = ORIENTED_EDGE ( 'NONE', *, *, #2189, .F. ) ;
#434 = ORIENTED_EDGE ( 'NONE', *, *, #678, .T. ) ;
#435 = CARTESIAN_POINT ( 'NONE',  ( -7.170672164169114460, -18.21696847804779651, 15.44127789206330625 ) ) ;
#436 = CARTESIAN_POINT ( 'NONE',  ( -5.896136441990141641, -19.06543248667621882, 15.21260592456549077 ) ) ;
#437 = ADVANCED_FACE ( 'NONE', ( #1017 ), #1352, .T. ) ;
#438 = ORIENTED_EDGE ( 'NONE', *, *, #1386, .T. ) ;
#439 = DIRECTION ( 'NONE',  ( -0.4813818453556408805, -0.05406668479068088562, 0.8748418786030668359 ) ) ;
#440 = DIRECTION ( 'NONE',  ( 0.08429787499880304902, -0.9963248184195935275, -0.01518961723843448124 ) ) ;
#441 = ORIENTED_EDGE ( 'NONE', *, *, #3864, .T. ) ;
#442 = CARTESIAN_POINT ( 'NONE',  ( -6.218763561173189736, -17.65230748179049414, 15.43743134982980258 ) ) ;
#443 = EDGE_LOOP ( 'NONE', ( #196, #536 ) ) ;
#444 = LINE ( 'NONE', #2340, #760 ) ;
#445 = LINE ( 'NONE', #830, #2222 ) ;
#446 = EDGE_CURVE ( 'NONE', #2396, #3023, #2949, .T. ) ;
#447 = ORIENTED_EDGE ( 'NONE', *, *, #2226, .F. ) ;
#448 = DIRECTION ( 'NONE',  ( -0.8724479280923778113, -0.06643530534971169021, -0.4841703863005331065 ) ) ;
#449 = CARTESIAN_POINT ( 'NONE',  ( -6.450682250559901298, -18.36569428372260049, 14.81570449069340611 ) ) ;
#450 = DIRECTION ( 'NONE',  ( -0.4813818453556409915, -0.05406668479067280181, 0.8748418786030671690 ) ) ;
#451 = ORIENTED_EDGE ( 'NONE', *, *, #911, .F. ) ;
#452 = EDGE_CURVE ( 'NONE', #780, #358, #3176, .T. ) ;
#453 = EDGE_LOOP ( 'NONE', ( #3293, #701, #3427, #792 ) ) ;
#454 = FACE_BOUND ( 'NONE', #1785, .T. ) ;
#455 = CARTESIAN_POINT ( 'NONE',  ( -6.832026599366287201, -17.45101041538395847, 14.79740622888987112 ) ) ;
#456 = DIRECTION ( 'NONE',  ( -0.4813818453556411026, -0.05406668479067291283, 0.8748418786030672800 ) ) ;
#457 = CARTESIAN_POINT ( 'NONE',  ( -6.273513623900822900, -17.74287309194241402, 15.17669547566889143 ) ) ;
#458 = EDGE_CURVE ( 'NONE', #2396, #644, #2325, .T. ) ;
#459 = DIRECTION ( 'NONE',  ( -0.4813818453556408805, -0.05406668479068088562, 0.8748418786030668359 ) ) ;
#460 = EDGE_CURVE ( 'NONE', #2394, #3155, #4081, .T. ) ;
#461 = VERTEX_POINT ( 'NONE', #2441 ) ;
#462 = CARTESIAN_POINT ( 'NONE',  ( -6.653569528040413239, -18.54649766875740369, 14.79864768650269724 ) ) ;
#463 = ADVANCED_FACE ( 'NONE', ( #1472 ), #1771, .T. ) ;
#464 = LINE ( 'NONE', #3719, #300 ) ;
#465 = ORIENTED_EDGE ( 'NONE', *, *, #3529, .F. ) ;
#466 = PERSON_AND_ORGANIZATION ( #2673, #1951 ) ;
#467 = CIRCLE ( 'NONE', #613, 0.07874015748031566730 ) ;
#468 = ORIENTED_EDGE ( 'NONE', *, *, #3331, .T. ) ;
#469 = CARTESIAN_POINT ( 'NONE',  ( -6.754074521380911911, -17.69064700700118209, 14.98139909198844322 ) ) ;
#470 = VECTOR ( 'NONE', #67, 39.37007874015748854 ) ;
#471 = EDGE_LOOP ( 'NONE', ( #2138, #2088 ) ) ;
#472 = LINE ( 'NONE', #410, #2274 ) ;
#473 = CARTESIAN_POINT ( 'NONE',  ( -6.617451658129507308, -19.12035931393389987, 14.81230757368710726 ) ) ;
#474 = ORIENTED_EDGE ( 'NONE', *, *, #1812, .F. ) ;
#475 = ORIENTED_EDGE ( 'NONE', *, *, #2495, .T. ) ;
#476 = AXIS2_PLACEMENT_3D ( 'NONE', #1019, #10, #354 ) ;
#477 = EDGE_CURVE ( 'NONE', #3962, #2409, #364, .T. ) ;
#478 = CARTESIAN_POINT ( 'NONE',  ( -6.763520635870079900, -18.97682824511259980, 15.05582111755509800 ) ) ;
#479 = EDGE_CURVE ( 'NONE', #929, #3750, #2637, .T. ) ;
#480 = CARTESIAN_POINT ( 'NONE',  ( -6.146826488982958026, -17.66516562735406737, 15.13195089028470264 ) ) ;
#481 = AXIS2_PLACEMENT_3D ( 'NONE', #3791, #3433, #546 ) ;
#482 = AXIS2_PLACEMENT_3D ( 'NONE', #1877, #3127, #2445 ) ;
#483 = DIRECTION ( 'NONE',  ( -0.4813818453556411026, -0.05406668479067311406, 0.8748418786030672800 ) ) ;
#484 = DIRECTION ( 'NONE',  ( -0.4813818453556408805, -0.05406668479068088562, 0.8748418786030668359 ) ) ;
#485 = VERTEX_POINT ( 'NONE', #1112 ) ;
#486 = DIRECTION ( 'NONE',  ( -0.4813818453556411026, -0.05406668479067311406, 0.8748418786030672800 ) ) ;
#487 = ORIENTED_EDGE ( 'NONE', *, *, #3927, .T. ) ;
#488 = ORIENTED_EDGE ( 'NONE', *, *, #2360, .T. ) ;
#489 = VECTOR ( 'NONE', #3516, 39.37007874015748854 ) ;
#490 = AXIS2_PLACEMENT_3D ( 'NONE', #3911, #439, #111 ) ;
#491 = CARTESIAN_POINT ( 'NONE',  ( -6.201146431520038860, -17.56557599342470510, 15.10821614079470443 ) ) ;
#492 = CARTESIAN_POINT ( 'NONE',  ( -7.447425880036536050, -18.33785880625760001, 15.95656052587970564 ) ) ;
#493 = AXIS2_PLACEMENT_3D ( 'NONE', #2423, #1525, #4055 ) ;
#494 = AXIS2_PLACEMENT_3D ( 'NONE', #1917, #3123, #3745 ) ;
#495 = EDGE_CURVE ( 'NONE', #2921, #826, #2783, .T. ) ;
#496 = ORIENTED_EDGE ( 'NONE', *, *, #3461, .T. ) ;
#497 = EDGE_CURVE ( 'NONE', #644, #1576, #3721, .T. ) ;
#498 = DIRECTION ( 'NONE',  ( 0.08429787499881302715, -0.9963248184195923063, -0.01518961723845790347 ) ) ;
#499 = CIRCLE ( 'NONE', #2228, 0.1181102362204726197 ) ;
#500 = AXIS2_PLACEMENT_3D ( 'NONE', #1087, #2733, #3401 ) ;
#501 = ORIENTED_EDGE ( 'NONE', *, *, #3133, .F. ) ;
#502 = DIRECTION ( 'NONE',  ( 0.08429787499880735113, -0.9963248184195931945, -0.01518961723843521155 ) ) ;
#503 = EDGE_LOOP ( 'NONE', ( #4103, #324, #1186, #2421 ) ) ;
#504 = DIRECTION ( 'NONE',  ( 0.08429787499880324331, -0.9963248184195934165, -0.01518961723843475879 ) ) ;
#505 = VERTEX_POINT ( 'NONE', #2388 ) ;
#506 = VECTOR ( 'NONE', #514, 39.37007874015748854 ) ;
#507 = AXIS2_PLACEMENT_3D ( 'NONE', #2797, #1557, #648 ) ;
#508 = CARTESIAN_POINT ( 'NONE',  ( -6.363997608768818814, -18.08744754676189359, 14.98635473062980417 ) ) ;
#509 = PLANE ( 'NONE',  #3660 ) ;
#510 = EDGE_CURVE ( 'NONE', #669, #3612, #3179, .T. ) ;
#511 = ORIENTED_EDGE ( 'NONE', *, *, #2517, .T. ) ;
#512 = EDGE_CURVE ( 'NONE', #766, #1516, #3297, .T. ) ;
#513 = DIRECTION ( 'NONE',  ( -0.4813818453556408805, -0.05406668479068088562, 0.8748418786030668359 ) ) ;
#514 = DIRECTION ( 'NONE',  ( -0.4813818453556188981, -0.05406668479069649119, 0.8748418786030778271 ) ) ;
#515 = ORIENTED_EDGE ( 'NONE', *, *, #1108, .F. ) ;
#516 = CARTESIAN_POINT ( 'NONE',  ( -6.604695130688523541, -18.52778928985500073, 14.72094114422450772 ) ) ;
#517 = VERTEX_POINT ( 'NONE', #519 ) ;
#518 = ORIENTED_EDGE ( 'NONE', *, *, #3083, .F. ) ;
#519 = CARTESIAN_POINT ( 'NONE',  ( -7.246408759603426120, -18.45245343502890023, 15.61006299974850542 ) ) ;
#520 = VERTEX_POINT ( 'NONE', #201 ) ;
#521 = EDGE_CURVE ( 'NONE', #3369, #3515, #96, .T. ) ;
#522 = DIRECTION ( 'NONE',  ( 0.08429787499881302715, -0.9963248184195923063, -0.01518961723845790347 ) ) ;
#523 = ORIENTED_EDGE ( 'NONE', *, *, #3347, .F. ) ;
#524 = LINE ( 'NONE', #1747, #1886 ) ;
#525 = ORIENTED_EDGE ( 'NONE', *, *, #2832, .T. ) ;
#526 = DIRECTION ( 'NONE',  ( -0.4813818453556222843, -0.05406668479068793554, 0.8748418786030767169 ) ) ;
#527 = EDGE_CURVE ( 'NONE', #1538, #1863, #1957, .T. ) ;
#528 = CARTESIAN_POINT ( 'NONE',  ( -6.612980107687071119, -18.57839588306745782, 14.81901065701059039 ) ) ;
#529 = ORIENTED_EDGE ( 'NONE', *, *, #1988, .F. ) ;
#530 = DIRECTION ( 'NONE',  ( 0.08429787499880285473, -0.9963248184195935275, -0.01518961723843439450 ) ) ;
#531 = DIRECTION ( 'NONE',  ( 0.000000000000000000, -0.9980957303041215756, -0.06168397805493808228 ) ) ;
#532 = EDGE_LOOP ( 'NONE', ( #3075, #1209 ) ) ;
#533 = CARTESIAN_POINT ( 'NONE',  ( -7.743789958522558692, -18.35498910737551270, 16.12994628697720501 ) ) ;
#534 = CARTESIAN_POINT ( 'NONE',  ( -6.282998579562282693, -17.80983939273228245, 15.16733774882009911 ) ) ;
#535 = EDGE_CURVE ( 'NONE', #2788, #3079, #2118, .T. ) ;
#536 = ORIENTED_EDGE ( 'NONE', *, *, #3330, .T. ) ;
#537 = DIRECTION ( 'NONE',  ( 0.08429787499881302715, -0.9963248184195923063, -0.01518961723845785664 ) ) ;
#538 = ORIENTED_EDGE ( 'NONE', *, *, #2466, .T. ) ;
#539 = CARTESIAN_POINT ( 'NONE',  ( -8.631452189767971461, -19.17047629003779718, 17.39121190018688878 ) ) ;
#540 = ORIENTED_EDGE ( 'NONE', *, *, #2098, .T. ) ;
#541 = CYLINDRICAL_SURFACE ( 'NONE', #350, 0.1181102362204729805 ) ;
#542 = VECTOR ( 'NONE', #2127, 39.37007874015748854 ) ;
#543 = ORIENTED_EDGE ( 'NONE', *, *, #1663, .F. ) ;
#544 = CARTESIAN_POINT ( 'NONE',  ( -7.729040032248032155, -18.35763588366629762, 16.38541265506779609 ) ) ;
#545 = DIRECTION ( 'NONE',  ( -0.4369697617180030025, -0.8504166788047858860, -0.2929998289329689976 ) ) ;
#546 = DIRECTION ( 'NONE',  ( 0.9573022133773402276, 0.08520777437474354177, -0.2762464614233963722 ) ) ;
#547 = PRODUCT ( 'End_effector_2_Default_sldprt', 'End_effector_2_Default_sldprt', '', ( #375 ) ) ;
#548 = CIRCLE ( 'NONE', #3162, 0.1181102362204732720 ) ;
#549 = EDGE_LOOP ( 'NONE', ( #731, #2669 ) ) ;
#550 = VECTOR ( 'NONE', #256, 39.37007874015748854 ) ;
#551 = CARTESIAN_POINT ( 'NONE',  ( -6.223290714714518224, -17.73723227638934574, 15.08542260228290388 ) ) ;
#552 = DIRECTION ( 'NONE',  ( 0.4813818453556189536, 0.05406668479069660221, -0.8748418786030779382 ) ) ;
#553 = LOCAL_TIME ( 13, 13, 13.00000000000000000, #3206 ) ;
#554 = ORIENTED_EDGE ( 'NONE', *, *, #4102, .T. ) ;
#555 = DIRECTION ( 'NONE',  ( 0.08429787499880324331, -0.9963248184195934165, -0.01518961723843480910 ) ) ;
#556 = CARTESIAN_POINT ( 'NONE',  ( -6.092804236605512180, -17.59319709391620279, 15.06036852206590559 ) ) ;
#557 = EDGE_LOOP ( 'NONE', ( #3423, #154, #938, #1973 ) ) ;
#558 = ORIENTED_EDGE ( 'NONE', *, *, #628, .F. ) ;
#559 = VERTEX_POINT ( 'NONE', #2036 ) ;
#560 = DIRECTION ( 'NONE',  ( 0.9573022133773341213, 0.08520777437476233229, -0.2762464614234120264 ) ) ;
#561 = ORIENTED_EDGE ( 'NONE', *, *, #2153, .F. ) ;
#562 = AXIS2_PLACEMENT_3D ( 'NONE', #1943, #361, #2923 ) ;
#563 = CARTESIAN_POINT ( 'NONE',  ( -8.249333742964036986, -17.69683173978561186, 17.55753878226749976 ) ) ;
#564 = VERTEX_POINT ( 'NONE', #3677 ) ;
#565 = DIRECTION ( 'NONE',  ( -0.08429787499881831458, 0.9963248184195921953, 0.01518961723843930377 ) ) ;
#566 = CIRCLE ( 'NONE', #1629, 0.1181102362204717315 ) ;
#567 = CIRCLE ( 'NONE', #162, 0.1181102362204724671 ) ;
#568 = ORIENTED_EDGE ( 'NONE', *, *, #2425, .F. ) ;
#569 = CARTESIAN_POINT ( 'NONE',  ( -6.418870871541732193, -18.29702786685090388, 14.83745240459310999 ) ) ;
#570 = DIRECTION ( 'NONE',  ( 0.08429787499880689317, -0.9963248184195929724, -0.01518961723844149993 ) ) ;
#571 = DIRECTION ( 'NONE',  ( -0.4813818453556408805, -0.05406668479068088562, 0.8748418786030668359 ) ) ;
#572 = DIRECTION ( 'NONE',  ( 0.08429787499881304103, -0.9963248184195924173, -0.01518961723845790694 ) ) ;
#573 = VECTOR ( 'NONE', #2320, 39.37007874015748854 ) ;
#574 = CIRCLE ( 'NONE', #2979, 0.1181102362204713846 ) ;
#575 = AXIS2_PLACEMENT_3D ( 'NONE', #4023, #946, #3174 ) ;
#576 = FACE_OUTER_BOUND ( 'NONE', #2700, .T. ) ;
#577 = DIRECTION ( 'NONE',  ( -0.4813818453556189536, -0.05406668479069660221, 0.8748418786030780492 ) ) ;
#578 = ADVANCED_FACE ( 'NONE', ( #3098 ), #1744, .T. ) ;
#579 = ORIENTED_EDGE ( 'NONE', *, *, #3730, .F. ) ;
#580 = PLANE ( 'NONE',  #3625 ) ;
#581 = PLANE ( 'NONE',  #2641 ) ;
#582 = VERTEX_POINT ( 'NONE', #1094 ) ;
#583 = DIRECTION ( 'NONE',  ( 0.08429787529697584103, -0.9963248183968883565, -0.01518961707296210585 ) ) ;
#584 = ORIENTED_EDGE ( 'NONE', *, *, #2433, .T. ) ;
#585 = DIRECTION ( 'NONE',  ( 0.8724479280923782554, 0.06643530534971590906, 0.4841703863005321073 ) ) ;
#586 = ORIENTED_EDGE ( 'NONE', *, *, #2616, .T. ) ;
#587 = CARTESIAN_POINT ( 'NONE',  ( -6.228860777187432696, -17.73947285977884647, 15.20147584977089039 ) ) ;
#588 = VERTEX_POINT ( 'NONE', #1452 ) ;
#589 = DIRECTION ( 'NONE',  ( -0.8724479280923818081, -0.06643530534973238200, -0.4841703863005232811 ) ) ;
#590 = DIRECTION ( 'NONE',  ( 0.1773339250325989824, 0.000000000000000000, 0.9841507399949118717 ) ) ;
#591 = CARTESIAN_POINT ( 'NONE',  ( -8.346331065061379562, -17.77615689017208567, 17.49926356813500306 ) ) ;
#592 = CARTESIAN_POINT ( 'NONE',  ( -7.834750928973760686, -18.52359800658921429, 16.31698848632220589 ) ) ;
#593 = ADVANCED_FACE ( 'NONE', ( #2369 ), #3983, .T. ) ;
#594 = ORIENTED_EDGE ( 'NONE', *, *, #2322, .T. ) ;
#595 = CARTESIAN_POINT ( 'NONE',  ( -6.536631431952935500, -18.50472723354776861, 14.75981847584280082 ) ) ;
#596 = CARTESIAN_POINT ( 'NONE',  ( -6.599556432952486063, -18.34475770517523685, 16.62518571072973472 ) ) ;
#597 = EDGE_CURVE ( 'NONE', #505, #2389, #1155, .T. ) ;
#598 = ORIENTED_EDGE ( 'NONE', *, *, #728, .F. ) ;
#599 = CARTESIAN_POINT ( 'NONE',  ( -6.431596789239546474, -18.23336368262720342, 14.94014041356049205 ) ) ;
#600 = CYLINDRICAL_SURFACE ( 'NONE', #1765, 0.02559055118110303492 ) ;
#601 = ORIENTED_EDGE ( 'NONE', *, *, #390, .F. ) ;
#602 = ORIENTED_EDGE ( 'NONE', *, *, #4017, .T. ) ;
#603 = EDGE_CURVE ( 'NONE', #135, #2977, #2074, .T. ) ;
#604 = DIRECTION ( 'NONE',  ( 0.4813818453556411026, 0.05406668479067331529, -0.8748418786030672800 ) ) ;
#605 = ORIENTED_EDGE ( 'NONE', *, *, #460, .F. ) ;
#606 = EDGE_LOOP ( 'NONE', ( #2300, #1413, #4090, #1872 ) ) ;
#607 = CARTESIAN_POINT ( 'NONE',  ( -5.896136441990141641, -19.06543248667621882, 15.21260592456549077 ) ) ;
#608 = ORIENTED_EDGE ( 'NONE', *, *, #4063, .F. ) ;
#609 = DIRECTION ( 'NONE',  ( 0.7944506108500790642, -0.4485759449763463969, 0.4094238006131471486 ) ) ;
#610 = CARTESIAN_POINT ( 'NONE',  ( -6.699640371972401809, -17.68892536616039379, 15.17056578258470445 ) ) ;
#611 = CARTESIAN_POINT ( 'NONE',  ( -7.469388241318189792, -18.48686550458748101, 15.93526687196570890 ) ) ;
#612 = DIRECTION ( 'NONE',  ( -0.4813818453556411026, -0.05406668479067321120, 0.8748418786030672800 ) ) ;
#613 = AXIS2_PLACEMENT_3D ( 'NONE', #1651, #3287, #3274 ) ;
#614 = ORIENTED_EDGE ( 'NONE', *, *, #2200, .F. ) ;
#615 = ADVANCED_FACE ( 'NONE', ( #2414 ), #835, .T. ) ;
#616 = EDGE_CURVE ( 'NONE', #4034, #2099, #1686, .T. ) ;
#617 = CARTESIAN_POINT ( 'NONE',  ( -6.514305008596240398, -18.50302711746598305, 14.77220866289379941 ) ) ;
#618 = LINE ( 'NONE', #1252, #48 ) ;
#619 = AXIS2_PLACEMENT_3D ( 'NONE', #2460, #585, #1211 ) ;
#620 = ORIENTED_EDGE ( 'NONE', *, *, #1937, .T. ) ;
#621 = EDGE_CURVE ( 'NONE', #923, #780, #3203, .T. ) ;
#622 = CARTESIAN_POINT ( 'NONE',  ( -6.191479335696348230, -17.66856585951763492, 15.10717051618270723 ) ) ;
#623 = LINE ( 'NONE', #3141, #1030 ) ;
#624 = ORIENTED_EDGE ( 'NONE', *, *, #1714, .T. ) ;
#625 = FACE_OUTER_BOUND ( 'NONE', #557, .T. ) ;
#626 = ORIENTED_EDGE ( 'NONE', *, *, #2647, .F. ) ;
#627 = SPHERICAL_SURFACE ( 'NONE', #216, 0.1181102362204724532 ) ;
#628 = EDGE_CURVE ( 'NONE', #2667, #1127, #23, .T. ) ;
#629 = ORIENTED_EDGE ( 'NONE', *, *, #1962, .T. ) ;
#630 = DIRECTION ( 'NONE',  ( -0.08429787499880325718, 0.9963248184195935275, 0.01518961723843489930 ) ) ;
#631 = CIRCLE ( 'NONE', #756, 0.02559055118110303492 ) ;
#632 = AXIS2_PLACEMENT_3D ( 'NONE', #3009, #2693, #1811 ) ;
#633 = LINE ( 'NONE', #3191, #3498 ) ;
#634 = DIRECTION ( 'NONE',  ( -0.4813818453556411026, -0.05406668479067311406, 0.8748418786030672800 ) ) ;
#635 = DIRECTION ( 'NONE',  ( 0.2765254789952112380, 0.008745935471221006480, 0.9609667882290221508 ) ) ;
#636 = ADVANCED_FACE ( 'NONE', ( #312 ), #2482, .T. ) ;
#637 = CIRCLE ( 'NONE', #3044, 0.02559055118110303492 ) ;
#638 = EDGE_LOOP ( 'NONE', ( #3387, #914, #1707, #1494 ) ) ;
#639 = AXIS2_PLACEMENT_3D ( 'NONE', #3483, #871, #1897 ) ;
#640 = DIRECTION ( 'NONE',  ( 0.08429787499879778934, -0.9963248184195937496, -0.01518961723845344697 ) ) ;
#641 = AXIS2_PLACEMENT_3D ( 'NONE', #1950, #1009, #3261 ) ;
#642 = PLANE ( 'NONE',  #2437 ) ;
#643 = AXIS2_PLACEMENT_3D ( 'NONE', #2962, #2941, #2926 ) ;
#644 = VERTEX_POINT ( 'NONE', #2163 ) ;
#645 = CIRCLE ( 'NONE', #4020, 0.1574803149606335273 ) ;
#646 = AXIS2_PLACEMENT_3D ( 'NONE', #32, #3567, #3835 ) ;
#647 = ORIENTED_EDGE ( 'NONE', *, *, #3798, .T. ) ;
#648 = DIRECTION ( 'NONE',  ( -0.4813818453556222843, -0.05406668479068793554, 0.8748418786030767169 ) ) ;
#649 = ORIENTED_EDGE ( 'NONE', *, *, #3474, .T. ) ;
#650 = DIRECTION ( 'NONE',  ( -0.4813818453556409915, -0.05406668479067299610, 0.8748418786030671690 ) ) ;
#651 = EDGE_CURVE ( 'NONE', #1998, #1406, #3110, .T. ) ;
#652 = ORIENTED_EDGE ( 'NONE', *, *, #147, .T. ) ;
#653 = CARTESIAN_POINT ( 'NONE',  ( -8.311069667441516984, -18.31358489772122766, 17.58091694651158576 ) ) ;
#654 = ORIENTED_EDGE ( 'NONE', *, *, #2471, .F. ) ;
#655 = PERSON_AND_ORGANIZATION ( #2673, #1951 ) ;
#656 = CARTESIAN_POINT ( 'NONE',  ( -6.146942038980376388, -17.66356362686968140, 15.02623042111510543 ) ) ;
#657 = ADVANCED_FACE ( 'NONE', ( #2136 ), #329, .T. ) ;
#658 = DIRECTION ( 'NONE',  ( -0.8724479280923778113, -0.06643530534971169021, -0.4841703863005331065 ) ) ;
#659 = FACE_OUTER_BOUND ( 'NONE', #1603, .T. ) ;
#660 = FACE_OUTER_BOUND ( 'NONE', #4075, .T. ) ;
#661 = EDGE_LOOP ( 'NONE', ( #3217, #260, #3081, #1487 ) ) ;
#662 = ADVANCED_FACE ( 'NONE', ( #4093 ), #3465, .T. ) ;
#663 = CYLINDRICAL_SURFACE ( 'NONE', #2983, 0.02559055118110303492 ) ;
#664 = CYLINDRICAL_SURFACE ( 'NONE', #1214, 0.1181102362204735634 ) ;
#665 = ORIENTED_EDGE ( 'NONE', *, *, #1852, .T. ) ;
#666 = CARTESIAN_POINT ( 'NONE',  ( -7.513068324055219627, -17.53557643698656321, 18.04244228911692360 ) ) ;
#667 = ORIENTED_EDGE ( 'NONE', *, *, #2521, .T. ) ;
#668 = DIRECTION ( 'NONE',  ( -0.8724479280923843616, -0.06643530534972065527, -0.4841703863005206165 ) ) ;
#669 = VERTEX_POINT ( 'NONE', #2869 ) ;
#670 = EDGE_CURVE ( 'NONE', #3215, #2667, #1624, .T. ) ;
#671 = FACE_OUTER_BOUND ( 'NONE', #917, .T. ) ;
#672 = EDGE_CURVE ( 'NONE', #3698, #2954, #2156, .T. ) ;
#673 = CALENDAR_DATE ( 2025, 7, 4 ) ;
#674 = CARTESIAN_POINT ( 'NONE',  ( -6.207923113641022894, -18.05556835126590443, 14.96844903300529595 ) ) ;
#675 = DIRECTION ( 'NONE',  ( -0.4813818453556411026, -0.05406668479067311406, 0.8748418786030672800 ) ) ;
#676 = CARTESIAN_POINT ( 'NONE',  ( -6.586677261953091111, -18.56811246487669464, 14.83411933329909260 ) ) ;
#677 = CARTESIAN_POINT ( 'NONE',  ( -8.114662909432480475, -19.28851947529070898, 17.53327247170450676 ) ) ;
#678 = EDGE_CURVE ( 'NONE', #1798, #61, #1859, .T. ) ;
#679 = CYLINDRICAL_SURFACE ( 'NONE', #562, 0.07874015748031958084 ) ;
#680 = CARTESIAN_POINT ( 'NONE',  ( -6.649078907242992109, -18.59957275458429038, 14.79783852243919462 ) ) ;
#681 = EDGE_CURVE ( 'NONE', #3708, #3400, #1567, .T. ) ;
#682 = VERTEX_POINT ( 'NONE', #1876 ) ;
#683 = AXIS2_PLACEMENT_3D ( 'NONE', #3836, #3531, #3517 ) ;
#684 = LINE ( 'NONE', #1614, #3378 ) ;
#685 = ORIENTED_EDGE ( 'NONE', *, *, #1663, .T. ) ;
#686 = CARTESIAN_POINT ( 'NONE',  ( -6.219375821525944481, -17.67250655898889988, 15.21083357661960811 ) ) ;
#687 = AXIS2_PLACEMENT_3D ( 'NONE', #770, #1996, #502 ) ;
#688 = DIRECTION ( 'NONE',  ( 0.1773339250325989824, 0.000000000000000000, 0.9841507399949118717 ) ) ;
#689 = AXIS2_PLACEMENT_3D ( 'NONE', #899, #4074, #3102 ) ;
#690 = VECTOR ( 'NONE', #3487, 39.37007874015748854 ) ;
#691 = CARTESIAN_POINT ( 'NONE',  ( -6.264587049394154228, -17.87286499405090723, 15.05431696153441123 ) ) ;
#692 = DIRECTION ( 'NONE',  ( 0.08429787499880304902, -0.9963248184195934165, -0.01518961723843469287 ) ) ;
#693 = DIRECTION ( 'NONE',  ( -0.4813818453556408805, -0.05406668479068088562, 0.8748418786030668359 ) ) ;
#694 = FACE_OUTER_BOUND ( 'NONE', #12, .T. ) ;
#695 = VERTEX_POINT ( 'NONE', #2570 ) ;
#696 = AXIS2_PLACEMENT_3D ( 'NONE', #2728, #3973, #2553 ) ;
#697 = DIRECTION ( 'NONE',  ( -0.8724479280923781443, -0.06643530534971599233, -0.4841703863005320518 ) ) ;
#698 = CARTESIAN_POINT ( 'NONE',  ( -5.896136441990141641, -19.06543248667621882, 15.21260592456549077 ) ) ;
#699 = AXIS2_PLACEMENT_3D ( 'NONE', #3714, #2129, #258 ) ;
#700 = VECTOR ( 'NONE', #266, 39.37007874015748854 ) ;
#701 = ORIENTED_EDGE ( 'NONE', *, *, #3256, .T. ) ;
#702 = VECTOR ( 'NONE', #117, 39.37007874015748854 ) ;
#703 = CARTESIAN_POINT ( 'NONE',  ( -6.364733069166867985, -18.22666133389750698, 14.87159050554389239 ) ) ;
#704 = ADVANCED_FACE ( 'NONE', ( #625 ), #1562, .T. ) ;
#705 = ORIENTED_EDGE ( 'NONE', *, *, #356, .F. ) ;
#706 = CARTESIAN_POINT ( 'NONE',  ( -6.581168728668902901, -18.50972946619572213, 14.84075857091039552 ) ) ;
#707 = CIRCLE ( 'NONE', #641, 0.1181102362204732720 ) ;
#708 = VECTOR ( 'NONE', #1418, 39.37007874015748854 ) ;
#709 = ORIENTED_EDGE ( 'NONE', *, *, #1039, .F. ) ;
#710 = CARTESIAN_POINT ( 'NONE',  ( -8.292785176741199749, -17.86164890544980466, 17.65845117485029547 ) ) ;
#711 = EDGE_CURVE ( 'NONE', #682, #3570, #3375, .T. ) ;
#712 = PERSON_AND_ORGANIZATION_ROLE ( 'creator' ) ;
#713 = DIRECTION ( 'NONE',  ( -0.08429787529696036730, 0.9963248183968894667, 0.01518961707297073263 ) ) ;
#714 = CARTESIAN_POINT ( 'NONE',  ( -8.026283252834074844, -17.83792804124901465, 17.58154733778289369 ) ) ;
#715 = DIRECTION ( 'NONE',  ( -0.8724479280923843616, -0.06643530534972065527, -0.4841703863005206165 ) ) ;
#716 = EDGE_LOOP ( 'NONE', ( #529, #2339, #4011, #3166 ) ) ;
#717 = FACE_OUTER_BOUND ( 'NONE', #895, .T. ) ;
#718 = EDGE_CURVE ( 'NONE', #3572, #2227, #3163, .T. ) ;
#719 = CARTESIAN_POINT ( 'NONE',  ( -6.294039111708563894, -19.22891758208901791, 15.95203681943629981 ) ) ;
#720 = ORIENTED_EDGE ( 'NONE', *, *, #2420, .T. ) ;
#721 = CARTESIAN_POINT ( 'NONE',  ( -6.481819698425826282, -18.23900449818031433, 15.03141328694649737 ) ) ;
#722 = EDGE_LOOP ( 'NONE', ( #3665, #3649, #2817, #199 ) ) ;
#723 = DIRECTION ( 'NONE',  ( -0.8724479280923818081, -0.06643530534973238200, -0.4841703863005232811 ) ) ;
#724 = ADVANCED_FACE ( 'NONE', ( #936 ), #2201, .F. ) ;
#725 = ORIENTED_EDGE ( 'NONE', *, *, #1783, .F. ) ;
#726 = EDGE_CURVE ( 'NONE', #3722, #3033, #3802, .T. ) ;
#727 = DIRECTION ( 'NONE',  ( -0.08429787499880325718, 0.9963248184195935275, 0.01518961723843489930 ) ) ;
#728 = EDGE_CURVE ( 'NONE', #4049, #582, #3687, .T. ) ;
#729 = DIRECTION ( 'NONE',  ( -0.8724479280635697442, -0.06643530569020757170, -0.4841703863057227886 ) ) ;
#730 = DIRECTION ( 'NONE',  ( -0.4813818453556411026, -0.05406668479067291283, 0.8748418786030672800 ) ) ;
#731 = ORIENTED_EDGE ( 'NONE', *, *, #2197, .F. ) ;
#732 = FACE_BOUND ( 'NONE', #824, .T. ) ;
#733 = DIRECTION ( 'NONE',  ( 0.000000000000000000, 0.01524387629984995211, -0.9998838053670811021 ) ) ;
#734 = ADVANCED_FACE ( 'NONE', ( #671 ), #3536, .F. ) ;
#735 = FACE_OUTER_BOUND ( 'NONE', #3314, .T. ) ;
#736 = CARTESIAN_POINT ( 'NONE',  ( -6.016141901203405418, -18.91648949607330721, 15.24578284773990333 ) ) ;
#737 = DIRECTION ( 'NONE',  ( 0.9573022133773335662, 0.08520777437476277638, -0.2762464614234134697 ) ) ;
#738 = ORIENTED_EDGE ( 'NONE', *, *, #2648, .F. ) ;
#739 = AXIS2_PLACEMENT_3D ( 'NONE', #1040, #2893, #3868 ) ;
#740 = VERTEX_POINT ( 'NONE', #3294 ) ;
#741 = LINE ( 'NONE', #710, #1424 ) ;
#742 = CALENDAR_DATE ( 2025, 7, 4 ) ;
#743 = AXIS2_PLACEMENT_3D ( 'NONE', #2326, #3061, #1705 ) ;
#744 = CARTESIAN_POINT ( 'NONE',  ( -7.170672164169114460, -18.21696847804779651, 15.44127789206330625 ) ) ;
#745 = EDGE_CURVE ( 'NONE', #2132, #780, #1835, .T. ) ;
#746 = DIRECTION ( 'NONE',  ( -0.8724479280923818081, -0.06643530534973238200, -0.4841703863005232811 ) ) ;
#747 = CARTESIAN_POINT ( 'NONE',  ( -7.476025869032106641, -18.40841473201850675, 15.93646290491749795 ) ) ;
#748 = ADVANCED_FACE ( 'NONE', ( #3844 ), #1700, .F. ) ;
#749 = VERTEX_POINT ( 'NONE', #1037 ) ;
#750 = EDGE_LOOP ( 'NONE', ( #1121, #1722, #561, #2070 ) ) ;
#751 = DIRECTION ( 'NONE',  ( 0.000000000000000000, -0.9980957303041232409, -0.06168397805491212388 ) ) ;
#752 = EDGE_CURVE ( 'NONE', #989, #3708, #2930, .T. ) ;
#753 = CARTESIAN_POINT ( 'NONE',  ( -7.347158785883267207, -19.23213178733708872, 18.09408408221720421 ) ) ;
#754 = CYLINDRICAL_SURFACE ( 'NONE', #295, 0.1181102362204719813 ) ;
#755 = LINE ( 'NONE', #1123, #372 ) ;
#756 = AXIS2_PLACEMENT_3D ( 'NONE', #969, #2957, #90 ) ;
#757 = CARTESIAN_POINT ( 'NONE',  ( -6.096780658982795309, -17.60178039602519817, 15.05765003282840553 ) ) ;
#758 = AXIS2_PLACEMENT_3D ( 'NONE', #3227, #1373, #3562 ) ;
#759 = CIRCLE ( 'NONE', #2288, 0.1968503937007869409 ) ;
#760 = VECTOR ( 'NONE', #3956, 39.37007874015748854 ) ;
#761 = ORIENTED_EDGE ( 'NONE', *, *, #3115, .F. ) ;
#762 = CARTESIAN_POINT ( 'NONE',  ( -7.715764776342717290, -18.51453742987409612, 16.38302058936100281 ) ) ;
#763 = LINE ( 'NONE', #1316, #3039 ) ;
#764 = CIRCLE ( 'NONE', #1566, 0.1968503937007869409 ) ;
#765 = EDGE_CURVE ( 'NONE', #1514, #1538, #4086, .T. ) ;
#766 = VERTEX_POINT ( 'NONE', #2262 ) ;
#767 = VECTOR ( 'NONE', #3199, 39.37007874015748143 ) ;
#768 = AXIS2_PLACEMENT_3D ( 'NONE', #986, #2298, #1610 ) ;
#769 = FACE_OUTER_BOUND ( 'NONE', #228, .T. ) ;
#770 = CARTESIAN_POINT ( 'NONE',  ( -5.896136441990141641, -19.06543248667621882, 15.21260592456549077 ) ) ;
#771 = CARTESIAN_POINT ( 'NONE',  ( -7.333642063915807974, -18.55205766683771529, 15.78091969710749964 ) ) ;
#772 = ORIENTED_EDGE ( 'NONE', *, *, #3569, .F. ) ;
#773 = EDGE_CURVE ( 'NONE', #3489, #1749, #3887, .T. ) ;
#774 = DIRECTION ( 'NONE',  ( -0.4813818453556409915, -0.05406668479067319733, 0.8748418786030671690 ) ) ;
#775 = DIRECTION ( 'NONE',  ( -0.08429787499880178614, 0.9963248184195937496, 0.01518961723843229722 ) ) ;
#776 = ADVANCED_FACE ( 'NONE', ( #374 ), #3280, .T. ) ;
#777 = FACE_OUTER_BOUND ( 'NONE', #3138, .T. ) ;
#778 = CARTESIAN_POINT ( 'NONE',  ( -7.468424929724763572, -17.79887538858389817, 18.11593500442559446 ) ) ;
#779 = DIRECTION ( 'NONE',  ( 0.9573022133773335662, 0.08520777437476277638, -0.2762464614234134697 ) ) ;
#780 = VERTEX_POINT ( 'NONE', #1677 ) ;
#781 = CC_DESIGN_PERSON_AND_ORGANIZATION_ASSIGNMENT ( #3980, #2716, ( #1552 ) ) ;
#782 = DIRECTION ( 'NONE',  ( -0.4813818453556411026, -0.05406668479067311406, 0.8748418786030672800 ) ) ;
#783 = DIRECTION ( 'NONE',  ( 0.4813818453556411026, 0.05406668479067321120, -0.8748418786030672800 ) ) ;
#784 = ORIENTED_EDGE ( 'NONE', *, *, #1144, .F. ) ;
#785 = ORIENTED_EDGE ( 'NONE', *, *, #1400, .F. ) ;
#786 = ADVANCED_FACE ( 'NONE', ( #116 ), #388, .F. ) ;
#787 = DIRECTION ( 'NONE',  ( 0.08429787499880325718, -0.9963248184195936386, -0.01518961723843481083 ) ) ;
#788 = ORIENTED_EDGE ( 'NONE', *, *, #1789, .F. ) ;
#789 = DIRECTION ( 'NONE',  ( -0.4813818453556411026, -0.05406668479067311406, 0.8748418786030672800 ) ) ;
#790 = CARTESIAN_POINT ( 'NONE',  ( -6.321876462176554412, -18.21040847021382092, 15.00193270662590450 ) ) ;
#791 = ORIENTED_EDGE ( 'NONE', *, *, #3645, .T. ) ;
#792 = ORIENTED_EDGE ( 'NONE', *, *, #1486, .F. ) ;
#793 = ORIENTED_EDGE ( 'NONE', *, *, #2271, .T. ) ;
#794 = CARTESIAN_POINT ( 'NONE',  ( -7.494048059154173380, -18.25701550523039529, 16.27342172787169261 ) ) ;
#795 = CARTESIAN_POINT ( 'NONE',  ( -7.428402269694469595, -18.56270071502480334, 15.95313266533639762 ) ) ;
#796 = EDGE_CURVE ( 'NONE', #1319, #1998, #2430, .T. ) ;
#797 = CARTESIAN_POINT ( 'NONE',  ( -6.418870871541732193, -18.29702786685090388, 14.83745240459310999 ) ) ;
#798 = FACE_OUTER_BOUND ( 'NONE', #1905, .T. ) ;
#799 = CARTESIAN_POINT ( 'NONE',  ( -6.776621884322165279, -17.69136013398700769, 14.90304368319419304 ) ) ;
#800 = ADVANCED_FACE ( 'NONE', ( #1050 ), #349, .T. ) ;
#801 = ORIENTED_EDGE ( 'NONE', *, *, #2909, .F. ) ;
#802 = CARTESIAN_POINT ( 'NONE',  ( -6.255102093732688218, -17.80589869326104235, 15.06367468838310053 ) ) ;
#803 = DIRECTION ( 'NONE',  ( -0.8724479280923769231, -0.06643530534972112711, -0.4841703863005333841 ) ) ;
#804 = VERTEX_POINT ( 'NONE', #98 ) ;
#805 = AXIS2_PLACEMENT_3D ( 'NONE', #676, #86, #28 ) ;
#806 = ORIENTED_EDGE ( 'NONE', *, *, #2861, .T. ) ;
#807 = DIRECTION ( 'NONE',  ( -0.4813818453556411026, -0.05406668479067311406, 0.8748418786030672800 ) ) ;
#808 = CIRCLE ( 'NONE', #3993, 0.02559055118110303492 ) ;
#809 = ORIENTED_EDGE ( 'NONE', *, *, #1511, .F. ) ;
#810 = LINE ( 'NONE', #2076, #2405 ) ;
#811 = ORIENTED_EDGE ( 'NONE', *, *, #390, .T. ) ;
#812 = CARTESIAN_POINT ( 'NONE',  ( -8.292785176780807177, -17.86164890498130120, 17.65845117485740090 ) ) ;
#813 = EDGE_CURVE ( 'NONE', #2221, #804, #422, .T. ) ;
#814 = ORIENTED_EDGE ( 'NONE', *, *, #3318, .T. ) ;
#815 = VECTOR ( 'NONE', #504, 39.37007874015748854 ) ;
#816 = ORIENTED_EDGE ( 'NONE', *, *, #1004, .T. ) ;
#817 = PLANE ( 'NONE',  #2840 ) ;
#818 = DIRECTION ( 'NONE',  ( 0.4813818453556409915, 0.05406668479067330141, -0.8748418786030671690 ) ) ;
#819 = VERTEX_POINT ( 'NONE', #2654 ) ;
#820 = DIRECTION ( 'NONE',  ( -0.08429787499880178614, 0.9963248184195937496, 0.01518961723843229722 ) ) ;
#821 = CARTESIAN_POINT ( 'NONE',  ( -7.337202343954270845, -19.34980794699299267, 18.09229003293700799 ) ) ;
#822 = DIRECTION ( 'NONE',  ( -0.08429787499881831458, 0.9963248184195921953, 0.01518961723843930377 ) ) ;
#823 = AXIS2_PLACEMENT_3D ( 'NONE', #1846, #820, #3586 ) ;
#824 = EDGE_LOOP ( 'NONE', ( #83, #858 ) ) ;
#825 = EDGE_CURVE ( 'NONE', #3661, #3518, #1012, .T. ) ;
#826 = VERTEX_POINT ( 'NONE', #1657 ) ;
#827 = CIRCLE ( 'NONE', #3109, 0.02559055118110303492 ) ;
#828 = AXIS2_PLACEMENT_3D ( 'NONE', #3653, #787, #1185 ) ;
#829 = DIRECTION ( 'NONE',  ( -0.8724479280923818081, -0.06643530534973238200, -0.4841703863005232811 ) ) ;
#830 = CARTESIAN_POINT ( 'NONE',  ( -7.170672164169114460, -18.21696847804779651, 15.44127789206330625 ) ) ;
#831 = ORIENTED_EDGE ( 'NONE', *, *, #2532, .F. ) ;
#832 = VECTOR ( 'NONE', #692, 39.37007874015748854 ) ;
#833 = AXIS2_PLACEMENT_3D ( 'NONE', #3076, #1495, #3388 ) ;
#834 = VERTEX_POINT ( 'NONE', #3591 ) ;
#835 = CYLINDRICAL_SURFACE ( 'NONE', #1565, 0.1181102362204735634 ) ;
#836 = AXIS2_PLACEMENT_3D ( 'NONE', #556, #2819, #4046 ) ;
#837 = AXIS2_PLACEMENT_3D ( 'NONE', #1933, #992, #1385 ) ;
#838 = EDGE_LOOP ( 'NONE', ( #886, #3366, #3338, #851 ) ) ;
#839 = DIRECTION ( 'NONE',  ( -0.08429787499880314616, 0.9963248184195934165, 0.01518961723843479175 ) ) ;
#840 = ORIENTED_EDGE ( 'NONE', *, *, #1615, .T. ) ;
#841 = SPHERICAL_SURFACE ( 'NONE', #3995, 0.1181102362204724532 ) ;
#842 = ORIENTED_EDGE ( 'NONE', *, *, #512, .F. ) ;
#843 = AXIS2_PLACEMENT_3D ( 'NONE', #2685, #3021, #2111 ) ;
#844 = CIRCLE ( 'NONE', #2646, 0.02559055118110303492 ) ;
#845 = CARTESIAN_POINT ( 'NONE',  ( -6.656412556419684989, -18.35114353408751953, 16.72851349166710477 ) ) ;
#846 = DIRECTION ( 'NONE',  ( -0.2765254789952332204, -0.008745935471210533954, -0.9609667882290158225 ) ) ;
#847 = EDGE_CURVE ( 'NONE', #1514, #2143, #741, .T. ) ;
#848 = ADVANCED_FACE ( 'NONE', ( #1619 ), #47, .F. ) ;
#849 = CARTESIAN_POINT ( 'NONE',  ( -6.251861131696357710, -17.93652917827460769, 14.95162895256700786 ) ) ;
#850 = DIRECTION ( 'NONE',  ( -0.8724479280923769231, -0.06643530534972112711, -0.4841703863005333841 ) ) ;
#851 = ORIENTED_EDGE ( 'NONE', *, *, #65, .F. ) ;
#852 = DIRECTION ( 'NONE',  ( 0.8724479280923781443, 0.06643530534971589518, 0.4841703863005320518 ) ) ;
#853 = DIRECTION ( 'NONE',  ( -0.08429787450283268702, 0.9963248184573607613, 0.01518961751367669567 ) ) ;
#854 = ORIENTED_EDGE ( 'NONE', *, *, #796, .T. ) ;
#855 = CARTESIAN_POINT ( 'NONE',  ( -6.463408168257696929, -18.30203009949890003, 14.91839249966068870 ) ) ;
#856 = ORIENTED_EDGE ( 'NONE', *, *, #2495, .F. ) ;
#857 = DIRECTION ( 'NONE',  ( -0.4813818453556409915, -0.05406668479067299610, 0.8748418786030671690 ) ) ;
#858 = ORIENTED_EDGE ( 'NONE', *, *, #2885, .T. ) ;
#859 = DIRECTION ( 'NONE',  ( -0.8724479280923769231, -0.06643530534972112711, -0.4841703863005333841 ) ) ;
#860 = EDGE_CURVE ( 'NONE', #2883, #1169, #1366, .T. ) ;
#861 = ORIENTED_EDGE ( 'NONE', *, *, #2100, .F. ) ;
#862 = CARTESIAN_POINT ( 'NONE',  ( -6.617451658129507308, -19.12035931393389987, 14.81230757368710726 ) ) ;
#863 = CARTESIAN_POINT ( 'NONE',  ( -6.649232427404507817, -18.53279152250299333, 14.80188123929210775 ) ) ;
#864 = CARTESIAN_POINT ( 'NONE',  ( -8.026283252873721352, -17.83792804078039396, 17.58154733779000267 ) ) ;
#865 = CARTESIAN_POINT ( 'NONE',  ( -6.030807275521692823, -17.47374475117110393, 15.23687223512850331 ) ) ;
#866 = DIRECTION ( 'NONE',  ( -0.8724479280923782554, -0.06643530534971581192, -0.4841703863005321073 ) ) ;
#867 = ORIENTED_EDGE ( 'NONE', *, *, #1458, .F. ) ;
#868 = LINE ( 'NONE', #2543, #3694 ) ;
#869 = CARTESIAN_POINT ( 'NONE',  ( -6.617451658129507308, -19.12035931393389987, 14.81230757368710726 ) ) ;
#870 = ORIENTED_EDGE ( 'NONE', *, *, #2585, .F. ) ;
#871 = DIRECTION ( 'NONE',  ( -0.4813818453556411026, -0.05406668479067300997, 0.8748418786030672800 ) ) ;
#872 = ORIENTED_EDGE ( 'NONE', *, *, #2367, .F. ) ;
#873 = FACE_OUTER_BOUND ( 'NONE', #2552, .T. ) ;
#874 = EDGE_LOOP ( 'NONE', ( #7, #3087, #3467, #1543, #2628 ) ) ;
#875 = LINE ( 'NONE', #2826, #690 ) ;
#876 = AXIS2_PLACEMENT_3D ( 'NONE', #1908, #1940, #1589 ) ;
#877 = ORIENTED_EDGE ( 'NONE', *, *, #2420, .F. ) ;
#878 = EDGE_CURVE ( 'NONE', #3476, #2937, #2364, .T. ) ;
#879 = CARTESIAN_POINT ( 'NONE',  ( -6.296398428412322446, -17.94153141092260029, 15.03256904763460611 ) ) ;
#880 = CARTESIAN_POINT ( 'NONE',  ( -7.121687294197873719, -17.57017946635860284, 15.50820446034299493 ) ) ;
#881 = DIRECTION ( 'NONE',  ( -0.4813818453556411026, -0.05406668479067311406, 0.8748418786030672800 ) ) ;
#882 = VECTOR ( 'NONE', #1245, 39.37007874015748854 ) ;
#883 = AXIS2_PLACEMENT_3D ( 'NONE', #1862, #269, #3707 ) ;
#884 = DIRECTION ( 'NONE',  ( -0.4813818453556411026, -0.05406668479067311406, 0.8748418786030672800 ) ) ;
#885 = CARTESIAN_POINT ( 'NONE',  ( -7.601649649854548052, -18.33902453509480424, 15.87162683463379942 ) ) ;
#886 = ORIENTED_EDGE ( 'NONE', *, *, #3864, .F. ) ;
#887 = CARTESIAN_POINT ( 'NONE',  ( -7.507292323629646269, -18.49112272386240363, 16.00415205925730078 ) ) ;
#888 = APPROVAL ( #1067, 'UNSPECIFIED' ) ;
#889 = CARTESIAN_POINT ( 'NONE',  ( -8.249333742964036986, -17.69683173978561186, 17.55753878226749976 ) ) ;
#890 = ORIENTED_EDGE ( 'NONE', *, *, #1278, .F. ) ;
#891 = ORIENTED_EDGE ( 'NONE', *, *, #711, .F. ) ;
#892 = VECTOR ( 'NONE', #2577, 39.37007874015748854 ) ;
#893 = DIRECTION ( 'NONE',  ( 0.08429787499881304103, -0.9963248184195924173, -0.01518961723845790694 ) ) ;
#894 = ADVANCED_FACE ( 'NONE', ( #2688 ), #1736, .T. ) ;
#895 = EDGE_LOOP ( 'NONE', ( #2653, #3823, #4109, #2269 ) ) ;
#896 = AXIS2_PLACEMENT_3D ( 'NONE', #280, #4022, #1177 ) ;
#897 = CARTESIAN_POINT ( 'NONE',  ( -6.430997510464665723, -18.10932227696200769, 14.84238023811909279 ) ) ;
#898 = ORIENTED_EDGE ( 'NONE', *, *, #2252, .F. ) ;
#899 = CARTESIAN_POINT ( 'NONE',  ( -6.810293033335670820, -17.44622560233311148, 16.88162943234480551 ) ) ;
#900 = AXIS2_PLACEMENT_3D ( 'NONE', #691, #1331, #104 ) ;
#901 = CIRCLE ( 'NONE', #1361, 0.02559055118110303492 ) ;
#902 = VECTOR ( 'NONE', #1447, 39.37007874015748854 ) ;
#903 = ORIENTED_EDGE ( 'NONE', *, *, #3565, .F. ) ;
#904 = DIRECTION ( 'NONE',  ( -0.4813818453556411581, -0.05406668479067331529, 0.8748418786030671690 ) ) ;
#905 = CARTESIAN_POINT ( 'NONE',  ( -6.220049752678188604, -17.86786276140291463, 14.97337686646669219 ) ) ;
#906 = CARTESIAN_POINT ( 'NONE',  ( -6.406118755361082329, -17.96448662331011903, 14.97077675463370028 ) ) ;
#907 = DIRECTION ( 'NONE',  ( 0.000000000000000000, 0.01524387629984995211, -0.9998838053670811021 ) ) ;
#908 = CIRCLE ( 'NONE', #2777, 0.02559055118110303492 ) ;
#909 = AXIS2_PLACEMENT_3D ( 'NONE', #3312, #440, #1781 ) ;
#910 = ADVANCED_FACE ( 'NONE', ( #3977 ), #1129, .F. ) ;
#911 = EDGE_CURVE ( 'NONE', #1309, #3236, #2048, .T. ) ;
#912 = DIRECTION ( 'NONE',  ( 0.4813818453556369392, 0.05406668479066899929, -0.8748418786030697225 ) ) ;
#913 = CARTESIAN_POINT ( 'NONE',  ( -6.776621884322165279, -17.69136013398700769, 14.90304368319419304 ) ) ;
#914 = ORIENTED_EDGE ( 'NONE', *, *, #1267, .F. ) ;
#915 = DIRECTION ( 'NONE',  ( 0.8724479280923782554, 0.06643530534971581192, 0.4841703863005321073 ) ) ;
#916 = DIRECTION ( 'NONE',  ( 0.000000000000000000, -0.9907169415560201919, 0.1359409493636310196 ) ) ;
#917 = EDGE_LOOP ( 'NONE', ( #3550, #602, #2848, #158 ) ) ;
#918 = CARTESIAN_POINT ( 'NONE',  ( -6.799263740676869006, -17.47868934586169942, 16.79476036049345566 ) ) ;
#919 = VERTEX_POINT ( 'NONE', #152 ) ;
#920 = ORIENTED_EDGE ( 'NONE', *, *, #621, .T. ) ;
#921 = DIRECTION ( 'NONE',  ( -0.4813818453556409915, -0.05406668479067270466, 0.8748418786030671690 ) ) ;
#922 = ADVANCED_FACE ( 'NONE', ( #3614 ), #2713, .F. ) ;
#923 = VERTEX_POINT ( 'NONE', #3334 ) ;
#924 = CARTESIAN_POINT ( 'NONE',  ( -8.198024970996437233, -17.85100585686189234, 17.48623820662740158 ) ) ;
#925 = CARTESIAN_POINT ( 'NONE',  ( -7.383110838435224643, -19.07441357850811059, 18.01814406176329797 ) ) ;
#926 = CARTESIAN_POINT ( 'NONE',  ( -7.223150351539979752, -17.72536245610511685, 14.65523994239169170 ) ) ;
#927 = CARTESIAN_POINT ( 'NONE',  ( -6.319460312052854079, -18.08244531411401468, 14.90541463556220414 ) ) ;
#928 = ORIENTED_EDGE ( 'NONE', *, *, #672, .F. ) ;
#929 = VERTEX_POINT ( 'NONE', #2670 ) ;
#930 = ORIENTED_EDGE ( 'NONE', *, *, #3982, .F. ) ;
#931 = CARTESIAN_POINT ( 'NONE',  ( -7.298889748322499926, -19.22639984922551193, 17.98599084472169451 ) ) ;
#932 = FACE_OUTER_BOUND ( 'NONE', #3239, .T. ) ;
#933 = VERTEX_POINT ( 'NONE', #462 ) ;
#934 = LINE ( 'NONE', #2524, #1036 ) ;
#935 = DIRECTION ( 'NONE',  ( 0.8724479280923782554, 0.06643530534971590906, 0.4841703863005321073 ) ) ;
#936 = FACE_OUTER_BOUND ( 'NONE', #2836, .T. ) ;
#937 = DIRECTION ( 'NONE',  ( 0.000000000000000000, -0.9980957303041226858, -0.06168397805492098485 ) ) ;
#938 = ORIENTED_EDGE ( 'NONE', *, *, #2909, .T. ) ;
#939 = CARTESIAN_POINT ( 'NONE',  ( -6.718959408809916489, -17.44094650502474053, 14.76477869407611365 ) ) ;
#940 = CARTESIAN_POINT ( 'NONE',  ( -8.217707940309546544, -19.29636616489889889, 17.47608699300759838 ) ) ;
#941 = DIRECTION ( 'NONE',  ( 0.000000000000000000, -0.9980957303041215756, -0.06168397805493808228 ) ) ;
#942 = LINE ( 'NONE', #2470, #550 ) ;
#943 = AXIS2_PLACEMENT_3D ( 'NONE', #1461, #1780, #126 ) ;
#944 = DIRECTION ( 'NONE',  ( 0.08429787499881304103, -0.9963248184195924173, -0.01518961723845785837 ) ) ;
#945 = EDGE_CURVE ( 'NONE', #3400, #391, #2115, .T. ) ;
#946 = DIRECTION ( 'NONE',  ( 0.4813818453556196197, 0.05406668479069656752, -0.8748418786030774941 ) ) ;
#947 = CIRCLE ( 'NONE', #3285, 0.1968503937007865801 ) ;
#948 = AXIS2_PLACEMENT_3D ( 'NONE', #355, #2311, #1627 ) ;
#949 = ORIENTED_EDGE ( 'NONE', *, *, #1218, .F. ) ;
#950 = CARTESIAN_POINT ( 'NONE',  ( -7.773581742416495466, -18.28344233038299294, 16.45549387523169571 ) ) ;
#951 = EDGE_LOOP ( 'NONE', ( #3099, #1191, #1115, #1898 ) ) ;
#952 = LINE ( 'NONE', #2180, #2706 ) ;
#953 = EDGE_CURVE ( 'NONE', #834, #2465, #1631, .T. ) ;
#954 = EDGE_LOOP ( 'NONE', ( #2292, #1816, #3171, #359 ) ) ;
#955 = DIRECTION ( 'NONE',  ( 0.000000000000000000, -0.9980957303041215756, -0.06168397805493808228 ) ) ;
#956 = VERTEX_POINT ( 'NONE', #3916 ) ;
#957 = APPROVAL_STATUS ( 'not_yet_approved' ) ;
#958 = AXIS2_PLACEMENT_3D ( 'NONE', #2043, #3311, #3951 ) ;
#959 = EDGE_CURVE ( 'NONE', #2891, #485, #2025, .T. ) ;
#960 = ORIENTED_EDGE ( 'NONE', *, *, #2647, .T. ) ;
#961 = CARTESIAN_POINT ( 'NONE',  ( -7.618166177938858752, -18.42437930376429023, 16.19478235716259817 ) ) ;
#962 = CIRCLE ( 'NONE', #2970, 0.02559055118110303492 ) ;
#963 = LINE ( 'NONE', #2554, #832 ) ;
#964 = CARTESIAN_POINT ( 'NONE',  ( -6.251187200544114475, -17.74117297586058939, 15.18908566271990068 ) ) ;
#965 = LINE ( 'NONE', #1662, #1946 ) ;
#966 = AXIS2_PLACEMENT_3D ( 'NONE', #3651, #2408, #2049 ) ;
#967 = ORIENTED_EDGE ( 'NONE', *, *, #796, .F. ) ;
#968 = AXIS2_PLACEMENT_3D ( 'NONE', #3903, #1993, #63 ) ;
#969 = CARTESIAN_POINT ( 'NONE',  ( -6.219375821525944481, -17.67250655898889988, 15.21083357661960811 ) ) ;
#970 = VECTOR ( 'NONE', #1062, 39.37007874015748854 ) ;
#971 = DIRECTION ( 'NONE',  ( 0.4813818453556411026, 0.05406668479067321120, -0.8748418786030672800 ) ) ;
#972 = AXIS2_PLACEMENT_3D ( 'NONE', #849, #2684, #1380 ) ;
#973 = AXIS2_PLACEMENT_3D ( 'NONE', #1554, #4106, #1578 ) ;
#974 = EDGE_LOOP ( 'NONE', ( #558, #4004, #667, #1766 ) ) ;
#975 = CARTESIAN_POINT ( 'NONE',  ( -7.537974968753661464, -17.52422875287210502, 17.95963118242610435 ) ) ;
#976 = EDGE_LOOP ( 'NONE', ( #1260, #1076, #3857, #3966 ) ) ;
#977 = DIRECTION ( 'NONE',  ( 0.7598216541842199856, -0.5233242457525930647, 0.3857496437331279782 ) ) ;
#978 = EDGE_LOOP ( 'NONE', ( #271, #1806, #2640, #4108 ) ) ;
#979 = CARTESIAN_POINT ( 'NONE',  ( -6.303995553637559368, -19.11124142243318857, 15.95383086871640010 ) ) ;
#980 = FACE_OUTER_BOUND ( 'NONE', #1745, .T. ) ;
#981 = CARTESIAN_POINT ( 'NONE',  ( -6.319460312052854079, -18.08244531411401468, 14.90541463556220414 ) ) ;
#982 = EDGE_CURVE ( 'NONE', #991, #3077, #444, .T. ) ;
#983 = DIRECTION ( 'NONE',  ( -0.4813818453556188981, -0.05406668479069649119, 0.8748418786030778271 ) ) ;
#984 = CARTESIAN_POINT ( 'NONE',  ( -6.156609134804075012, -17.56057376077679066, 15.02727604572700848 ) ) ;
#985 = CARTESIAN_POINT ( 'NONE',  ( -6.363997608768818814, -18.08744754676189359, 14.98635473062980417 ) ) ;
#986 = CARTESIAN_POINT ( 'NONE',  ( -6.030807275521692823, -17.47374475117110393, 15.23687223512850331 ) ) ;
#987 = EDGE_LOOP ( 'NONE', ( #181, #2786, #1207, #2604 ) ) ;
#988 = CARTESIAN_POINT ( 'NONE',  ( -6.324925856921476353, -17.66039154538620082, 15.37851592566759962 ) ) ;
#989 = VERTEX_POINT ( 'NONE', #762 ) ;
#990 = DIRECTION ( 'NONE',  ( -0.4813818453556411026, -0.05406668479067251037, 0.8748418786030672800 ) ) ;
#991 = VERTEX_POINT ( 'NONE', #1107 ) ;
#992 = DIRECTION ( 'NONE',  ( 0.4813818453556411026, 0.05406668479067321120, -0.8748418786030672800 ) ) ;
#993 = EDGE_CURVE ( 'NONE', #819, #1161, #2161, .T. ) ;
#994 = EDGE_LOOP ( 'NONE', ( #1915, #221, #1858, #1137, #1523 ) ) ;
#995 = COORDINATED_UNIVERSAL_TIME_OFFSET ( 2, 0, .AHEAD. ) ;
#996 = LINE ( 'NONE', #2343, #2219 ) ;
#997 = DIRECTION ( 'NONE',  ( 0.4813818453556411026, 0.05406668479067321120, -0.8748418786030672800 ) ) ;
#998 = DIRECTION ( 'NONE',  ( -0.2807807681397941346, -0.7427389548207147252, 0.6078659434732790467 ) ) ;
#999 = PLANE ( 'NONE',  #2619 ) ;
#1000 = VERTEX_POINT ( 'NONE', #802 ) ;
#1001 = ADVANCED_FACE ( 'NONE', ( #3699 ), #2033, .T. ) ;
#1002 = CARTESIAN_POINT ( 'NONE',  ( -6.705222810122855037, -17.40460958986059126, 14.73504015259289446 ) ) ;
#1003 = AXIS2_PLACEMENT_3D ( 'NONE', #880, #3773, #1866 ) ;
#1004 = EDGE_CURVE ( 'NONE', #2099, #1749, #567, .T. ) ;
#1005 = ORIENTED_EDGE ( 'NONE', *, *, #4107, .F. ) ;
#1006 = AXIS2_PLACEMENT_3D ( 'NONE', #1296, #2249, #3229 ) ;
#1007 = CARTESIAN_POINT ( 'NONE',  ( -6.705222810122855037, -17.40460958986059126, 14.73504015259289446 ) ) ;
#1008 = VERTEX_POINT ( 'NONE', #491 ) ;
#1009 = DIRECTION ( 'NONE',  ( 0.08429787499880325718, -0.9963248184195936386, -0.01518961723843481083 ) ) ;
#1010 = AXIS2_PLACEMENT_3D ( 'NONE', #1681, #3852, #2233 ) ;
#1011 = ORIENTED_EDGE ( 'NONE', *, *, #1210, .F. ) ;
#1012 = LINE ( 'NONE', #2282, #1085 ) ;
#1013 = AXIS2_PLACEMENT_3D ( 'NONE', #927, #881, #3732 ) ;
#1014 = PERSON_AND_ORGANIZATION ( #2673, #1951 ) ;
#1015 = AXIS2_PLACEMENT_3D ( 'NONE', #2263, #1979, #1935 ) ;
#1016 = EDGE_CURVE ( 'NONE', #3518, #1699, #2911, .T. ) ;
#1017 = FACE_OUTER_BOUND ( 'NONE', #503, .T. ) ;
#1018 = ORIENTED_EDGE ( 'NONE', *, *, #1004, .F. ) ;
#1019 = CARTESIAN_POINT ( 'NONE',  ( -6.762078933590059293, -17.41099541877289170, 14.83836793353029648 ) ) ;
#1020 = PLANE ( 'NONE',  #1743 ) ;
#1021 = ORIENTED_EDGE ( 'NONE', *, *, #2416, .F. ) ;
#1022 = AXIS2_PLACEMENT_3D ( 'NONE', #3896, #1439, #2678 ) ;
#1023 = CARTESIAN_POINT ( 'NONE',  ( -5.973951152054488567, -17.46735892225879994, 15.13354445419110483 ) ) ;
#1024 = DIRECTION ( 'NONE',  ( 0.4813818453556409915, 0.05406668479067270466, -0.8748418786030671690 ) ) ;
#1025 = EDGE_CURVE ( 'NONE', #2119, #1008, #1402, .T. ) ;
#1026 = VECTOR ( 'NONE', #4001, 39.37007874015748854 ) ;
#1027 = AXIS2_PLACEMENT_3D ( 'NONE', #2934, #2287, #1955 ) ;
#1028 = ORIENTED_EDGE ( 'NONE', *, *, #672, .T. ) ;
#1029 = ORIENTED_EDGE ( 'NONE', *, *, #2189, .T. ) ;
#1030 = VECTOR ( 'NONE', #3765, 39.37007874015748854 ) ;
#1031 = VECTOR ( 'NONE', #2850, 39.37007874015748854 ) ;
#1032 = CARTESIAN_POINT ( 'NONE',  ( -7.482663497223504656, -18.32996395837968606, 15.93765893767259811 ) ) ;
#1033 = ORIENTED_EDGE ( 'NONE', *, *, #3219, .T. ) ;
#1034 = DIRECTION ( 'NONE',  ( 0.08429787499881302715, -0.9963248184195923063, -0.01518961723845790347 ) ) ;
#1035 = AXIS2_PLACEMENT_3D ( 'NONE', #1713, #130, #850 ) ;
#1036 = VECTOR ( 'NONE', #2478, 39.37007874015748854 ) ;
#1037 = CARTESIAN_POINT ( 'NONE',  ( -6.720496689006554725, -19.12820600354208622, 14.75512209499019534 ) ) ;
#1038 = DIRECTION ( 'NONE',  ( 0.2807807681397954669, 0.7427389548207027348, -0.6078659434732929245 ) ) ;
#1039 = EDGE_CURVE ( 'NONE', #1749, #505, #2179, .T. ) ;
#1040 = CARTESIAN_POINT ( 'NONE',  ( -6.282324648162854075, -17.61448319029049259, 15.40479445852379925 ) ) ;
#1041 = DIRECTION ( 'NONE',  ( 0.7329645833144812217, 0.6448002585602838899, -0.2167845616440895462 ) ) ;
#1042 = EDGE_CURVE ( 'NONE', #2820, #1438, #3739, .T. ) ;
#1043 = ORIENTED_EDGE ( 'NONE', *, *, #495, .F. ) ;
#1044 = DIRECTION ( 'NONE',  ( -0.4813818453556408805, -0.05406668479068088562, 0.8748418786030668359 ) ) ;
#1045 = LINE ( 'NONE', #2000, #3090 ) ;
#1046 = EDGE_CURVE ( 'NONE', #4028, #2937, #3718, .T. ) ;
#1047 = DIRECTION ( 'NONE',  ( -0.4813818453556411026, -0.05406668479067300997, 0.8748418786030672800 ) ) ;
#1048 = CARTESIAN_POINT ( 'NONE',  ( -6.274187555053052812, -17.93822929435639324, 14.93923876551601104 ) ) ;
#1049 = DIRECTION ( 'NONE',  ( -0.8724479280923778113, -0.06643530534971169021, -0.4841703863005331065 ) ) ;
#1050 = FACE_OUTER_BOUND ( 'NONE', #1077, .T. ) ;
#1051 = DIRECTION ( 'NONE',  ( 0.8724479280923769231, 0.06643530534972112711, 0.4841703863005333841 ) ) ;
#1052 = DIRECTION ( 'NONE',  ( -0.8724479280923818081, -0.06643530534973238200, -0.4841703863005232811 ) ) ;
#1053 = LINE ( 'NONE', #187, #3803 ) ;
#1054 = VERTEX_POINT ( 'NONE', #309 ) ;
#1055 = VERTEX_POINT ( 'NONE', #2196 ) ;
#1056 = ADVANCED_FACE ( 'NONE', ( #3764 ), #2818, .F. ) ;
#1057 = PLANE ( 'NONE',  #224 ) ;
#1058 = DIRECTION ( 'NONE',  ( -0.08429787499879778934, 0.9963248184195937496, 0.01518961723845344697 ) ) ;
#1059 = DIRECTION ( 'NONE',  ( 0.2765254789952332204, 0.008745935471210533954, 0.9609667882290158225 ) ) ;
#1060 = ADVANCED_FACE ( 'NONE', ( #3119 ), #3781, .T. ) ;
#1061 = DIRECTION ( 'NONE',  ( -0.8724479280923781443, -0.06643530534971589518, -0.4841703863005320518 ) ) ;
#1062 = DIRECTION ( 'NONE',  ( -0.08429787499880304902, 0.9963248184195934165, 0.01518961723843469287 ) ) ;
#1063 = AXIS2_PLACEMENT_3D ( 'NONE', #1661, #634, #3513 ) ;
#1064 = ORIENTED_EDGE ( 'NONE', *, *, #1471, .F. ) ;
#1065 = CARTESIAN_POINT ( 'NONE',  ( -6.495219547275866034, -18.37069651637058953, 14.89664458576100436 ) ) ;
#1066 = FACE_OUTER_BOUND ( 'NONE', #4013, .T. ) ;
#1067 = APPROVAL_STATUS ( 'not_yet_approved' ) ;
#1068 = AXIS2_PLACEMENT_3D ( 'NONE', #3832, #1333, #377 ) ;
#1069 = EDGE_CURVE ( 'NONE', #2075, #1054, #844, .T. ) ;
#1070 = VECTOR ( 'NONE', #2810, 39.37007874015748854 ) ;
#1071 = CARTESIAN_POINT ( 'NONE',  ( -6.590653684330374240, -18.57669576698559055, 14.83140084406159431 ) ) ;
#1072 = DIRECTION ( 'NONE',  ( -0.2744515089616597625, 0.5680873757055917572, -0.7758563673725967780 ) ) ;
#1073 = FACE_OUTER_BOUND ( 'NONE', #1963, .T. ) ;
#1074 = EDGE_CURVE ( 'NONE', #644, #1258, #2455, .T. ) ;
#1075 = LOCAL_TIME ( 13, 13, 13.00000000000000000, #1740 ) ;
#1076 = ORIENTED_EDGE ( 'NONE', *, *, #945, .F. ) ;
#1077 = EDGE_LOOP ( 'NONE', ( #1715, #438, #1029, #487 ) ) ;
#1078 = DIRECTION ( 'NONE',  ( 0.4813818453556411026, 0.05406668479067309324, -0.8748418786030671690 ) ) ;
#1079 = CARTESIAN_POINT ( 'NONE',  ( -7.344482881577777178, -19.26375856169295986, 18.09360191155554176 ) ) ;
#1080 = VECTOR ( 'NONE', #8, 39.37007874015748854 ) ;
#1081 = CYLINDRICAL_SURFACE ( 'NONE', #2018, 0.07874015748031958084 ) ;
#1082 = LINE ( 'NONE', #778, #2506 ) ;
#1083 = CIRCLE ( 'NONE', #3435, 0.1181102362204732720 ) ;
#1084 = CARTESIAN_POINT ( 'NONE',  ( -8.254858600352344311, -18.30990681627428884, 17.65161719263519657 ) ) ;
#1085 = VECTOR ( 'NONE', #2323, 39.37007874015748143 ) ;
#1086 = ORIENTED_EDGE ( 'NONE', *, *, #3015, .T. ) ;
#1087 = CARTESIAN_POINT ( 'NONE',  ( -8.114662909432480475, -19.28851947529070898, 17.53327247170450676 ) ) ;
#1088 = DIRECTION ( 'NONE',  ( -0.4813818453556409915, -0.05406668479067330141, 0.8748418786030671690 ) ) ;
#1089 = EDGE_LOOP ( 'NONE', ( #3142, #2578, #42, #3426 ) ) ;
#1090 = VECTOR ( 'NONE', #1730, 39.37007874015748854 ) ;
#1091 = VECTOR ( 'NONE', #3259, 39.37007874015748854 ) ;
#1092 = ORIENTED_EDGE ( 'NONE', *, *, #3850, .T. ) ;
#1093 = VECTOR ( 'NONE', #1759, 39.37007874015748854 ) ;
#1094 = CARTESIAN_POINT ( 'NONE',  ( -6.318724851769022877, -17.94323152700434676, 15.02017886058360929 ) ) ;
#1095 = EDGE_CURVE ( 'NONE', #2439, #1671, #3826, .T. ) ;
#1096 = DIRECTION ( 'NONE',  ( -0.4813818453556411026, -0.05406668479067300997, 0.8748418786030672800 ) ) ;
#1097 = CARTESIAN_POINT ( 'NONE',  ( -6.604880166317323109, -17.67828231798710803, 14.99835281458029534 ) ) ;
#1098 = VERTEX_POINT ( 'NONE', #3180 ) ;
#1099 = ORIENTED_EDGE ( 'NONE', *, *, #3669, .F. ) ;
#1100 = EDGE_CURVE ( 'NONE', #819, #2080, #2357, .T. ) ;
#1101 = FACE_BOUND ( 'NONE', #2386, .T. ) ;
#1102 = CARTESIAN_POINT ( 'NONE',  ( -6.547973069160452297, -18.35087285769421328, 14.98809873612369969 ) ) ;
#1103 = CARTESIAN_POINT ( 'NONE',  ( -6.871382090100826012, -17.70200318217409574, 15.07525665142318871 ) ) ;
#1104 = LINE ( 'NONE', #2708, #2576 ) ;
#1105 = DIRECTION ( 'NONE',  ( -0.4813818453556411026, -0.05406668479067291283, 0.8748418786030672800 ) ) ;
#1106 = ORIENTED_EDGE ( 'NONE', *, *, #2765, .T. ) ;
#1107 = CARTESIAN_POINT ( 'NONE',  ( -6.034225493531377715, -17.63710133839889593, 15.08988812683539571 ) ) ;
#1108 = EDGE_CURVE ( 'NONE', #3515, #3612, #934, .T. ) ;
#1109 = CYLINDRICAL_SURFACE ( 'NONE', #2842, 0.1181102362204729805 ) ;
#1110 = DATE_AND_TIME ( #742, #1075 ) ;
#1111 = ORIENTED_EDGE ( 'NONE', *, *, #1833, .T. ) ;
#1112 = CARTESIAN_POINT ( 'NONE',  ( -6.517545970632565577, -18.37239663245233956, 14.88425439871000755 ) ) ;
#1113 = ORIENTED_EDGE ( 'NONE', *, *, #1141, .F. ) ;
#1114 = CARTESIAN_POINT ( 'NONE',  ( -6.604541610527028261, -18.59457052193629778, 14.71689842737159459 ) ) ;
#1115 = ORIENTED_EDGE ( 'NONE', *, *, #1230, .T. ) ;
#1116 = CARTESIAN_POINT ( 'NONE',  ( -7.753668858654173768, -18.51879464914889795, 16.45190577665259823 ) ) ;
#1117 = ORIENTED_EDGE ( 'NONE', *, *, #1069, .T. ) ;
#1118 = DIRECTION ( 'NONE',  ( -0.4813818453556411026, -0.05406668479067321120, 0.8748418786030672800 ) ) ;
#1119 = CARTESIAN_POINT ( 'NONE',  ( -6.314136027181023181, -17.68314960716220696, 15.38304654462399590 ) ) ;
#1120 = ADVANCED_FACE ( 'NONE', ( #1490 ), #4110, .F. ) ;
#1121 = ORIENTED_EDGE ( 'NONE', *, *, #404, .F. ) ;
#1122 = FACE_OUTER_BOUND ( 'NONE', #1341, .T. ) ;
#1123 = CARTESIAN_POINT ( 'NONE',  ( -5.336606502050197598, -19.14125963508818984, 15.51580109500220495 ) ) ;
#1124 = ORIENTED_EDGE ( 'NONE', *, *, #1945, .T. ) ;
#1125 = LINE ( 'NONE', #3051, #506 ) ;
#1126 = EDGE_CURVE ( 'NONE', #1228, #2488, #868, .T. ) ;
#1127 = VERTEX_POINT ( 'NONE', #3160 ) ;
#1128 = ORIENTED_EDGE ( 'NONE', *, *, #1852, .F. ) ;
#1129 = CYLINDRICAL_SURFACE ( 'NONE', #1160, 0.02559055118110303492 ) ;
#1130 = CARTESIAN_POINT ( 'NONE',  ( -6.560595534662303940, -19.11397348502161364, 14.70897979274970524 ) ) ;
#1131 = VERTEX_POINT ( 'NONE', #887 ) ;
#1132 = APPROVAL_DATE_TIME ( #1110, #888 ) ;
#1133 = VECTOR ( 'NONE', #3068, 39.37007874015748854 ) ;
#1134 = ORIENTED_EDGE ( 'NONE', *, *, #2531, .F. ) ;
#1135 = DIRECTION ( 'NONE',  ( -0.4813818453556411026, -0.05406668479067311406, 0.8748418786030672800 ) ) ;
#1136 = VECTOR ( 'NONE', #522, 39.37007874015748854 ) ;
#1137 = ORIENTED_EDGE ( 'NONE', *, *, #2596, .T. ) ;
#1138 = CARTESIAN_POINT ( 'NONE',  ( -7.374628035277279281, -18.47622245693348120, 15.76305390384812277 ) ) ;
#1139 = EDGE_LOOP ( 'NONE', ( #1791, #1673, #3344, #1742 ) ) ;
#1140 = DIRECTION ( 'NONE',  ( 0.4813818453556411026, 0.05406668479067321120, -0.8748418786030672800 ) ) ;
#1141 = EDGE_CURVE ( 'NONE', #2119, #2013, #2133, .T. ) ;
#1142 = VERTEX_POINT ( 'NONE', #1831 ) ;
#1143 = ORIENTED_EDGE ( 'NONE', *, *, #1256, .F. ) ;
#1144 = EDGE_CURVE ( 'NONE', #2954, #2820, #574, .T. ) ;
#1145 = AXIS2_PLACEMENT_3D ( 'NONE', #812, #3341, #140 ) ;
#1146 = EDGE_LOOP ( 'NONE', ( #1630, #1443, #188, #150 ) ) ;
#1147 = CARTESIAN_POINT ( 'NONE',  ( -6.286913472750905285, -17.87456511013266081, 15.04192677448338422 ) ) ;
#1148 = CARTESIAN_POINT ( 'NONE',  ( -7.394540919205708995, -18.24087013762708764, 15.76664200236929148 ) ) ;
#1149 = CARTESIAN_POINT ( 'NONE',  ( -7.722402404295374723, -18.43608665677019687, 16.38421662221441011 ) ) ;
#1150 = DIRECTION ( 'NONE',  ( -0.4813818453556409915, -0.05406668479067299610, 0.8748418786030671690 ) ) ;
#1151 = ADVANCED_FACE ( 'NONE', ( #2844 ), #580, .F. ) ;
#1152 = VECTOR ( 'NONE', #2059, 39.37007874015748854 ) ;
#1153 = ORIENTED_EDGE ( 'NONE', *, *, #4102, .F. ) ;
#1154 = VECTOR ( 'NONE', #2878, 39.37007874015748854 ) ;
#1155 = CIRCLE ( 'NONE', #3617, 0.1181102362204726197 ) ;
#1156 = DIRECTION ( 'NONE',  ( 0.2765254789952003578, 0.008745935471212410925, 0.9609667882290253704 ) ) ;
#1157 = EDGE_CURVE ( 'NONE', #1519, #2255, #1229, .T. ) ;
#1158 = DIRECTION ( 'NONE',  ( -0.1116138014218449742, 0.9937516587820948155, 0.000000000000000000 ) ) ;
#1159 = CIRCLE ( 'NONE', #3370, 0.1574803149606293640 ) ;
#1160 = AXIS2_PLACEMENT_3D ( 'NONE', #218, #1805, #2435 ) ;
#1161 = VERTEX_POINT ( 'NONE', #3479 ) ;
#1162 = CARTESIAN_POINT ( 'NONE',  ( -6.617451658129507308, -19.12035931393389987, 14.81230757368710726 ) ) ;
#1163 = VECTOR ( 'NONE', #3799, 39.37007874015748854 ) ;
#1164 = VECTOR ( 'NONE', #1254, 39.37007874015748854 ) ;
#1165 = ORIENTED_EDGE ( 'NONE', *, *, #1157, .T. ) ;
#1166 = CARTESIAN_POINT ( 'NONE',  ( -8.306189866431239466, -17.70321756869789454, 17.66086656320490178 ) ) ;
#1167 = ORIENTED_EDGE ( 'NONE', *, *, #2861, .F. ) ;
#1168 = DIRECTION ( 'NONE',  ( 0.8724479280923895796, 0.06643530534971466006, 0.4841703863005116792 ) ) ;
#1169 = VERTEX_POINT ( 'NONE', #622 ) ;
#1170 = CIRCLE ( 'NONE', #2235, 0.07874015748031790163 ) ;
#1171 = CIRCLE ( 'NONE', #2284, 0.1968503937007865801 ) ;
#1172 = EDGE_LOOP ( 'NONE', ( #3861, #3806, #568, #2562 ) ) ;
#1173 = ADVANCED_FACE ( 'NONE', ( #2587 ), #3858, .T. ) ;
#1174 = LINE ( 'NONE', #3411, #2910 ) ;
#1175 = CARTESIAN_POINT ( 'NONE',  ( -6.609065214498484941, -18.51367016566700840, 14.94442163134740298 ) ) ;
#1176 =( BOUNDED_CURVE ( )  B_SPLINE_CURVE ( 3, ( #753, #1079, #2352, #3910 ),
 .UNSPECIFIED., .F., .T. ) 
 B_SPLINE_CURVE_WITH_KNOTS ( ( 4, 4 ),
 ( 3.141592653589170059, 3.926990816987175226 ),
 .UNSPECIFIED. ) 
 CURVE ( )  GEOMETRIC_REPRESENTATION_ITEM ( )  RATIONAL_B_SPLINE_CURVE ( ( 1.000000000000000000, 0.9492530216741200677, 0.9492530216741200677, 1.000000000000000000 ) ) 
 REPRESENTATION_ITEM ( '' )  );
#1177 = DIRECTION ( 'NONE',  ( -0.9573022133773402276, -0.08520777437474354177, 0.2762464614233963722 ) ) ;
#1178 = CARTESIAN_POINT ( 'NONE',  ( -6.776621884406063501, -17.69136013446940936, 14.90304368341169372 ) ) ;
#1179 = ORIENTED_EDGE ( 'NONE', *, *, #3074, .T. ) ;
#1180 = DIRECTION ( 'NONE',  ( 0.4813818453556462096, 0.05406668479067362060, -0.8748418786030643934 ) ) ;
#1181 = ORIENTED_EDGE ( 'NONE', *, *, #3306, .T. ) ;
#1182 = FACE_OUTER_BOUND ( 'NONE', #3158, .T. ) ;
#1183 = EDGE_CURVE ( 'NONE', #159, #929, #3277, .T. ) ;
#1184 = VERTEX_POINT ( 'NONE', #3839 ) ;
#1185 = DIRECTION ( 'NONE',  ( -0.8724479280923769231, -0.06643530534972112711, -0.4841703863005333841 ) ) ;
#1186 = ORIENTED_EDGE ( 'NONE', *, *, #479, .F. ) ;
#1187 = LINE ( 'NONE', #3406, #3091 ) ;
#1188 = VERTEX_POINT ( 'NONE', #1598 ) ;
#1189 = CARTESIAN_POINT ( 'NONE',  ( -8.026283252834074844, -17.83792804124901465, 17.58154733778289369 ) ) ;
#1190 = ORIENTED_EDGE ( 'NONE', *, *, #3002, .T. ) ;
#1191 = ORIENTED_EDGE ( 'NONE', *, *, #1100, .T. ) ;
#1192 = EDGE_CURVE ( 'NONE', #3476, #2789, #684, .T. ) ;
#1193 = VERTEX_POINT ( 'NONE', #93 ) ;
#1194 = DESIGN_CONTEXT ( 'detailed design', #3972, 'design' ) ;
#1195 = DIRECTION ( 'NONE',  ( -0.4813818453556411026, -0.05406668479067311406, 0.8748418786030672800 ) ) ;
#1196 = FACE_OUTER_BOUND ( 'NONE', #412, .T. ) ;
#1197 = DIRECTION ( 'NONE',  ( -0.4813818453556409915, -0.05406668479067310712, 0.8748418786030671690 ) ) ;
#1198 = VERTEX_POINT ( 'NONE', #988 ) ;
#1199 = EDGE_CURVE ( 'NONE', #3704, #2132, #343, .T. ) ;
#1200 = DIRECTION ( 'NONE',  ( -0.8724479280923895796, -0.06643530534971466006, -0.4841703863005116792 ) ) ;
#1201 = CARTESIAN_POINT ( 'NONE',  ( -6.030318243579232629, -17.63553429785845239, 15.38305212514011977 ) ) ;
#1202 = ADVANCED_FACE ( 'NONE', ( #41 ), #2319, .F. ) ;
#1203 = ORIENTED_EDGE ( 'NONE', *, *, #3900, .T. ) ;
#1204 = DIRECTION ( 'NONE',  ( -0.4813818453556411026, -0.05406668479067311406, 0.8748418786030672800 ) ) ;
#1205 = ORIENTED_EDGE ( 'NONE', *, *, #603, .T. ) ;
#1206 = FACE_OUTER_BOUND ( 'NONE', #4044, .T. ) ;
#1207 = ORIENTED_EDGE ( 'NONE', *, *, #3342, .T. ) ;
#1208 = CARTESIAN_POINT ( 'NONE',  ( -7.467497547530787649, -18.57081859716122096, 16.26863759638490237 ) ) ;
#1209 = ORIENTED_EDGE ( 'NONE', *, *, #2658, .F. ) ;
#1210 = EDGE_CURVE ( 'NONE', #2692, #3389, #2901, .T. ) ;
#1211 = DIRECTION ( 'NONE',  ( -0.4813818453556369392, -0.05406668479066899929, 0.8748418786030697225 ) ) ;
#1212 = ORIENTED_EDGE ( 'NONE', *, *, #1074, .F. ) ;
#1213 = DIRECTION ( 'NONE',  ( -0.9573022133773335662, -0.08520777437476277638, 0.2762464614234134697 ) ) ;
#1214 = AXIS2_PLACEMENT_3D ( 'NONE', #1635, #2924, #2618 ) ;
#1215 = EDGE_LOOP ( 'NONE', ( #898, #2241 ) ) ;
#1216 = CARTESIAN_POINT ( 'NONE',  ( -7.223150351539979752, -17.72536245610511685, 14.65523994239169170 ) ) ;
#1217 = CARTESIAN_POINT ( 'NONE',  ( -6.558842305312205134, -18.50802935011389749, 14.85314875796139766 ) ) ;
#1218 = EDGE_CURVE ( 'NONE', #3722, #3476, #2097, .T. ) ;
#1219 = DIRECTION ( 'NONE',  ( 0.2765254789952332204, 0.008745935471210533954, 0.9609667882290158225 ) ) ;
#1220 = DIRECTION ( 'NONE',  ( -0.08429787529695505210, 0.9963248183968897997, 0.01518961707297448831 ) ) ;
#1221 = AXIS2_PLACEMENT_3D ( 'NONE', #1454, #1096, #2390 ) ;
#1222 = VERTEX_POINT ( 'NONE', #1308 ) ;
#1223 = VECTOR ( 'NONE', #2722, 39.37007874015748143 ) ;
#1224 = CARTESIAN_POINT ( 'NONE',  ( -7.773581742512164716, -18.28344232983720730, 16.45549387521279527 ) ) ;
#1225 = LINE ( 'NONE', #2176, #1574 ) ;
#1226 = PRODUCT_RELATED_PRODUCT_CATEGORY ( 'detail', '', ( #547 ) ) ;
#1227 = AXIS2_PLACEMENT_3D ( 'NONE', #2870, #5, #1291 ) ;
#1228 = VERTEX_POINT ( 'NONE', #1032 ) ;
#1229 = LINE ( 'NONE', #4091, #1164 ) ;
#1230 = EDGE_CURVE ( 'NONE', #2080, #749, #2563, .T. ) ;
#1231 = DIRECTION ( 'NONE',  ( 0.000000000000000000, -0.9980957303041215756, -0.06168397805493808228 ) ) ;
#1232 = ADVANCED_FACE ( 'NONE', ( #1930 ), #368, .T. ) ;
#1233 = VERTEX_POINT ( 'NONE', #736 ) ;
#1234 = VECTOR ( 'NONE', #120, 39.37007874015748854 ) ;
#1235 = CARTESIAN_POINT ( 'NONE',  ( -7.722402404295374723, -18.43608665677019687, 16.38421662221441011 ) ) ;
#1236 = ORIENTED_EDGE ( 'NONE', *, *, #1271, .F. ) ;
#1237 = AXIS2_PLACEMENT_3D ( 'NONE', #353, #2916, #2207 ) ;
#1238 = DIRECTION ( 'NONE',  ( -0.2765254789951950287, -0.008745935471215642715, -0.9609667882290268137 ) ) ;
#1239 = AXIS2_PLACEMENT_3D ( 'NONE', #3905, #713, #66 ) ;
#1240 = VECTOR ( 'NONE', #1571, 39.37007874015748854 ) ;
#1241 = ORIENTED_EDGE ( 'NONE', *, *, #3689, .F. ) ;
#1242 = DIRECTION ( 'NONE',  ( -0.4813818453556411026, -0.05406668479067311406, 0.8748418786030672800 ) ) ;
#1243 = DIRECTION ( 'NONE',  ( -0.8724479280923818081, -0.06643530534973238200, -0.4841703863005232811 ) ) ;
#1244 = LINE ( 'NONE', #234, #1809 ) ;
#1245 = DIRECTION ( 'NONE',  ( -0.4813818453556188981, -0.05406668479069649119, 0.8748418786030778271 ) ) ;
#1246 = AXIS2_PLACEMENT_3D ( 'NONE', #2845, #243, #2198 ) ;
#1247 = VECTOR ( 'NONE', #2729, 39.37007874015748854 ) ;
#1248 = ORIENTED_EDGE ( 'NONE', *, *, #3398, .F. ) ;
#1249 = EDGE_CURVE ( 'NONE', #3570, #682, #103, .T. ) ;
#1250 = VERTEX_POINT ( 'NONE', #3549 ) ;
#1251 = DIRECTION ( 'NONE',  ( -0.8724479280923818081, -0.06643530534973238200, -0.4841703863005232811 ) ) ;
#1252 = CARTESIAN_POINT ( 'NONE',  ( -7.385563249191180901, -17.93839610665759920, 15.79027536509919294 ) ) ;
#1253 = ORIENTED_EDGE ( 'NONE', *, *, #3318, .F. ) ;
#1254 = DIRECTION ( 'NONE',  ( -0.8724479280923781443, -0.06643530534971570090, -0.4841703863005320518 ) ) ;
#1255 = CARTESIAN_POINT ( 'NONE',  ( -6.008762299497361958, -17.57575618733260114, 15.10769048479269649 ) ) ;
#1256 = EDGE_CURVE ( 'NONE', #582, #1924, #3533, .T. ) ;
#1257 = DIRECTION ( 'NONE',  ( -0.4813818453556409915, -0.05406668479067330141, 0.8748418786030671690 ) ) ;
#1258 = VERTEX_POINT ( 'NONE', #1670 ) ;
#1259 = DIRECTION ( 'NONE',  ( 0.4813818453556418797, 0.05406668479067338468, -0.8748418786030668359 ) ) ;
#1260 = ORIENTED_EDGE ( 'NONE', *, *, #4010, .F. ) ;
#1261 = LINE ( 'NONE', #3788, #1234 ) ;
#1262 = PLANE ( 'NONE',  #3820 ) ;
#1263 = DIRECTION ( 'NONE',  ( 0.08429787499881304103, -0.9963248184195924173, -0.01518961723845785837 ) ) ;
#1264 = CARTESIAN_POINT ( 'NONE',  ( -6.030807275521692823, -17.47374475117110393, 15.23687223512850331 ) ) ;
#1265 = CARTESIAN_POINT ( 'NONE',  ( -7.360563475494015684, -19.07370045152240223, 18.09649947055751795 ) ) ;
#1266 = DIRECTION ( 'NONE',  ( -0.08429787499880314616, 0.9963248184195934165, 0.01518961723843479175 ) ) ;
#1267 = EDGE_CURVE ( 'NONE', #401, #923, #2314, .T. ) ;
#1268 = ORIENTED_EDGE ( 'NONE', *, *, #847, .F. ) ;
#1269 = DIRECTION ( 'NONE',  ( 0.08429787499880735113, -0.9963248184195931945, -0.01518961723843521155 ) ) ;
#1270 = FACE_OUTER_BOUND ( 'NONE', #313, .T. ) ;
#1271 = EDGE_CURVE ( 'NONE', #1438, #4034, #1636, .T. ) ;
#1272 = CARTESIAN_POINT ( 'NONE',  ( -6.481819698425826282, -18.23900449818031433, 15.03141328694649737 ) ) ;
#1273 = EDGE_LOOP ( 'NONE', ( #705, #1723, #369, #1649 ) ) ;
#1274 = DIRECTION ( 'NONE',  ( -0.4813818453556409915, -0.05406668479067330141, 0.8748418786030671690 ) ) ;
#1275 = DIRECTION ( 'NONE',  ( -0.1116138014217925439, 0.9937516587821006997, 0.000000000000000000 ) ) ;
#1276 = CARTESIAN_POINT ( 'NONE',  ( -8.225579193478976592, -18.65596298313598567, 17.64634134234169238 ) ) ;
#1277 = DIRECTION ( 'NONE',  ( -0.8724479280923818081, -0.06643530534973238200, -0.4841703863005232811 ) ) ;
#1278 = EDGE_CURVE ( 'NONE', #2439, #3570, #1325, .T. ) ;
#1279 = AXIS2_PLACEMENT_3D ( 'NONE', #3252, #3892, #2638 ) ;
#1280 = DIRECTION ( 'NONE',  ( -0.2765254789952332204, -0.008745935471210533954, -0.9609667882290158225 ) ) ;
#1281 = DIRECTION ( 'NONE',  ( -0.4813818453556369392, -0.05406668479066899929, 0.8748418786030697225 ) ) ;
#1282 = AXIS2_PLACEMENT_3D ( 'NONE', #964, #2232, #2290 ) ;
#1283 = ORIENTED_EDGE ( 'NONE', *, *, #1678, .F. ) ;
#1284 = CIRCLE ( 'NONE', #883, 0.1574803149606335273 ) ;
#1285 = VERTEX_POINT ( 'NONE', #385 ) ;
#1286 = DIRECTION ( 'NONE',  ( 0.4813818453556409915, 0.05406668479067270466, -0.8748418786030671690 ) ) ;
#1287 = ORIENTED_EDGE ( 'NONE', *, *, #1412, .T. ) ;
#1288 = CARTESIAN_POINT ( 'NONE',  ( -6.482311489415845784, -18.60431686747708824, 14.78355322533279548 ) ) ;
#1289 = ORIENTED_EDGE ( 'NONE', *, *, #2162, .F. ) ;
#1290 = CARTESIAN_POINT ( 'NONE',  ( -6.776621884322165279, -17.69136013398700769, 14.90304368319419304 ) ) ;
#1291 = DIRECTION ( 'NONE',  ( 1.000000000000000000, 0.000000000000000000, 0.000000000000000000 ) ) ;
#1292 = DIRECTION ( 'NONE',  ( 0.1773339250325989824, 0.000000000000000000, 0.9841507399949118717 ) ) ;
#1293 = ORIENTED_EDGE ( 'NONE', *, *, #3611, .F. ) ;
#1294 = CIRCLE ( 'NONE', #1419, 0.02559055118110303492 ) ;
#1295 = CYLINDRICAL_SURFACE ( 'NONE', #1689, 0.1309055118110285243 ) ;
#1296 = CARTESIAN_POINT ( 'NONE',  ( -8.631452189767971461, -19.17047629003779718, 17.39121190018688878 ) ) ;
#1297 = LINE ( 'NONE', #411, #84 ) ;
#1298 = CIRCLE ( 'NONE', #3686, 0.1181102362204723283 ) ;
#1299 = AXIS2_PLACEMENT_3D ( 'NONE', #979, #406, #1329 ) ;
#1300 = DIRECTION ( 'NONE',  ( -0.08429787529695621784, 0.9963248183968897997, 0.01518961707297469994 ) ) ;
#1301 = AXIS2_PLACEMENT_3D ( 'NONE', #3480, #3201, #310 ) ;
#1302 = SPHERICAL_SURFACE ( 'NONE', #768, 0.1181102362204724532 ) ;
#1303 = CIRCLE ( 'NONE', #3561, 0.02559055118110303492 ) ;
#1304 = VERTEX_POINT ( 'NONE', #1654 ) ;
#1305 = CIRCLE ( 'NONE', #2031, 0.02559055118110303492 ) ;
#1306 = ORIENTED_EDGE ( 'NONE', *, *, #3356, .F. ) ;
#1307 = EDGE_CURVE ( 'NONE', #2877, #2202, #74, .T. ) ;
#1308 = CARTESIAN_POINT ( 'NONE',  ( -6.567768879818820515, -18.37803744800540073, 14.97552727209590095 ) ) ;
#1309 = VERTEX_POINT ( 'NONE', #3352 ) ;
#1310 = DIRECTION ( 'NONE',  ( 0.4813818453556196197, 0.05406668479069656752, -0.8748418786030774941 ) ) ;
#1311 = VERTEX_POINT ( 'NONE', #1463 ) ;
#1312 = DIRECTION ( 'NONE',  ( -0.4813818453556369392, -0.05406668479066899929, 0.8748418786030697225 ) ) ;
#1313 = ORIENTED_EDGE ( 'NONE', *, *, #3696, .T. ) ;
#1314 = ADVANCED_FACE ( 'NONE', ( #798 ), #1442, .F. ) ;
#1315 = LINE ( 'NONE', #2594, #2699 ) ;
#1316 = CARTESIAN_POINT ( 'NONE',  ( -6.794739423235162334, -17.41202840327736823, 14.72486791917253690 ) ) ;
#1317 = FACE_OUTER_BOUND ( 'NONE', #357, .T. ) ;
#1318 = CARTESIAN_POINT ( 'NONE',  ( -6.542139965237126376, -18.56311023222870205, 14.75317923823149791 ) ) ;
#1319 = VERTEX_POINT ( 'NONE', #2427 ) ;
#1320 = VERTEX_POINT ( 'NONE', #1711 ) ;
#1321 = CARTESIAN_POINT ( 'NONE',  ( -6.591778917702007412, -18.96375042956728407, 15.15113024870940706 ) ) ;
#1322 = DIRECTION ( 'NONE',  ( -0.08429787499880735113, 0.9963248184195931945, 0.01518961723843521155 ) ) ;
#1323 = CC_DESIGN_DATE_AND_TIME_ASSIGNMENT ( #118, #3637, ( #1552 ) ) ;
#1324 = ORIENTED_EDGE ( 'NONE', *, *, #1678, .T. ) ;
#1325 = LINE ( 'NONE', #703, #1091 ) ;
#1326 = ORIENTED_EDGE ( 'NONE', *, *, #1108, .T. ) ;
#1327 = CARTESIAN_POINT ( 'NONE',  ( -6.409270365882840714, -18.23166356654546050, 14.95253060061149419 ) ) ;
#1328 = ADVANCED_FACE ( 'NONE', ( #1695 ), #2029, .T. ) ;
#1329 = DIRECTION ( 'NONE',  ( 0.6765214452375478693, -0.6575311804459644804, 0.3316194820498880036 ) ) ;
#1330 = CALENDAR_DATE ( 2025, 7, 4 ) ;
#1331 = DIRECTION ( 'NONE',  ( -0.4813818453556411026, -0.05406668479067311406, 0.8748418786030672800 ) ) ;
#1332 = ADVANCED_FACE ( 'NONE', ( #2664 ), #2399, .F. ) ;
#1333 = DIRECTION ( 'NONE',  ( -0.8724479280923782554, -0.06643530534971561763, -0.4841703863005321073 ) ) ;
#1334 = CYLINDRICAL_SURFACE ( 'NONE', #2757, 0.02559055118110303492 ) ;
#1335 = ORIENTED_EDGE ( 'NONE', *, *, #1210, .T. ) ;
#1336 = VERTEX_POINT ( 'NONE', #3291 ) ;
#1337 = EDGE_CURVE ( 'NONE', #1975, #3661, #3947, .T. ) ;
#1338 = CARTESIAN_POINT ( 'NONE',  ( -6.431596789239546474, -18.23336368262720342, 14.94014041356049205 ) ) ;
#1339 = CARTESIAN_POINT ( 'NONE',  ( -6.607495216200512722, -19.23803547358968657, 14.81051352440700697 ) ) ;
#1340 = VECTOR ( 'NONE', #1666, 39.37007874015748854 ) ;
#1341 = EDGE_LOOP ( 'NONE', ( #1153, #2753, #2239, #3921 ) ) ;
#1342 = CIRCLE ( 'NONE', #619, 0.1181102362204732720 ) ;
#1343 = CARTESIAN_POINT ( 'NONE',  ( -7.467497547249625889, -18.57081859763889753, 16.26863759651010000 ) ) ;
#1344 = ORIENTED_EDGE ( 'NONE', *, *, #2596, .F. ) ;
#1345 = CARTESIAN_POINT ( 'NONE',  ( -7.360192575726437703, -18.23825457442208631, 15.78570382852120169 ) ) ;
#1346 = VECTOR ( 'NONE', #2834, 39.37007874015748854 ) ;
#1347 = ORIENTED_EDGE ( 'NONE', *, *, #2585, .T. ) ;
#1348 = EDGE_CURVE ( 'NONE', #2883, #226, #416, .T. ) ;
#1349 = DIRECTION ( 'NONE',  ( -0.8724479280923818081, -0.06643530534973238200, -0.4841703863005232811 ) ) ;
#1350 = EDGE_CURVE ( 'NONE', #2406, #3355, #3049, .T. ) ;
#1351 =( NAMED_UNIT ( * ) SI_UNIT ( $, .STERADIAN. ) SOLID_ANGLE_UNIT ( ) );
#1352 = SPHERICAL_SURFACE ( 'NONE', #2426, 0.1181102362204724532 ) ;
#1353 = CARTESIAN_POINT ( 'NONE',  ( -5.783069251433769153, -19.05536857631699732, 15.17997838975164449 ) ) ;
#1354 = CARTESIAN_POINT ( 'NONE',  ( -6.188238373660019498, -17.79919634453130328, 14.99512478036649554 ) ) ;
#1355 = VECTOR ( 'NONE', #1396, 39.37007874015748854 ) ;
#1356 = ORIENTED_EDGE ( 'NONE', *, *, #3267, .T. ) ;
#1357 = AXIS2_PLACEMENT_3D ( 'NONE', #508, #2376, #3286 ) ;
#1358 = AXIS2_PLACEMENT_3D ( 'NONE', #3595, #2014, #430 ) ;
#1359 = CARTESIAN_POINT ( 'NONE',  ( -7.545406442114134471, -17.80131015594200861, 17.84841290504228439 ) ) ;
#1360 = CARTESIAN_POINT ( 'NONE',  ( -7.131643736126870081, -17.45250330670269534, 15.50999850962320892 ) ) ;
#1361 = AXIS2_PLACEMENT_3D ( 'NONE', #1217, #1195, #1243 ) ;
#1362 = VECTOR ( 'NONE', #3827, 39.37007874015748854 ) ;
#1363 = EDGE_CURVE ( 'NONE', #2321, #1699, #1397, .T. ) ;
#1364 = CARTESIAN_POINT ( 'NONE',  ( -6.586677261953091111, -18.56811246487669464, 14.83411933329909260 ) ) ;
#1365 = AXIS2_PLACEMENT_3D ( 'NONE', #3860, #1310, #668 ) ;
#1366 = CIRCLE ( 'NONE', #2974, 0.02559055118110303492 ) ;
#1367 = DIRECTION ( 'NONE',  ( -0.08429787529695505210, 0.9963248183968897997, 0.01518961707297448831 ) ) ;
#1368 = ORIENTED_EDGE ( 'NONE', *, *, #58, .T. ) ;
#1369 = LINE ( 'NONE', #418, #3048 ) ;
#1370 = AXIS2_PLACEMENT_3D ( 'NONE', #281, #2520, #1595 ) ;
#1371 = CARTESIAN_POINT ( 'NONE',  ( -5.896136441990141641, -19.06543248667621882, 15.21260592456549077 ) ) ;
#1372 = EDGE_CURVE ( 'NONE', #804, #2796, #755, .T. ) ;
#1373 = DIRECTION ( 'NONE',  ( -0.8724479280923782554, -0.06643530534971561763, -0.4841703863005321073 ) ) ;
#1374 = DIRECTION ( 'NONE',  ( -0.08429787499880689317, 0.9963248184195929724, 0.01518961723844149993 ) ) ;
#1375 = VERTEX_POINT ( 'NONE', #129 ) ;
#1376 = EDGE_CURVE ( 'NONE', #1576, #391, #2707, .T. ) ;
#1377 = CARTESIAN_POINT ( 'NONE',  ( -8.198024971002144667, -17.85100585679409591, 17.48623820662850292 ) ) ;
#1378 = DIRECTION ( 'NONE',  ( 0.08429787499880325718, -0.9963248184195935275, -0.01518961723843488022 ) ) ;
#1379 = DIRECTION ( 'NONE',  ( -0.4813818453556411026, -0.05406668479067311406, 0.8748418786030672800 ) ) ;
#1380 = DIRECTION ( 'NONE',  ( -0.8724479280923818081, -0.06643530534973238200, -0.4841703863005232811 ) ) ;
#1381 = ADVANCED_FACE ( 'NONE', ( #3647 ), #3607, .T. ) ;
#1382 = CARTESIAN_POINT ( 'NONE',  ( -6.260672156205602690, -17.80813927665053953, 15.17972793587108526 ) ) ;
#1383 = ORIENTED_EDGE ( 'NONE', *, *, #2247, .F. ) ;
#1384 = ORIENTED_EDGE ( 'NONE', *, *, #1376, .T. ) ;
#1385 = DIRECTION ( 'NONE',  ( -0.5573062471350025415, -0.7514848902919353257, -0.3531008447557403285 ) ) ;
#1386 = EDGE_CURVE ( 'NONE', #819, #167, #1104, .T. ) ;
#1387 = CARTESIAN_POINT ( 'NONE',  ( -6.137341533321495568, -17.59819932656419184, 15.14130861713350384 ) ) ;
#1388 = ORIENTED_EDGE ( 'NONE', *, *, #1230, .F. ) ;
#1389 = DIRECTION ( 'NONE',  ( -0.4813818453556411026, -0.05406668479067311406, 0.8748418786030672800 ) ) ;
#1390 = DIRECTION ( 'NONE',  ( -0.4813818453556409915, -0.05406668479067310712, 0.8748418786030671690 ) ) ;
#1391 = CARTESIAN_POINT ( 'NONE',  ( -7.549469490687489071, -18.41914817735880305, 16.23290600962720731 ) ) ;
#1392 = EDGE_LOOP ( 'NONE', ( #1936, #1795, #2736, #2442 ) ) ;
#1393 = DIRECTION ( 'NONE',  ( -0.8724479280923843616, -0.06643530534972065527, -0.4841703863005206165 ) ) ;
#1394 = EDGE_CURVE ( 'NONE', #2143, #3704, #1082, .T. ) ;
#1395 = LINE ( 'NONE', #3603, #1667 ) ;
#1396 = DIRECTION ( 'NONE',  ( 0.4813818453556188981, 0.05406668479069649119, -0.8748418786030778271 ) ) ;
#1397 = LINE ( 'NONE', #3020, #2229 ) ;
#1398 = DIRECTION ( 'NONE',  ( -0.8724479280923778113, -0.06643530534971169021, -0.4841703863005331065 ) ) ;
#1399 = CIRCLE ( 'NONE', #3417, 0.1968503937007865801 ) ;
#1400 = EDGE_CURVE ( 'NONE', #740, #184, #2044, .T. ) ;
#1401 = VERTEX_POINT ( 'NONE', #457 ) ;
#1402 = LINE ( 'NONE', #177, #902 ) ;
#1403 = DIRECTION ( 'NONE',  ( -0.4813818453556409915, -0.05406668479067299610, 0.8748418786030671690 ) ) ;
#1404 = VECTOR ( 'NONE', #3456, 39.37007874015748854 ) ;
#1405 = EDGE_CURVE ( 'NONE', #564, #3722, #1728, .T. ) ;
#1406 = VERTEX_POINT ( 'NONE', #3050 ) ;
#1407 = CIRCLE ( 'NONE', #3351, 0.07874015748031958084 ) ;
#1408 = DIRECTION ( 'NONE',  ( -0.8724479280923818081, -0.06643530534973238200, -0.4841703863005232811 ) ) ;
#1409 = LINE ( 'NONE', #2016, #2004 ) ;
#1410 = LINE ( 'NONE', #1391, #1223 ) ;
#1411 = ORIENTED_EDGE ( 'NONE', *, *, #4107, .T. ) ;
#1412 = EDGE_CURVE ( 'NONE', #956, #1519, #173, .T. ) ;
#1413 = ORIENTED_EDGE ( 'NONE', *, *, #535, .T. ) ;
#1414 = FACE_BOUND ( 'NONE', #2368, .T. ) ;
#1415 = CARTESIAN_POINT ( 'NONE',  ( -6.699640371932775729, -17.68892536662889725, 15.17056578257749955 ) ) ;
#1416 = AXIS2_PLACEMENT_3D ( 'NONE', #3490, #904, #2170 ) ;
#1417 = DIRECTION ( 'NONE',  ( 0.8724479280923782554, 0.06643530534971590906, 0.4841703863005321073 ) ) ;
#1418 = DIRECTION ( 'NONE',  ( -0.8724479280923781443, -0.06643530534971560375, -0.4841703863005320518 ) ) ;
#1419 = AXIS2_PLACEMENT_3D ( 'NONE', #1338, #2617, #3872 ) ;
#1420 = DIRECTION ( 'NONE',  ( -0.08429787530006330187, 0.9963248183966529892, 0.01518961707124870213 ) ) ;
#1421 = VECTOR ( 'NONE', #2101, 39.37007874015748854 ) ;
#1422 = AXIS2_PLACEMENT_3D ( 'NONE', #3917, #2535, #1958 ) ;
#1423 = EDGE_CURVE ( 'NONE', #2382, #1304, #1303, .T. ) ;
#1424 = VECTOR ( 'NONE', #2012, 39.37007874015748854 ) ;
#1425 = ORIENTED_EDGE ( 'NONE', *, *, #3593, .F. ) ;
#1426 = DIRECTION ( 'NONE',  ( -0.4813818453556411026, -0.05406668479067311406, 0.8748418786030672800 ) ) ;
#1427 = DIRECTION ( 'NONE',  ( -0.7944506107667852479, 0.4485759451770152673, -0.4094238005549132309 ) ) ;
#1428 = ORIENTED_EDGE ( 'NONE', *, *, #2433, .F. ) ;
#1429 = AXIS2_PLACEMENT_3D ( 'NONE', #3240, #1672, #1696 ) ;
#1430 = AXIS2_PLACEMENT_3D ( 'NONE', #3237, #2603, #17 ) ;
#1431 = EDGE_LOOP ( 'NONE', ( #3154, #1814, #629, #1881, #3684, #3200, #3738 ) ) ;
#1432 = DIRECTION ( 'NONE',  ( -0.08429787529696035342, 0.9963248183968895777, 0.01518961707297071008 ) ) ;
#1433 = ORIENTED_EDGE ( 'NONE', *, *, #446, .T. ) ;
#1434 = ADVANCED_FACE ( 'NONE', ( #2519 ), #2175, .T. ) ;
#1435 = CARTESIAN_POINT ( 'NONE',  ( -6.591778917702007412, -18.96375042956728407, 15.15113024870940706 ) ) ;
#1436 = FACE_OUTER_BOUND ( 'NONE', #1556, .T. ) ;
#1437 = ORIENTED_EDGE ( 'NONE', *, *, #3190, .T. ) ;
#1438 = VERTEX_POINT ( 'NONE', #4105 ) ;
#1439 = DIRECTION ( 'NONE',  ( -0.4813818453556411026, -0.05406668479067311406, 0.8748418786030672800 ) ) ;
#1440 = DIRECTION ( 'NONE',  ( 0.8724479280923782554, 0.06643530534971589518, 0.4841703863005320518 ) ) ;
#1441 = CARTESIAN_POINT ( 'NONE',  ( -6.303995553637559368, -19.11124142243318857, 15.95383086871640010 ) ) ;
#1442 = CYLINDRICAL_SURFACE ( 'NONE', #4018, 0.02559055118110303492 ) ;
#1443 = ORIENTED_EDGE ( 'NONE', *, *, #993, .T. ) ;
#1444 = CARTESIAN_POINT ( 'NONE',  ( -7.467497547249625889, -18.57081859763889753, 16.26863759651010000 ) ) ;
#1445 = ORIENTED_EDGE ( 'NONE', *, *, #1684, .T. ) ;
#1446 = ORIENTED_EDGE ( 'NONE', *, *, #1249, .T. ) ;
#1447 = DIRECTION ( 'NONE',  ( -0.4813818453556409915, -0.05406668479067299610, 0.8748418786030671690 ) ) ;
#1448 = PLANE ( 'NONE',  #1758 ) ;
#1449 = EDGE_CURVE ( 'NONE', #2723, #2132, #4089, .T. ) ;
#1450 = ORIENTED_EDGE ( 'NONE', *, *, #2261, .F. ) ;
#1451 = ORIENTED_EDGE ( 'NONE', *, *, #1459, .F. ) ;
#1452 = CARTESIAN_POINT ( 'NONE',  ( -6.210449247019297125, -17.80249846109747125, 15.08845506248509771 ) ) ;
#1453 = EDGE_LOOP ( 'NONE', ( #2178, #1597, #1326, #1616 ) ) ;
#1454 = CARTESIAN_POINT ( 'NONE',  ( -6.188238373660019498, -17.79919634453130328, 14.99512478036649554 ) ) ;
#1455 = DIRECTION ( 'NONE',  ( -0.1771127073163157595, -0.5823694285241365343, -0.7933958265755848283 ) ) ;
#1456 = ORIENTED_EDGE ( 'NONE', *, *, #452, .F. ) ;
#1457 = ORIENTED_EDGE ( 'NONE', *, *, #4077, .T. ) ;
#1458 = EDGE_CURVE ( 'NONE', #1514, #2255, #3437, .T. ) ;
#1459 = EDGE_CURVE ( 'NONE', #1131, #564, #3777, .T. ) ;
#1460 = CYLINDRICAL_SURFACE ( 'NONE', #1022, 0.02559055118110303492 ) ;
#1461 = CARTESIAN_POINT ( 'NONE',  ( -6.776621884322165279, -17.69136013398700769, 14.90304368319419304 ) ) ;
#1462 = EDGE_CURVE ( 'NONE', #1304, #2940, #1698, .T. ) ;
#1463 = CARTESIAN_POINT ( 'NONE',  ( -8.184923722510433208, -19.13647396838818793, 17.63901564098220476 ) ) ;
#1464 = DIRECTION ( 'NONE',  ( 0.08429787499880314616, -0.9963248184195934165, -0.01518961723843479175 ) ) ;
#1465 = ORIENTED_EDGE ( 'NONE', *, *, #1870, .F. ) ;
#1466 = DIRECTION ( 'NONE',  ( -0.8724479280923843616, -0.06643530534972065527, -0.4841703863005206165 ) ) ;
#1467 = DIRECTION ( 'NONE',  ( -0.4813818453556189536, -0.05406668479069653976, 0.8748418786030779382 ) ) ;
#1468 = ORIENTED_EDGE ( 'NONE', *, *, #175, .T. ) ;
#1469 = CIRCLE ( 'NONE', #3990, 0.1181102362204727446 ) ;
#1470 = VERTEX_POINT ( 'NONE', #3135 ) ;
#1471 = EDGE_CURVE ( 'NONE', #1258, #2877, #3459, .T. ) ;
#1472 = FACE_OUTER_BOUND ( 'NONE', #638, .T. ) ;
#1473 = AXIS2_PLACEMENT_3D ( 'NONE', #563, #1841, #248 ) ;
#1474 = ORIENTED_EDGE ( 'NONE', *, *, #651, .F. ) ;
#1475 = DIRECTION ( 'NONE',  ( -0.8724479280923818081, -0.06643530534973238200, -0.4841703863005232811 ) ) ;
#1476 = ORIENTED_EDGE ( 'NONE', *, *, #3482, .F. ) ;
#1477 = LINE ( 'NONE', #3786, #3026 ) ;
#1478 = EDGE_LOOP ( 'NONE', ( #3843, #3092, #3923, #540 ) ) ;
#1479 = CIRCLE ( 'NONE', #1013, 0.1309055118110285798 ) ;
#1480 = ORIENTED_EDGE ( 'NONE', *, *, #2677, .F. ) ;
#1481 = DIRECTION ( 'NONE',  ( -0.2807807681397961330, -0.7427389548207048442, 0.6078659434732901490 ) ) ;
#1482 = DIRECTION ( 'NONE',  ( -0.8724479280923818081, -0.06643530534973238200, -0.4841703863005232811 ) ) ;
#1483 = DIRECTION ( 'NONE',  ( 0.1773339225541095687, 0.000000000000000000, 0.9841507404415104077 ) ) ;
#1484 = DIRECTION ( 'NONE',  ( -0.4813818453556188981, -0.05406668479069649119, 0.8748418786030778271 ) ) ;
#1485 = EDGE_CURVE ( 'NONE', #3071, #1142, #1560, .T. ) ;
#1486 = EDGE_CURVE ( 'NONE', #2409, #2945, #3088, .T. ) ;
#1487 = ORIENTED_EDGE ( 'NONE', *, *, #4024, .F. ) ;
#1488 = AXIS2_PLACEMENT_3D ( 'NONE', #414, #1118, #3626 ) ;
#1489 = AXIS2_PLACEMENT_3D ( 'NONE', #160, #3939, #3319 ) ;
#1490 = FACE_OUTER_BOUND ( 'NONE', #176, .T. ) ;
#1491 = CARTESIAN_POINT ( 'NONE',  ( -6.430997510464665723, -18.10932227696200769, 14.84238023811909279 ) ) ;
#1492 = VECTOR ( 'NONE', #4078, 39.37007874015748854 ) ;
#1493 = AXIS2_PLACEMENT_3D ( 'NONE', #3863, #2908, #2245 ) ;
#1494 = ORIENTED_EDGE ( 'NONE', *, *, #2374, .T. ) ;
#1495 = DIRECTION ( 'NONE',  ( -0.8724479280923782554, -0.06643530534971590906, -0.4841703863005321073 ) ) ;
#1496 = VECTOR ( 'NONE', #4068, 39.37007874015748854 ) ;
#1497 = AXIS2_PLACEMENT_3D ( 'NONE', #721, #1948, #400 ) ;
#1498 = EDGE_LOOP ( 'NONE', ( #4019, #3462, #2802, #1718 ) ) ;
#1499 = CARTESIAN_POINT ( 'NONE',  ( -6.430997510464665723, -18.10932227696200769, 14.84238023811909279 ) ) ;
#1500 = EDGE_LOOP ( 'NONE', ( #124, #920, #3915, #2494 ) ) ;
#1501 = CARTESIAN_POINT ( 'NONE',  ( -6.207923113641022894, -18.05556835126590443, 14.96844903300529595 ) ) ;
#1502 = ORIENTED_EDGE ( 'NONE', *, *, #2126, .T. ) ;
#1503 = AXIS2_PLACEMENT_3D ( 'NONE', #3953, #486, #1398 ) ;
#1504 = ORIENTED_EDGE ( 'NONE', *, *, #3593, .T. ) ;
#1505 = DIRECTION ( 'NONE',  ( 0.9573022133773335662, 0.08520777437476277638, -0.2762464614234134697 ) ) ;
#1506 = DIRECTION ( 'NONE',  ( 0.4813818453556411026, 0.05406668479067321120, -0.8748418786030672800 ) ) ;
#1507 = LINE ( 'NONE', #2876, #3231 ) ;
#1508 = ADVANCED_FACE ( 'NONE', ( #2773 ), #3734, .F. ) ;
#1509 = CYLINDRICAL_SURFACE ( 'NONE', #896, 0.1181102362204731610 ) ;
#1510 = DIRECTION ( 'NONE',  ( 0.08429787499881302715, -0.9963248184195923063, -0.01518961723845790347 ) ) ;
#1511 = EDGE_CURVE ( 'NONE', #358, #2723, #2218, .T. ) ;
#1512 = ORIENTED_EDGE ( 'NONE', *, *, #2008, .F. ) ;
#1513 = DIRECTION ( 'NONE',  ( -0.08429787499880735113, 0.9963248184195931945, 0.01518961723843521155 ) ) ;
#1514 = VERTEX_POINT ( 'NONE', #213 ) ;
#1515 = DIRECTION ( 'NONE',  ( -0.4813818453556411026, -0.05406668479067321120, 0.8748418786030672800 ) ) ;
#1516 = VERTEX_POINT ( 'NONE', #303 ) ;
#1517 = ORIENTED_EDGE ( 'NONE', *, *, #597, .F. ) ;
#1518 = DIRECTION ( 'NONE',  ( 0.08429787499881304103, -0.9963248184195923063, -0.01518961723845793123 ) ) ;
#1519 = VERTEX_POINT ( 'NONE', #1265 ) ;
#1520 = DIRECTION ( 'NONE',  ( -0.4813818453556408805, -0.05406668479068088562, 0.8748418786030668359 ) ) ;
#1521 = ORIENTED_EDGE ( 'NONE', *, *, #2593, .F. ) ;
#1522 = CARTESIAN_POINT ( 'NONE',  ( -6.197723329321493502, -17.86616264532112908, 14.98576705351769078 ) ) ;
#1523 = ORIENTED_EDGE ( 'NONE', *, *, #3067, .T. ) ;
#1524 = CARTESIAN_POINT ( 'NONE',  ( -6.232775670376003774, -17.80419857717921417, 15.07606487543409557 ) ) ;
#1525 = DIRECTION ( 'NONE',  ( -0.4813818453556411026, -0.05406668479067311406, 0.8748418786030672800 ) ) ;
#1526 = CARTESIAN_POINT ( 'NONE',  ( -6.663203016873378459, -18.58403669862052610, 14.91028353039657972 ) ) ;
#1527 = CARTESIAN_POINT ( 'NONE',  ( -6.409385915880259077, -18.23006156606107453, 14.84681013144189521 ) ) ;
#1528 = VERTEX_POINT ( 'NONE', #551 ) ;
#1529 = ADVANCED_FACE ( 'NONE', ( #3156 ), #2110, .T. ) ;
#1530 = FACE_OUTER_BOUND ( 'NONE', #606, .T. ) ;
#1531 = DIRECTION ( 'NONE',  ( -0.4813818453556408805, -0.05406668479068088562, 0.8748418786030668359 ) ) ;
#1532 = ORIENTED_EDGE ( 'NONE', *, *, #2403, .F. ) ;
#1533 = DIRECTION ( 'NONE',  ( 0.000000000000000000, 0.01524387613414885691, -0.9998838053696074146 ) ) ;
#1534 = CARTESIAN_POINT ( 'NONE',  ( -7.381265663253425480, -18.39777168383141870, 15.76424993668850583 ) ) ;
#1535 = DIRECTION ( 'NONE',  ( -0.4813818453556418797, -0.05406668479067248262, 0.8748418786030668359 ) ) ;
#1536 = ORIENTED_EDGE ( 'NONE', *, *, #3195, .T. ) ;
#1537 = DIRECTION ( 'NONE',  ( -0.8303033849598177030, 0.5056565456694190885, 0.2343240208470725727 ) ) ;
#1538 = VERTEX_POINT ( 'NONE', #3396 ) ;
#1539 = CARTESIAN_POINT ( 'NONE',  ( -6.274072005055632673, -17.93983129484077921, 15.04495923468560470 ) ) ;
#1540 = CIRCLE ( 'NONE', #2001, 0.1181102362204726197 ) ;
#1541 = ADVANCED_FACE ( 'NONE', ( #239 ), #1509, .T. ) ;
#1542 = AXIS2_PLACEMENT_3D ( 'NONE', #1773, #431, #3942 ) ;
#1543 = ORIENTED_EDGE ( 'NONE', *, *, #1363, .T. ) ;
#1544 = CARTESIAN_POINT ( 'NONE',  ( -7.223150351539979752, -17.72536245610511685, 14.65523994239169170 ) ) ;
#1545 = CARTESIAN_POINT ( 'NONE',  ( -6.369596769553129256, -17.67545985817220355, 16.11897375384850406 ) ) ;
#1546 = LINE ( 'NONE', #926, #2549 ) ;
#1547 = CARTESIAN_POINT ( 'NONE',  ( -6.865123964467106710, -17.41884210838110292, 14.78118245483330639 ) ) ;
#1548 = VECTOR ( 'NONE', #2250, 39.37007874015748143 ) ;
#1549 = ORIENTED_EDGE ( 'NONE', *, *, #1937, .F. ) ;
#1550 = ORIENTED_EDGE ( 'NONE', *, *, #33, .F. ) ;
#1551 = ORIENTED_EDGE ( 'NONE', *, *, #2404, .F. ) ;
#1552 = SECURITY_CLASSIFICATION ( '', '', #2947 ) ;
#1553 = CARTESIAN_POINT ( 'NONE',  ( -6.705222810122855037, -17.40460958986059126, 14.73504015259289446 ) ) ;
#1554 = CARTESIAN_POINT ( 'NONE',  ( -6.577253835480314947, -18.44500374879531535, 14.96616954524710685 ) ) ;
#1555 = CIRCLE ( 'NONE', #2897, 0.1181102362204727446 ) ;
#1556 = EDGE_LOOP ( 'NONE', ( #107, #3205, #3763, #2995 ) ) ;
#1557 = DIRECTION ( 'NONE',  ( -0.8724479280923896907, -0.06643530534971456292, -0.4841703863005117903 ) ) ;
#1558 = LINE ( 'NONE', #2479, #3503 ) ;
#1559 = EDGE_CURVE ( 'NONE', #3220, #159, #2794, .T. ) ;
#1560 = CIRCLE ( 'NONE', #1895, 0.02559055118110303492 ) ;
#1561 = VECTOR ( 'NONE', #172, 39.37007874015748854 ) ;
#1562 = PLANE ( 'NONE',  #1901 ) ;
#1563 = ORIENTED_EDGE ( 'NONE', *, *, #3116, .F. ) ;
#1564 = DIRECTION ( 'NONE',  ( -0.4813818453556222843, -0.05406668479068793554, 0.8748418786030767169 ) ) ;
#1565 = AXIS2_PLACEMENT_3D ( 'NONE', #1792, #288, #1837 ) ;
#1566 = AXIS2_PLACEMENT_3D ( 'NONE', #442, #822, #779 ) ;
#1567 = CIRCLE ( 'NONE', #1761, 0.1574803149606293640 ) ;
#1568 = ORIENTED_EDGE ( 'NONE', *, *, #1485, .T. ) ;
#1569 = LINE ( 'NONE', #4098, #151 ) ;
#1570 = ADVANCED_FACE ( 'NONE', ( #576 ), #2452, .F. ) ;
#1571 = DIRECTION ( 'NONE',  ( -0.8724479280923781443, -0.06643530534971589518, -0.4841703863005320518 ) ) ;
#1572 = CYLINDRICAL_SURFACE ( 'NONE', #3596, 0.02559055118110303492 ) ;
#1573 = DIRECTION ( 'NONE',  ( -0.1116138014217925439, 0.9937516587821006997, 0.000000000000000000 ) ) ;
#1574 = VECTOR ( 'NONE', #3794, 39.37007874015748854 ) ;
#1575 = VECTOR ( 'NONE', #1200, 39.37007874015748854 ) ;
#1576 = VERTEX_POINT ( 'NONE', #1224 ) ;
#1577 = DIRECTION ( 'NONE',  ( -0.8724479280923818081, -0.06643530534973238200, -0.4841703863005232811 ) ) ;
#1578 = DIRECTION ( 'NONE',  ( -0.8724479280923818081, -0.06643530534973238200, -0.4841703863005232811 ) ) ;
#1579 = ORIENTED_EDGE ( 'NONE', *, *, #1833, .F. ) ;
#1580 = DIRECTION ( 'NONE',  ( -0.2807807681398010180, -0.7427389548207067316, 0.6078659434732853750 ) ) ;
#1581 = DIRECTION ( 'NONE',  ( -0.08429787529695621784, 0.9963248183968897997, 0.01518961707297469994 ) ) ;
#1582 = DIRECTION ( 'NONE',  ( 0.4813818453556189536, 0.05406668479069660221, -0.8748418786030779382 ) ) ;
#1583 = ADVANCED_FACE ( 'NONE', ( #1530 ), #2814, .T. ) ;
#1584 = CARTESIAN_POINT ( 'NONE',  ( -7.791099091546751509, -18.44131778317570891, 16.34609296974980452 ) ) ;
#1585 = ORIENTED_EDGE ( 'NONE', *, *, #1183, .F. ) ;
#1586 = PLANE ( 'NONE',  #360 ) ;
#1587 = VERTEX_POINT ( 'NONE', #1632 ) ;
#1588 = CARTESIAN_POINT ( 'NONE',  ( -6.549357349650720472, -18.44106304932402907, 14.86250648481021130 ) ) ;
#1589 = DIRECTION ( 'NONE',  ( 0.000000000000000000, -0.9980957303041232409, -0.06168397805491212388 ) ) ;
#1590 = DIRECTION ( 'NONE',  ( -0.08429787529695621784, 0.9963248183968897997, 0.01518961707297469994 ) ) ;
#1591 = VERTEX_POINT ( 'NONE', #2643 ) ;
#1592 = ORIENTED_EDGE ( 'NONE', *, *, #527, .F. ) ;
#1593 = ADVANCED_FACE ( 'NONE', ( #381 ), #2559, .T. ) ;
#1594 = FACE_OUTER_BOUND ( 'NONE', #838, .T. ) ;
#1595 = DIRECTION ( 'NONE',  ( 0.5573062471350025415, 0.7514848902919353257, 0.3531008447557403285 ) ) ;
#1596 = ADVANCED_FACE ( 'NONE', ( #717 ), #663, .F. ) ;
#1597 = ORIENTED_EDGE ( 'NONE', *, *, #192, .F. ) ;
#1598 = CARTESIAN_POINT ( 'NONE',  ( -6.115015109964790696, -17.59649921048237431, 15.15369880418450776 ) ) ;
#1599 = VERTEX_POINT ( 'NONE', #396 ) ;
#1600 = CARTESIAN_POINT ( 'NONE',  ( -6.134100571285154402, -17.72882981157782112, 15.02926288131729748 ) ) ;
#1601 =( BOUNDED_CURVE ( )  B_SPLINE_CURVE ( 3, ( #2727, #3016, #171, #3395 ),
 .UNSPECIFIED., .F., .T. ) 
 B_SPLINE_CURVE_WITH_KNOTS ( ( 4, 4 ),
 ( 3.926990816987175226, 4.712388980384650594 ),
 .UNSPECIFIED. ) 
 CURVE ( )  GEOMETRIC_REPRESENTATION_ITEM ( )  RATIONAL_B_SPLINE_CURVE ( ( 1.000000000000000000, 0.9492530216741876803, 0.9492530216741876803, 1.000000000000000000 ) ) 
 REPRESENTATION_ITEM ( '' )  );
#1602 = DIRECTION ( 'NONE',  ( -0.8724479280923769231, -0.06643530534972112711, -0.4841703863005333841 ) ) ;
#1603 = EDGE_LOOP ( 'NONE', ( #3429, #2902 ) ) ;
#1604 = FACE_OUTER_BOUND ( 'NONE', #2829, .T. ) ;
#1605 = CARTESIAN_POINT ( 'NONE',  ( -6.197049398169223622, -17.67080644290712854, 15.22322376367061914 ) ) ;
#1606 = DIRECTION ( 'NONE',  ( -0.4813818453556409915, -0.05406668479067299610, 0.8748418786030671690 ) ) ;
#1607 = FACE_OUTER_BOUND ( 'NONE', #3149, .T. ) ;
#1608 = FACE_OUTER_BOUND ( 'NONE', #1273, .T. ) ;
#1609 = LINE ( 'NONE', #2211, #2020 ) ;
#1610 = DIRECTION ( 'NONE',  ( 0.7329645833144812217, 0.6448002585602838899, -0.2167845616440895462 ) ) ;
#1611 = AXIS2_PLACEMENT_3D ( 'NONE', #3365, #3301, #1072 ) ;
#1612 = AXIS2_PLACEMENT_3D ( 'NONE', #864, #572, #275 ) ;
#1613 = EDGE_LOOP ( 'NONE', ( #3418, #3787, #1446, #1099 ) ) ;
#1614 = CARTESIAN_POINT ( 'NONE',  ( -7.462750613079823125, -18.56531627822279518, 15.93407083923669276 ) ) ;
#1615 = EDGE_CURVE ( 'NONE', #923, #3704, #2756, .T. ) ;
#1616 = ORIENTED_EDGE ( 'NONE', *, *, #3529, .T. ) ;
#1617 = DIRECTION ( 'NONE',  ( -0.4813818453556409915, -0.05406668479067299610, 0.8748418786030671690 ) ) ;
#1618 = CIRCLE ( 'NONE', #1015, 0.02559055118110303492 ) ;
#1619 = FACE_OUTER_BOUND ( 'NONE', #2174, .T. ) ;
#1620 = EDGE_CURVE ( 'NONE', #461, #1055, #3508, .T. ) ;
#1621 = PERSON_AND_ORGANIZATION ( #2673, #1951 ) ;
#1622 = VECTOR ( 'NONE', #128, 39.37007874015748854 ) ;
#1623 = FACE_BOUND ( 'NONE', #2772, .T. ) ;
#1624 = CIRCLE ( 'NONE', #3937, 0.1181102362204726197 ) ;
#1625 = CARTESIAN_POINT ( 'NONE',  ( -7.443517023783032371, -17.51703595406450731, 18.01205120456492281 ) ) ;
#1626 = PLANE ( 'NONE',  #1006 ) ;
#1627 = DIRECTION ( 'NONE',  ( -0.8724479280923818081, -0.06643530534973238200, -0.4841703863005232811 ) ) ;
#1628 = EDGE_LOOP ( 'NONE', ( #3124, #3486, #2104, #1949, #801, #1289, #2564, #2823, #3458, #75, #1425, #3784 ) ) ;
#1629 = AXIS2_PLACEMENT_3D ( 'NONE', #862, #1481, #2768 ) ;
#1630 = ORIENTED_EDGE ( 'NONE', *, *, #1100, .F. ) ;
#1631 = CIRCLE ( 'NONE', #3821, 0.07874015748031573669 ) ;
#1632 = CARTESIAN_POINT ( 'NONE',  ( -7.407329182019497082, -18.40318360507808393, 15.97458655728378929 ) ) ;
#1633 = AXIS2_PLACEMENT_3D ( 'NONE', #2436, #2116, #3402 ) ;
#1634 = EDGE_CURVE ( 'NONE', #226, #2447, #631, .T. ) ;
#1635 = CARTESIAN_POINT ( 'NONE',  ( -5.346562943979189519, -19.02358347543228234, 15.51759514428230524 ) ) ;
#1636 = CIRCLE ( 'NONE', #100, 0.1181102362204727446 ) ;
#1637 = CIRCLE ( 'NONE', #843, 0.1181102362204723283 ) ;
#1638 = ORIENTED_EDGE ( 'NONE', *, *, #1734, .T. ) ;
#1639 = DIRECTION ( 'NONE',  ( -0.8724479280923769231, -0.06643530534972112711, -0.4841703863005333841 ) ) ;
#1640 = ORIENTED_EDGE ( 'NONE', *, *, #3225, .F. ) ;
#1641 = CARTESIAN_POINT ( 'NONE',  ( -7.454952781505117976, -18.24889762260921344, 15.95791679675009789 ) ) ;
#1642 = ADVANCED_FACE ( 'NONE', ( #1594 ), #2253, .T. ) ;
#1643 = ORIENTED_EDGE ( 'NONE', *, *, #813, .F. ) ;
#1644 = DIRECTION ( 'NONE',  ( -0.4813818453556411026, -0.05406668479067311406, 0.8748418786030672800 ) ) ;
#1645 = PERSON_AND_ORGANIZATION ( #2673, #1951 ) ;
#1646 = PLANE ( 'NONE',  #1358 ) ;
#1647 = CARTESIAN_POINT ( 'NONE',  ( -6.030318243618871143, -17.63553429738996670, 15.38305212514726250 ) ) ;
#1648 = FACE_OUTER_BOUND ( 'NONE', #2931, .T. ) ;
#1649 = ORIENTED_EDGE ( 'NONE', *, *, #2149, .F. ) ;
#1650 = CARTESIAN_POINT ( 'NONE',  ( -7.484505523720292430, -17.60881727747612047, 18.11883256344187387 ) ) ;
#1651 = CARTESIAN_POINT ( 'NONE',  ( -7.381265663253425480, -18.39777168383141870, 15.76424993668850583 ) ) ;
#1652 = EDGE_CURVE ( 'NONE', #1599, #3717, #2969, .T. ) ;
#1653 = ORIENTED_EDGE ( 'NONE', *, *, #2271, .F. ) ;
#1654 = CARTESIAN_POINT ( 'NONE',  ( -6.523116033105429423, -18.37463721584182963, 15.00030764619789636 ) ) ;
#1655 = EDGE_LOOP ( 'NONE', ( #2849, #2599, #4025, #1738 ) ) ;
#1656 = FACE_OUTER_BOUND ( 'NONE', #3, .T. ) ;
#1657 = CARTESIAN_POINT ( 'NONE',  ( -6.497018711962971871, -18.95310738091169256, 14.97891728048759852 ) ) ;
#1658 = PERSON_AND_ORGANIZATION_ROLE ( 'design_supplier' ) ;
#1659 = EDGE_LOOP ( 'NONE', ( #3013, #2308, #1913, #3544, #315, #1283 ) ) ;
#1660 = DIRECTION ( 'NONE',  ( -0.4813818453556411026, -0.05406668479067311406, 0.8748418786030672800 ) ) ;
#1661 = CARTESIAN_POINT ( 'NONE',  ( -6.232775670376003774, -17.80419857717921417, 15.07606487543409557 ) ) ;
#1662 = CARTESIAN_POINT ( 'NONE',  ( -6.124003355557756656, -17.64166443314870136, 15.26521838183260016 ) ) ;
#1663 = EDGE_CURVE ( 'NONE', #1528, #1401, #1609, .T. ) ;
#1664 = VERTEX_POINT ( 'NONE', #1023 ) ;
#1665 = DIRECTION ( 'NONE',  ( -0.4813818453556411026, -0.05406668479067311406, 0.8748418786030672800 ) ) ;
#1666 = DIRECTION ( 'NONE',  ( 0.8724479280923781443, 0.06643530534971589518, 0.4841703863005320518 ) ) ;
#1667 = VECTOR ( 'NONE', #3992, 39.37007874015748854 ) ;
#1668 = ORIENTED_EDGE ( 'NONE', *, *, #2766, .F. ) ;
#1669 = CIRCLE ( 'NONE', #1282, 0.02559055118110303492 ) ;
#1670 = CARTESIAN_POINT ( 'NONE',  ( -7.636188368009428906, -18.27298007702630045, 16.53174118014200999 ) ) ;
#1671 = VERTEX_POINT ( 'NONE', #3234 ) ;
#1672 = DIRECTION ( 'NONE',  ( -0.08429787499881304103, 0.9963248184195923063, 0.01518961723845788266 ) ) ;
#1673 = ORIENTED_EDGE ( 'NONE', *, *, #1471, .T. ) ;
#1674 = EDGE_CURVE ( 'NONE', #3400, #1975, #3494, .T. ) ;
#1675 = CIRCLE ( 'NONE', #2896, 0.07874015748031573669 ) ;
#1676 = VERTEX_POINT ( 'NONE', #13 ) ;
#1677 = CARTESIAN_POINT ( 'NONE',  ( -5.964983703025435346, -17.38498669326264690, 15.27857705931224785 ) ) ;
#1678 = EDGE_CURVE ( 'NONE', #3079, #826, #1171, .T. ) ;
#1679 = DIRECTION ( 'NONE',  ( -0.4813818453556411026, -0.05406668479067331529, 0.8748418786030672800 ) ) ;
#1680 = DIRECTION ( 'NONE',  ( 0.08429787499879778934, -0.9963248184195937496, -0.01518961723845344697 ) ) ;
#1681 = CARTESIAN_POINT ( 'NONE',  ( -6.617451658129507308, -19.12035931393389987, 14.81230757368710726 ) ) ;
#1682 = CIRCLE ( 'NONE', #2152, 0.1309055118110285798 ) ;
#1683 = VERTEX_POINT ( 'NONE', #1985 ) ;
#1684 = EDGE_CURVE ( 'NONE', #1516, #3220, #2898, .T. ) ;
#1685 = VECTOR ( 'NONE', #697, 39.37007874015748854 ) ;
#1686 = CIRCLE ( 'NONE', #4009, 0.1181102362204727446 ) ;
#1687 = LINE ( 'NONE', #191, #3242 ) ;
#1688 = PLANE ( 'NONE',  #1731 ) ;
#1689 = AXIS2_PLACEMENT_3D ( 'NONE', #981, #3526, #3228 ) ;
#1690 = VECTOR ( 'NONE', #4000, 39.37007874015748854 ) ;
#1691 = EDGE_CURVE ( 'NONE', #1587, #3033, #2349, .T. ) ;
#1692 = CARTESIAN_POINT ( 'NONE',  ( -6.047021843084409376, -17.63922966530820702, 15.53274048099840599 ) ) ;
#1693 = VECTOR ( 'NONE', #3740, 39.37007874015748854 ) ;
#1694 = VECTOR ( 'NONE', #3899, 39.37007874015748854 ) ;
#1695 = FACE_OUTER_BOUND ( 'NONE', #3725, .T. ) ;
#1696 = DIRECTION ( 'NONE',  ( 0.1773339250328389016, 0.000000000000000000, 0.9841507399948685730 ) ) ;
#1697 = AXIS2_PLACEMENT_3D ( 'NONE', #698, #3257, #2238 ) ;
#1698 = CIRCLE ( 'NONE', #1956, 0.02559055118110303492 ) ;
#1699 = VERTEX_POINT ( 'NONE', #70 ) ;
#1700 = CYLINDRICAL_SURFACE ( 'NONE', #2704, 0.07874015748031790163 ) ;
#1701 = FACE_OUTER_BOUND ( 'NONE', #2373, .T. ) ;
#1702 = ADVANCED_FACE ( 'NONE', ( #2583 ), #679, .F. ) ;
#1703 = EDGE_CURVE ( 'NONE', #2221, #3656, #56, .T. ) ;
#1704 = LINE ( 'NONE', #3298, #419 ) ;
#1705 = DIRECTION ( 'NONE',  ( 0.2772547803742775319, 0.000000000000000000, 0.9607964335693649494 ) ) ;
#1706 = CARTESIAN_POINT ( 'NONE',  ( -6.078762790247362879, -17.64210357104678906, 15.17082822190299396 ) ) ;
#1707 = ORIENTED_EDGE ( 'NONE', *, *, #1994, .T. ) ;
#1708 = FACE_OUTER_BOUND ( 'NONE', #976, .T. ) ;
#1709 = DIRECTION ( 'NONE',  ( 0.4813818453556188981, 0.05406668479069649119, -0.8748418786030778271 ) ) ;
#1710 = FACE_OUTER_BOUND ( 'NONE', #3030, .T. ) ;
#1711 = CARTESIAN_POINT ( 'NONE',  ( -5.839280318522936497, -19.05904665776401785, 15.10927814362811183 ) ) ;
#1712 = EDGE_LOOP ( 'NONE', ( #2159, #2124, #4007, #186 ) ) ;
#1713 = CARTESIAN_POINT ( 'NONE',  ( -6.752122491661063819, -17.52867157842869972, 14.83657388425009849 ) ) ;
#1714 = EDGE_CURVE ( 'NONE', #1671, #2439, #1294, .T. ) ;
#1715 = ORIENTED_EDGE ( 'NONE', *, *, #2247, .T. ) ;
#1716 = DIRECTION ( 'NONE',  ( 0.1773339250325939587, 0.000000000000000000, 0.9841507399949127599 ) ) ;
#1717 = CARTESIAN_POINT ( 'NONE',  ( -6.346621337598602253, -17.94717222647559041, 15.12384192102049063 ) ) ;
#1718 = ORIENTED_EDGE ( 'NONE', *, *, #2682, .F. ) ;
#1719 = CARTESIAN_POINT ( 'NONE',  ( -7.773581742512164716, -18.28344232983720730, 16.45549387521279527 ) ) ;
#1720 = DIRECTION ( 'NONE',  ( -0.4813818453556409915, -0.05406668479067310712, 0.8748418786030671690 ) ) ;
#1721 = LINE ( 'NONE', #1097, #2959 ) ;
#1722 = ORIENTED_EDGE ( 'NONE', *, *, #2560, .T. ) ;
#1723 = ORIENTED_EDGE ( 'NONE', *, *, #2868, .T. ) ;
#1724 = DIRECTION ( 'NONE',  ( 0.1773339250328389016, 0.000000000000000000, 0.9841507399948685730 ) ) ;
#1725 = DIRECTION ( 'NONE',  ( 0.4813818453556411026, 0.05406668479067309324, -0.8748418786030671690 ) ) ;
#1726 = ADVANCED_FACE ( 'NONE', ( #732, #2081, #2701, #1999, #3324, #3662, #2057, #1779, #1414, #1101, #3307, #454, #170 ), #3948, .T. ) ;
#1727 = DIRECTION ( 'NONE',  ( -0.8724479280923818081, -0.06643530534973238200, -0.4841703863005232811 ) ) ;
#1728 = LINE ( 'NONE', #3952, #3117 ) ;
#1729 = ORIENTED_EDGE ( 'NONE', *, *, #3310, .T. ) ;
#1730 = DIRECTION ( 'NONE',  ( -0.08429787499880314616, 0.9963248184195934165, 0.01518961723843479175 ) ) ;
#1731 = AXIS2_PLACEMENT_3D ( 'NONE', #3373, #1378, #3950 ) ;
#1732 = ORIENTED_EDGE ( 'NONE', *, *, #953, .T. ) ;
#1733 = VECTOR ( 'NONE', #3897, 39.37007874015748854 ) ;
#1734 = EDGE_CURVE ( 'NONE', #3661, #989, #2770, .T. ) ;
#1735 = ORIENTED_EDGE ( 'NONE', *, *, #3306, .F. ) ;
#1736 = SPHERICAL_SURFACE ( 'NONE', #500, 0.1181102362204724532 ) ;
#1737 = DIRECTION ( 'NONE',  ( -0.4813818453556411026, -0.05406668479067251037, 0.8748418786030672800 ) ) ;
#1738 = ORIENTED_EDGE ( 'NONE', *, *, #3148, .T. ) ;
#1739 = VERTEX_POINT ( 'NONE', #478 ) ;
#1740 = COORDINATED_UNIVERSAL_TIME_OFFSET ( 2, 0, .AHEAD. ) ;
#1741 = CIRCLE ( 'NONE', #687, 0.1181102362204713846 ) ;
#1742 = ORIENTED_EDGE ( 'NONE', *, *, #147, .F. ) ;
#1743 = AXIS2_PLACEMENT_3D ( 'NONE', #984, #3528, #3514 ) ;
#1744 = CYLINDRICAL_SURFACE ( 'NONE', #1489, 0.1968503937007879401 ) ;
#1745 = EDGE_LOOP ( 'NONE', ( #1190, #3652, #2215, #3582 ) ) ;
#1746 = CYLINDRICAL_SURFACE ( 'NONE', #1221, 0.02559055118110303492 ) ;
#1747 = CARTESIAN_POINT ( 'NONE',  ( -5.983907593983484929, -17.34968276260299191, 15.13533850347129928 ) ) ;
#1748 = CC_DESIGN_APPROVAL ( #2922, ( #3420 ) ) ;
#1749 = VERTEX_POINT ( 'NONE', #3643 ) ;
#1750 = ORIENTED_EDGE ( 'NONE', *, *, #3583, .F. ) ;
#1751 = FACE_OUTER_BOUND ( 'NONE', #2526, .T. ) ;
#1752 = DIRECTION ( 'NONE',  ( -0.8724479280923769231, -0.06643530534972112711, -0.4841703863005333841 ) ) ;
#1753 = AXIS2_PLACEMENT_3D ( 'NONE', #961, #333, #3807 ) ;
#1754 = LINE ( 'NONE', #3047, #1561 ) ;
#1755 = ADVANCED_FACE ( 'NONE', ( #1751 ), #817, .T. ) ;
#1756 = CARTESIAN_POINT ( 'NONE',  ( -6.102289192266985296, -17.66016339470611030, 15.05101079521710083 ) ) ;
#1757 = VERTEX_POINT ( 'NONE', #2315 ) ;
#1758 = AXIS2_PLACEMENT_3D ( 'NONE', #1491, #1427, #2384 ) ;
#1759 = DIRECTION ( 'NONE',  ( 0.8724479280923781443, 0.06643530534971589518, 0.4841703863005320518 ) ) ;
#1760 = VECTOR ( 'NONE', #2504, 39.37007874015748854 ) ;
#1761 = AXIS2_PLACEMENT_3D ( 'NONE', #1235, #2547, #2821 ) ;
#1762 = ORIENTED_EDGE ( 'NONE', *, *, #3645, .F. ) ;
#1763 = CARTESIAN_POINT ( 'NONE',  ( -7.513929951582323241, -18.41267195075850438, 16.00534809211071163 ) ) ;
#1764 = CARTESIAN_POINT ( 'NONE',  ( -7.678334543262834266, -18.59201429635921343, 16.48883339633519540 ) ) ;
#1765 = AXIS2_PLACEMENT_3D ( 'NONE', #1893, #1856, #263 ) ;
#1766 = ORIENTED_EDGE ( 'NONE', *, *, #102, .T. ) ;
#1767 = AXIS2_PLACEMENT_3D ( 'NONE', #2862, #3758, #1483 ) ;
#1768 = EDGE_CURVE ( 'NONE', #1319, #3532, #1687, .T. ) ;
#1769 = ADVANCED_FACE ( 'NONE', ( #3042 ), #1460, .F. ) ;
#1770 = ORIENTED_EDGE ( 'NONE', *, *, #2098, .F. ) ;
#1771 = CYLINDRICAL_SURFACE ( 'NONE', #833, 0.1181102362204735634 ) ;
#1772 = ORIENTED_EDGE ( 'NONE', *, *, #1249, .F. ) ;
#1773 = CARTESIAN_POINT ( 'NONE',  ( -6.656412556419684989, -18.35114353408751953, 16.72851349166710477 ) ) ;
#1774 = ORIENTED_EDGE ( 'NONE', *, *, #1141, .T. ) ;
#1775 = LINE ( 'NONE', #3922, #2009 ) ;
#1776 = EDGE_CURVE ( 'NONE', #4040, #1401, #827, .T. ) ;
#1777 = ORIENTED_EDGE ( 'NONE', *, *, #211, .F. ) ;
#1778 = ORIENTED_EDGE ( 'NONE', *, *, #3801, .F. ) ;
#1779 = FACE_BOUND ( 'NONE', #2662, .T. ) ;
#1780 = DIRECTION ( 'NONE',  ( 0.4813818453556189536, 0.05406668479069660221, -0.8748418786030779382 ) ) ;
#1781 = DIRECTION ( 'NONE',  ( 0.000000000000000000, 0.01524387629982640498, -0.9998838053670814352 ) ) ;
#1782 = CARTESIAN_POINT ( 'NONE',  ( -5.896136441990141641, -19.06543248667621882, 15.21260592456549077 ) ) ;
#1783 = EDGE_CURVE ( 'NONE', #1975, #834, #3584, .T. ) ;
#1784 = EDGE_CURVE ( 'NONE', #3442, #2457, #3296, .T. ) ;
#1785 = EDGE_LOOP ( 'NONE', ( #3258, #1984 ) ) ;
#1786 = DIRECTION ( 'NONE',  ( -0.6765214452375445386, 0.6575311804459635923, -0.3316194820498964968 ) ) ;
#1787 = PLANE ( 'NONE',  #3825 ) ;
#1788 = ORIENTED_EDGE ( 'NONE', *, *, #3482, .T. ) ;
#1789 = EDGE_CURVE ( 'NONE', #1228, #1587, #3816, .T. ) ;
#1790 = EDGE_LOOP ( 'NONE', ( #2205, #189, #3702, #3519 ) ) ;
#1791 = ORIENTED_EDGE ( 'NONE', *, *, #2635, .F. ) ;
#1792 = CARTESIAN_POINT ( 'NONE',  ( -5.346562943979189519, -19.02358347543228234, 15.51759514428230524 ) ) ;
#1793 = EDGE_LOOP ( 'NONE', ( #1018, #3785, #1236, #3767 ) ) ;
#1794 = CARTESIAN_POINT ( 'NONE',  ( -6.277339165460571024, -18.20540623756578924, 14.92099261155821033 ) ) ;
#1795 = ORIENTED_EDGE ( 'NONE', *, *, #2404, .T. ) ;
#1796 = CARTESIAN_POINT ( 'NONE',  ( -7.352665674258583195, -18.32721575806201031, 15.78434755765090713 ) ) ;
#1797 = EDGE_LOOP ( 'NONE', ( #4, #1005, #3323, #2461, #3041 ) ) ;
#1798 = VERTEX_POINT ( 'NONE', #1377 ) ;
#1799 = CARTESIAN_POINT ( 'NONE',  ( -6.110902106942420531, -18.92713254472889872, 15.41799581596169411 ) ) ;
#1800 = CARTESIAN_POINT ( 'NONE',  ( -6.646213067110513073, -18.96547207040807237, 14.96196355811319556 ) ) ;
#1801 = DIRECTION ( 'NONE',  ( 0.08429787499880325718, -0.9963248184195936386, -0.01518961723843481083 ) ) ;
#1802 = DIRECTION ( 'NONE',  ( 0.4813818453556409915, 0.05406668479067319733, -0.8748418786030671690 ) ) ;
#1803 = EDGE_LOOP ( 'NONE', ( #3999, #554, #3871, #3027 ) ) ;
#1804 = ADVANCED_FACE ( 'NONE', ( #3909 ), #1057, .T. ) ;
#1805 = DIRECTION ( 'NONE',  ( -0.4813818453556411026, -0.05406668479067300997, 0.8748418786030672800 ) ) ;
#1806 = ORIENTED_EDGE ( 'NONE', *, *, #2668, .T. ) ;
#1807 = DIRECTION ( 'NONE',  ( -0.4813818453556408805, -0.05406668479068088562, 0.8748418786030668359 ) ) ;
#1808 = ORIENTED_EDGE ( 'NONE', *, *, #458, .T. ) ;
#1809 = VECTOR ( 'NONE', #2833, 39.37007874015748854 ) ;
#1810 = EDGE_LOOP ( 'NONE', ( #3634, #579, #1563, #2541, #3357, #3211 ) ) ;
#1811 = DIRECTION ( 'NONE',  ( 0.2765254789952332204, 0.008745935471210533954, 0.9609667882290158225 ) ) ;
#1812 = EDGE_CURVE ( 'NONE', #2485, #2396, #2021, .T. ) ;
#1813 = AXIS2_PLACEMENT_3D ( 'NONE', #164, #730, #2721 ) ;
#1814 = ORIENTED_EDGE ( 'NONE', *, *, #3659, .F. ) ;
#1815 = DIRECTION ( 'NONE',  ( 0.08429787499879778934, -0.9963248184195937496, -0.01518961723845344697 ) ) ;
#1816 = ORIENTED_EDGE ( 'NONE', *, *, #3941, .T. ) ;
#1817 = CARTESIAN_POINT ( 'NONE',  ( -6.656412556419684989, -18.35114353408751953, 16.72851349166710477 ) ) ;
#1818 = CIRCLE ( 'NONE', #1010, 0.1181102362204732720 ) ;
#1819 = ORIENTED_EDGE ( 'NONE', *, *, #2200, .T. ) ;
#1820 = DIRECTION ( 'NONE',  ( -0.4813818453556411026, -0.05406668479067311406, 0.8748418786030672800 ) ) ;
#1821 = FACE_OUTER_BOUND ( 'NONE', #2473, .T. ) ;
#1822 = LINE ( 'NONE', #3712, #882 ) ;
#1823 = ADVANCED_FACE ( 'NONE', ( #1708 ), #2998, .F. ) ;
#1824 = EDGE_LOOP ( 'NONE', ( #2483, #2960, #3118, #2251 ) ) ;
#1825 = CARTESIAN_POINT ( 'NONE',  ( -7.626278476260689665, -18.50018330057752181, 15.93811995621850386 ) ) ;
#1826 = CARTESIAN_POINT ( 'NONE',  ( -6.545442456462145842, -18.37633733192358321, 14.98791745914688889 ) ) ;
#1827 = AXIS2_PLACEMENT_3D ( 'NONE', #3453, #3830, #272 ) ;
#1828 = ORIENTED_EDGE ( 'NONE', *, *, #621, .F. ) ;
#1829 = AXIS2_PLACEMENT_3D ( 'NONE', #3173, #3111, #4042 ) ;
#1830 = AXIS2_PLACEMENT_3D ( 'NONE', #3058, #4029, #2458 ) ;
#1831 = CARTESIAN_POINT ( 'NONE',  ( -6.618550170159987367, -18.58063646645695499, 14.93506390449857868 ) ) ;
#1832 = CARTESIAN_POINT ( 'NONE',  ( -7.639553732166024069, -18.34328175436968422, 15.94051202192529715 ) ) ;
#1833 = EDGE_CURVE ( 'NONE', #184, #3698, #1083, .T. ) ;
#1834 = VECTOR ( 'NONE', #2186, 39.37007874015748854 ) ;
#1835 = CIRCLE ( 'NONE', #2225, 0.1181102362204727446 ) ;
#1836 = ORIENTED_EDGE ( 'NONE', *, *, #2324, .T. ) ;
#1837 = DIRECTION ( 'NONE',  ( 0.3999959662423371864, -0.6662771159171884117, -0.6293473061791339251 ) ) ;
#1838 = VECTOR ( 'NONE', #1484, 39.37007874015748854 ) ;
#1839 = VECTOR ( 'NONE', #2301, 39.37007874015748854 ) ;
#1840 = ORIENTED_EDGE ( 'NONE', *, *, #1042, .F. ) ;
#1841 = DIRECTION ( 'NONE',  ( -0.2765254789951950287, -0.008745935471215642715, -0.9609667882290268137 ) ) ;
#1842 = FACE_OUTER_BOUND ( 'NONE', #3472, .T. ) ;
#1843 = AXIS2_PLACEMENT_3D ( 'NONE', #2317, #382, #91 ) ;
#1844 = ADVANCED_FACE ( 'NONE', ( #1883 ), #2745, .F. ) ;
#1845 = VERTEX_POINT ( 'NONE', #925 ) ;
#1846 = CARTESIAN_POINT ( 'NONE',  ( -8.114662909432480475, -19.28851947529070898, 17.53327247170450676 ) ) ;
#1847 = CARTESIAN_POINT ( 'NONE',  ( -7.373664723985708491, -17.78823233992831021, 17.94372203620381967 ) ) ;
#1848 = DIRECTION ( 'NONE',  ( -0.8724479280923818081, -0.06643530534973238200, -0.4841703863005232811 ) ) ;
#1849 = CARTESIAN_POINT ( 'NONE',  ( -6.307310754002677378, -17.65905018769201007, 15.38829153623450630 ) ) ;
#1850 = CARTESIAN_POINT ( 'NONE',  ( -7.640166647892795204, -17.81195320412909666, 18.02062587327122145 ) ) ;
#1851 = CARTESIAN_POINT ( 'NONE',  ( -7.494048059154173380, -18.25701550523039529, 16.27342172787169261 ) ) ;
#1852 = EDGE_CURVE ( 'NONE', #1055, #919, #2155, .T. ) ;
#1853 = VERTEX_POINT ( 'NONE', #1147 ) ;
#1854 = CARTESIAN_POINT ( 'NONE',  ( -7.467497547249625889, -18.57081859763889753, 16.26863759651010000 ) ) ;
#1855 = EDGE_CURVE ( 'NONE', #3654, #1198, #3151, .T. ) ;
#1856 = DIRECTION ( 'NONE',  ( -0.4813818453556411026, -0.05406668479067311406, 0.8748418786030672800 ) ) ;
#1857 = EDGE_CURVE ( 'NONE', #1169, #2883, #2703, .T. ) ;
#1858 = ORIENTED_EDGE ( 'NONE', *, *, #597, .T. ) ;
#1859 = LINE ( 'NONE', #3144, #3045 ) ;
#1860 = ORIENTED_EDGE ( 'NONE', *, *, #192, .T. ) ;
#1861 = ORIENTED_EDGE ( 'NONE', *, *, #2944, .F. ) ;
#1862 = CARTESIAN_POINT ( 'NONE',  ( -7.476025869032106641, -18.40841473201850675, 15.93646290491749795 ) ) ;
#1863 = VERTEX_POINT ( 'NONE', #2831 ) ;
#1864 = LINE ( 'NONE', #656, #892 ) ;
#1865 = DIRECTION ( 'NONE',  ( 0.08429787499881831458, -0.9963248184195921953, -0.01518961723843930377 ) ) ;
#1866 = DIRECTION ( 'NONE',  ( -0.6765214452375478693, 0.6575311804459644804, -0.3316194820498880036 ) ) ;
#1867 = DIRECTION ( 'NONE',  ( 0.4813818453556411026, 0.05406668479067321120, -0.8748418786030672800 ) ) ;
#1868 = ORIENTED_EDGE ( 'NONE', *, *, #1855, .T. ) ;
#1869 = CARTESIAN_POINT ( 'NONE',  ( -6.545442456462145842, -18.37633733192358321, 14.98791745914688889 ) ) ;
#1870 = EDGE_CURVE ( 'NONE', #1098, #3859, #3454, .T. ) ;
#1871 = CARTESIAN_POINT ( 'NONE',  ( -8.281790260804958947, -18.65964106462954675, 17.57564109608494007 ) ) ;
#1872 = ORIENTED_EDGE ( 'NONE', *, *, #4064, .F. ) ;
#1873 = CARTESIAN_POINT ( 'NONE',  ( -8.114662909432480475, -19.28851947529070898, 17.53327247170450676 ) ) ;
#1874 = CARTESIAN_POINT ( 'NONE',  ( -7.532305193662047316, -19.08677826706759717, 18.00119033940310942 ) ) ;
#1875 = EDGE_CURVE ( 'NONE', #4095, #226, #2503, .T. ) ;
#1876 = CARTESIAN_POINT ( 'NONE',  ( -6.504146121782538259, -18.24070461426209988, 15.01902309989548989 ) ) ;
#1877 = CARTESIAN_POINT ( 'NONE',  ( -6.030807275521692823, -17.47374475117110393, 15.23687223512850331 ) ) ;
#1878 = CIRCLE ( 'NONE', #2951, 0.02559055118110303492 ) ;
#1879 = ADVANCED_FACE ( 'NONE', ( #208 ), #3084, .T. ) ;
#1880 = VECTOR ( 'NONE', #857, 39.37007874015748854 ) ;
#1881 = ORIENTED_EDGE ( 'NONE', *, *, #495, .T. ) ;
#1882 = DIRECTION ( 'NONE',  ( 0.1773339250325989824, 0.000000000000000000, 0.9841507399949118717 ) ) ;
#1883 = FACE_OUTER_BOUND ( 'NONE', #1803, .T. ) ;
#1884 = CARTESIAN_POINT ( 'NONE',  ( -6.776621884322165279, -17.69136013398700769, 14.90304368319419304 ) ) ;
#1885 = LINE ( 'NONE', #1923, #1548 ) ;
#1886 = VECTOR ( 'NONE', #2346, 39.37007874015748854 ) ;
#1887 = EDGE_LOOP ( 'NONE', ( #2236, #206, #2523, #37, #3811 ) ) ;
#1888 = DIRECTION ( 'NONE',  ( 0.08429787499881302715, -0.9963248184195923063, -0.01518961723845790347 ) ) ;
#1889 = CYLINDRICAL_SURFACE ( 'NONE', #1370, 0.1181102362204729805 ) ;
#1890 = ADVANCED_FACE ( 'NONE', ( #3431 ), #296, .F. ) ;
#1891 = ORIENTED_EDGE ( 'NONE', *, *, #2658, .T. ) ;
#1892 = DIRECTION ( 'NONE',  ( -0.8724479280923818081, -0.06643530534973238200, -0.4841703863005232811 ) ) ;
#1893 = CARTESIAN_POINT ( 'NONE',  ( -6.514305008596240398, -18.50302711746598305, 14.77220866289379941 ) ) ;
#1894 = AXIS2_PLACEMENT_3D ( 'NONE', #569, #483, #2681 ) ;
#1895 = AXIS2_PLACEMENT_3D ( 'NONE', #2496, #2192, #1251 ) ;
#1896 = CIRCLE ( 'NONE', #3554, 0.1968503937007865801 ) ;
#1897 = DIRECTION ( 'NONE',  ( -0.8724479280923778113, -0.06643530534971169021, -0.4841703863005331065 ) ) ;
#1898 = ORIENTED_EDGE ( 'NONE', *, *, #4041, .T. ) ;
#1899 = EDGE_CURVE ( 'NONE', #582, #4049, #1964, .T. ) ;
#1900 = VECTOR ( 'NONE', #853, 39.37007874015748143 ) ;
#1901 = AXIS2_PLACEMENT_3D ( 'NONE', #1208, #1518, #2181 ) ;
#1902 = EDGE_CURVE ( 'NONE', #2409, #3962, #901, .T. ) ;
#1903 = CIRCLE ( 'NONE', #99, 0.07874015748031566730 ) ;
#1904 = AXIS2_PLACEMENT_3D ( 'NONE', #1873, #1180, #1269 ) ;
#1905 = EDGE_LOOP ( 'NONE', ( #2362, #793, #2739, #543 ) ) ;
#1906 = DIRECTION ( 'NONE',  ( -0.8724479280923818081, -0.06643530534973238200, -0.4841703863005232811 ) ) ;
#1907 = FACE_OUTER_BOUND ( 'NONE', #532, .T. ) ;
#1908 = CARTESIAN_POINT ( 'NONE',  ( -6.282324648162854075, -17.61448319029049259, 15.40479445852379925 ) ) ;
#1909 = LINE ( 'NONE', #3193, #1070 ) ;
#1910 = AXIS2_PLACEMENT_3D ( 'NONE', #3495, #577, #2212 ) ;
#1911 = AXIS2_PLACEMENT_3D ( 'NONE', #1972, #3216, #1367 ) ;
#1912 = DIRECTION ( 'NONE',  ( -0.4813818453556409915, -0.05406668479067330141, 0.8748418786030671690 ) ) ;
#1913 = ORIENTED_EDGE ( 'NONE', *, *, #3523, .T. ) ;
#1914 = CARTESIAN_POINT ( 'NONE',  ( -7.298889748322499926, -19.22639984922551193, 17.98599084472169451 ) ) ;
#1915 = ORIENTED_EDGE ( 'NONE', *, *, #773, .T. ) ;
#1916 = CYLINDRICAL_SURFACE ( 'NONE', #1301, 0.02559055118110303492 ) ;
#1917 = CARTESIAN_POINT ( 'NONE',  ( -7.918421798603327844, -19.11275310418740148, 17.56211180391480653 ) ) ;
#1918 = APPROVAL_ROLE ( '' ) ;
#1919 = ORIENTED_EDGE ( 'NONE', *, *, #497, .T. ) ;
#1920 = FACE_OUTER_BOUND ( 'NONE', #1392, .T. ) ;
#1921 = LINE ( 'NONE', #2857, #3438 ) ;
#1922 = FACE_OUTER_BOUND ( 'NONE', #3938, .T. ) ;
#1923 = CARTESIAN_POINT ( 'NONE',  ( -7.542156573434370515, -18.33449424672929240, 15.90464288621120126 ) ) ;
#1924 = VERTEX_POINT ( 'NONE', #3688 ) ;
#1925 = ORIENTED_EDGE ( 'NONE', *, *, #616, .T. ) ;
#1926 = EDGE_CURVE ( 'NONE', #2812, #1591, #1298, .T. ) ;
#1927 = DIRECTION ( 'NONE',  ( -0.8724479280923818081, -0.06643530534973238200, -0.4841703863005232811 ) ) ;
#1928 = CARTESIAN_POINT ( 'NONE',  ( -6.545442456462145842, -18.37633733192358321, 14.98791745914688889 ) ) ;
#1929 = ORIENTED_EDGE ( 'NONE', *, *, #3256, .F. ) ;
#1930 = FACE_OUTER_BOUND ( 'NONE', #974, .T. ) ;
#1931 = ORIENTED_EDGE ( 'NONE', *, *, #3752, .T. ) ;
#1932 = CARTESIAN_POINT ( 'NONE',  ( -6.609032231324448503, -18.54149543610940754, 14.71770759143509899 ) ) ;
#1933 = CARTESIAN_POINT ( 'NONE',  ( -6.560595534662303940, -19.11397348502161364, 14.70897979274970524 ) ) ;
#1934 = ORIENTED_EDGE ( 'NONE', *, *, #2868, .F. ) ;
#1935 = DIRECTION ( 'NONE',  ( -0.8724479280923818081, -0.06643530534973238200, -0.4841703863005232811 ) ) ;
#1936 = ORIENTED_EDGE ( 'NONE', *, *, #2324, .F. ) ;
#1937 = EDGE_CURVE ( 'NONE', #520, #2977, #759, .T. ) ;
#1938 = PLANE ( 'NONE',  #1416 ) ;
#1939 = DIRECTION ( 'NONE',  ( -0.4813818453556411026, -0.05406668479067311406, 0.8748418786030672800 ) ) ;
#1940 = DIRECTION ( 'NONE',  ( 0.4813818453556411026, 0.05406668479067309324, -0.8748418786030671690 ) ) ;
#1941 = DIRECTION ( 'NONE',  ( 0.6765214452375428733, -0.6575311804459650356, 0.3316194820498970519 ) ) ;
#1942 = CIRCLE ( 'NONE', #3736, 0.1181102362204727446 ) ;
#1943 = CARTESIAN_POINT ( 'NONE',  ( -6.542139965237126376, -18.56311023222870205, 14.75317923823149791 ) ) ;
#1944 = LINE ( 'NONE', #719, #3828 ) ;
#1945 = EDGE_CURVE ( 'NONE', #2013, #461, #2512, .T. ) ;
#1946 = VECTOR ( 'NONE', #1961, 39.37007874015748854 ) ;
#1947 = ORIENTED_EDGE ( 'NONE', *, *, #1337, .T. ) ;
#1948 = DIRECTION ( 'NONE',  ( -0.4813818453556408805, -0.05406668479068088562, 0.8748418786030668359 ) ) ;
#1949 = ORIENTED_EDGE ( 'NONE', *, *, #1218, .T. ) ;
#1950 = CARTESIAN_POINT ( 'NONE',  ( -6.030807275521692823, -17.47374475117110393, 15.23687223512850331 ) ) ;
#1951 = ORGANIZATION ( 'UNSPECIFIED', 'UNSPECIFIED', '' ) ;
#1952 = DIRECTION ( 'NONE',  ( -0.8724479280923782554, -0.06643530534971590906, -0.4841703863005321073 ) ) ;
#1953 = ORIENTED_EDGE ( 'NONE', *, *, #3148, .F. ) ;
#1954 = VECTOR ( 'NONE', #2185, 39.37007874015748143 ) ;
#1955 = DIRECTION ( 'NONE',  ( -0.8724479280923818081, -0.06643530534973238200, -0.4841703863005232811 ) ) ;
#1956 = AXIS2_PLACEMENT_3D ( 'NONE', #1869, #2539, #1577 ) ;
#1957 = CIRCLE ( 'NONE', #632, 0.1968503937007865801 ) ;
#1958 = DIRECTION ( 'NONE',  ( -0.3999959662423371864, 0.6662771159171884117, 0.6293473061791339251 ) ) ;
#1959 = EDGE_CURVE ( 'NONE', #749, #3656, #566, .T. ) ;
#1960 = DIRECTION ( 'NONE',  ( -0.8724479280923818081, -0.06643530534973238200, -0.4841703863005232811 ) ) ;
#1961 = DIRECTION ( 'NONE',  ( 0.08429787499881302715, -0.9963248184195923063, -0.01518961723845790347 ) ) ;
#1962 = EDGE_CURVE ( 'NONE', #2718, #2921, #1174, .T. ) ;
#1963 = EDGE_LOOP ( 'NONE', ( #386, #247, #2010, #2811 ) ) ;
#1964 = CIRCLE ( 'NONE', #161, 0.02559055118110303492 ) ;
#1965 = EDGE_LOOP ( 'NONE', ( #244, #166 ) ) ;
#1966 = VECTOR ( 'NONE', #3500, 39.37007874015748854 ) ;
#1967 = DIRECTION ( 'NONE',  ( -0.4813818453556411026, -0.05406668479067300997, 0.8748418786030672800 ) ) ;
#1968 = VECTOR ( 'NONE', #1150, 39.37007874015748854 ) ;
#1969 = DIRECTION ( 'NONE',  ( 0.08429787499881304103, -0.9963248184195923063, -0.01518961723845793123 ) ) ;
#1970 = VECTOR ( 'NONE', #60, 39.37007874015748854 ) ;
#1971 = ORIENTED_EDGE ( 'NONE', *, *, #3067, .F. ) ;
#1972 = CARTESIAN_POINT ( 'NONE',  ( -7.476025869032106641, -18.40841473201850675, 15.93646290491749795 ) ) ;
#1973 = ORIENTED_EDGE ( 'NONE', *, *, #878, .T. ) ;
#1974 = DIRECTION ( 'NONE',  ( -0.1116138014217925439, 0.9937516587821006997, 0.000000000000000000 ) ) ;
#1975 = VERTEX_POINT ( 'NONE', #544 ) ;
#1976 = EDGE_CURVE ( 'NONE', #1676, #1863, #2790, .T. ) ;
#1977 = DIRECTION ( 'NONE',  ( -0.4813818453556411026, -0.05406668479067300997, 0.8748418786030672800 ) ) ;
#1978 = EDGE_CURVE ( 'NONE', #1863, #2143, #2491, .T. ) ;
#1979 = DIRECTION ( 'NONE',  ( -0.4813818453556411026, -0.05406668479067311406, 0.8748418786030672800 ) ) ;
#1980 = ORIENTED_EDGE ( 'NONE', *, *, #155, .F. ) ;
#1981 = DIRECTION ( 'NONE',  ( -0.2765254789952332204, -0.008745935471210533954, -0.9609667882290158225 ) ) ;
#1982 = DIRECTION ( 'NONE',  ( -0.08429787499881831458, 0.9963248184195921953, 0.01518961723843930377 ) ) ;
#1983 = CARTESIAN_POINT ( 'NONE',  ( -6.200950522760493300, -19.10339473282488143, 16.01101634741331026 ) ) ;
#1984 = ORIENTED_EDGE ( 'NONE', *, *, #2008, .T. ) ;
#1985 = CARTESIAN_POINT ( 'NONE',  ( -7.753668858654173768, -18.51879464914889795, 16.45190577665259823 ) ) ;
#1986 = ORIENTED_EDGE ( 'NONE', *, *, #425, .F. ) ;
#1987 = EDGE_LOOP ( 'NONE', ( #2965, #2165, #1205, #1549 ) ) ;
#1988 = EDGE_CURVE ( 'NONE', #1757, #3389, #3772, .T. ) ;
#1989 = DIRECTION ( 'NONE',  ( -0.9573022133773402276, -0.08520777437474354177, 0.2762464614233963722 ) ) ;
#1990 = ORIENTED_EDGE ( 'NONE', *, *, #3829, .T. ) ;
#1991 = CARTESIAN_POINT ( 'NONE',  ( -6.212550548347597790, -17.64840713951870299, 15.21607856823009897 ) ) ;
#1992 = ORIENTED_EDGE ( 'NONE', *, *, #3565, .T. ) ;
#1993 = DIRECTION ( 'NONE',  ( -0.08429787499879778934, 0.9963248184195937496, 0.01518961723845344697 ) ) ;
#1994 = EDGE_CURVE ( 'NONE', #401, #2099, #3512, .T. ) ;
#1995 = DIRECTION ( 'NONE',  ( -0.4813818453556409915, -0.05406668479067290589, 0.8748418786030671690 ) ) ;
#1996 = DIRECTION ( 'NONE',  ( -0.4813818453556411026, -0.05406668479067251037, 0.8748418786030672800 ) ) ;
#1997 = FACE_OUTER_BOUND ( 'NONE', #2114, .T. ) ;
#1998 = VERTEX_POINT ( 'NONE', #2266 ) ;
#1999 = FACE_BOUND ( 'NONE', #2687, .T. ) ;
#2000 = CARTESIAN_POINT ( 'NONE',  ( -7.609637856198778749, -18.58678316944189035, 16.52695704872840565 ) ) ;
#2001 = AXIS2_PLACEMENT_3D ( 'NONE', #3152, #3131, #3169 ) ;
#2002 = CC_DESIGN_PERSON_AND_ORGANIZATION_ASSIGNMENT ( #3558, #712, ( #3929 ) ) ;
#2003 = CARTESIAN_POINT ( 'NONE',  ( -6.220049752678188604, -17.86786276140291463, 14.97337686646669219 ) ) ;
#2004 = VECTOR ( 'NONE', #1374, 39.37007874015748854 ) ;
#2005 = CARTESIAN_POINT ( 'NONE',  ( -7.525561187095000548, -17.52383613034144005, 18.00277090298141758 ) ) ;
#2006 = DIRECTION ( 'NONE',  ( -0.08429787529696035342, 0.9963248183968895777, 0.01518961707297071008 ) ) ;
#2007 = ADVANCED_FACE ( 'NONE', ( #1701 ), #2874, .T. ) ;
#2008 = EDGE_CURVE ( 'NONE', #1188, #292, #637, .T. ) ;
#2009 = VECTOR ( 'NONE', #450, 39.37007874015748854 ) ;
#2010 = ORIENTED_EDGE ( 'NONE', *, *, #2832, .F. ) ;
#2011 = ORIENTED_EDGE ( 'NONE', *, *, #1144, .T. ) ;
#2012 = DIRECTION ( 'NONE',  ( 0.8724479280923781443, 0.06643530534971599233, 0.4841703863005320518 ) ) ;
#2013 = VERTEX_POINT ( 'NONE', #3540 ) ;
#2014 = DIRECTION ( 'NONE',  ( 0.4813818453556409360, 0.05406668479068086480, -0.8748418786030668359 ) ) ;
#2015 = EDGE_CURVE ( 'NONE', #1188, #1184, #1921, .T. ) ;
#2016 = CARTESIAN_POINT ( 'NONE',  ( -5.910011476083799842, -18.12794540086889938, 15.35291446487029532 ) ) ;
#2017 = CARTESIAN_POINT ( 'NONE',  ( -6.124615615623681286, -17.66186351078789585, 15.03862060816610224 ) ) ;
#2018 = AXIS2_PLACEMENT_3D ( 'NONE', #3327, #456, #3350 ) ;
#2019 = EDGE_LOOP ( 'NONE', ( #3407, #119, #4032, #1268 ) ) ;
#2020 = VECTOR ( 'NONE', #3530, 39.37007874015748854 ) ;
#2021 = LINE ( 'NONE', #435, #2568 ) ;
#2022 = EDGE_CURVE ( 'NONE', #292, #1188, #3940, .T. ) ;
#2023 = FACE_OUTER_BOUND ( 'NONE', #88, .T. ) ;
#2024 = VECTOR ( 'NONE', #1088, 39.37007874015748854 ) ;
#2025 = CIRCLE ( 'NONE', #2573, 0.02559055118110303492 ) ;
#2026 = SPHERICAL_SURFACE ( 'NONE', #958, 0.1181102362204724532 ) ;
#2027 = CIRCLE ( 'NONE', #1365, 0.07874015748031573669 ) ;
#2028 = VECTOR ( 'NONE', #2623, 39.37007874015748854 ) ;
#2029 = CYLINDRICAL_SURFACE ( 'NONE', #2778, 0.1181102362204731610 ) ;
#2030 = DIRECTION ( 'NONE',  ( -0.4813818453556411026, -0.05406668479067311406, 0.8748418786030672800 ) ) ;
#2031 = AXIS2_PLACEMENT_3D ( 'NONE', #2749, #3697, #3997 ) ;
#2032 = VERTEX_POINT ( 'NONE', #2248 ) ;
#2033 = PLANE ( 'NONE',  #2354 ) ;
#2034 = ADVANCED_FACE ( 'NONE', ( #1907 ), #1262, .T. ) ;
#2035 = CARTESIAN_POINT ( 'NONE',  ( -8.259290184893032460, -17.57915558012970436, 17.55933283154769953 ) ) ;
#2036 = CARTESIAN_POINT ( 'NONE',  ( -6.304651071519544736, -17.61618330637226748, 15.39240427147280244 ) ) ;
#2037 = LINE ( 'NONE', #2740, #2551 ) ;
#2038 = CYLINDRICAL_SURFACE ( 'NONE', #24, 0.07874015748031566730 ) ;
#2039 = ORIENTED_EDGE ( 'NONE', *, *, #847, .T. ) ;
#2040 = CARTESIAN_POINT ( 'NONE',  ( -7.624803805891516184, -18.34592853066039453, 16.19597839001600548 ) ) ;
#2041 = CARTESIAN_POINT ( 'NONE',  ( -6.472893123919176261, -18.36899640028876846, 14.90903477281200296 ) ) ;
#2042 = EDGE_CURVE ( 'NONE', #2132, #2107, #963, .T. ) ;
#2043 = CARTESIAN_POINT ( 'NONE',  ( -6.752122491661063819, -17.52867157842869972, 14.83657388425009849 ) ) ;
#2044 = LINE ( 'NONE', #3328, #708 ) ;
#2045 = FACE_OUTER_BOUND ( 'NONE', #2800, .T. ) ;
#2046 = EDGE_LOOP ( 'NONE', ( #3994, #1306, #1241, #3414 ) ) ;
#2047 = ORIENTED_EDGE ( 'NONE', *, *, #3673, .F. ) ;
#2048 = LINE ( 'NONE', #2383, #3499 ) ;
#2049 = DIRECTION ( 'NONE',  ( -0.8724479280923818081, -0.06643530534973238200, -0.4841703863005232811 ) ) ;
#2050 = EDGE_LOOP ( 'NONE', ( #241, #1092, #1086, #3145 ) ) ;
#2051 = DIRECTION ( 'NONE',  ( -0.6765214452375478693, 0.6575311804459644804, -0.3316194820498880036 ) ) ;
#2052 = CARTESIAN_POINT ( 'NONE',  ( -6.441081744900998274, -18.30032998341707540, 14.93078268671169084 ) ) ;
#2053 = DIRECTION ( 'NONE',  ( -0.4813818453556409915, -0.05406668479067330141, 0.8748418786030671690 ) ) ;
#2054 = ORIENTED_EDGE ( 'NONE', *, *, #3086, .T. ) ;
#2055 = EDGE_CURVE ( 'NONE', #2548, #4030, #2774, .T. ) ;
#2056 = ORIENTED_EDGE ( 'NONE', *, *, #1042, .T. ) ;
#2057 = FACE_BOUND ( 'NONE', #3878, .T. ) ;
#2058 = CARTESIAN_POINT ( 'NONE',  ( -7.604890922033523459, -18.58128084997208873, 16.19239029145570896 ) ) ;
#2059 = DIRECTION ( 'NONE',  ( -0.4813818453556409915, -0.05406668479067299610, 0.8748418786030671690 ) ) ;
#2060 = DIRECTION ( 'NONE',  ( -0.8724479280923843616, -0.06643530534972065527, -0.4841703863005206165 ) ) ;
#2061 = ADVANCED_FACE ( 'NONE', ( #4099 ), #3316, .T. ) ;
#2062 = LINE ( 'NONE', #2709, #1093 ) ;
#2063 = CIRCLE ( 'NONE', #739, 0.02559055118110303492 ) ;
#2064 = EDGE_CURVE ( 'NONE', #3750, #766, #763, .T. ) ;
#2065 = CIRCLE ( 'NONE', #743, 0.1181102362204730777 ) ;
#2066 = ORIENTED_EDGE ( 'NONE', *, *, #2606, .T. ) ;
#2067 = CARTESIAN_POINT ( 'NONE',  ( -6.287175947980550461, -17.40362118504330624, 16.99024443724870181 ) ) ;
#2068 = ADVANCED_FACE ( 'NONE', ( #1066 ), #3789, .T. ) ;
#2069 = DIRECTION ( 'NONE',  ( -0.4813818453556408805, -0.05406668479068088562, 0.8748418786030668359 ) ) ;
#2070 = ORIENTED_EDGE ( 'NONE', *, *, #311, .F. ) ;
#2071 = AXIS2_PLACEMENT_3D ( 'NONE', #1264, #635, #1041 ) ;
#2072 = ORIENTED_EDGE ( 'NONE', *, *, #2933, .F. ) ;
#2073 = VECTOR ( 'NONE', #2592, 39.37007874015748854 ) ;
#2074 = LINE ( 'NONE', #3362, #2843 ) ;
#2075 = VERTEX_POINT ( 'NONE', #1588 ) ;
#2076 = CARTESIAN_POINT ( 'NONE',  ( -8.292785176741199749, -17.86164890544980466, 17.65845117485029547 ) ) ;
#2077 = ORIENTED_EDGE ( 'NONE', *, *, #3262, .T. ) ;
#2078 = PLANE ( 'NONE',  #2142 ) ;
#2079 = ORIENTED_EDGE ( 'NONE', *, *, #2471, .T. ) ;
#2080 = VERTEX_POINT ( 'NONE', #940 ) ;
#2081 = FACE_BOUND ( 'NONE', #3275, .T. ) ;
#2082 = EDGE_CURVE ( 'NONE', #2447, #3654, #3491, .T. ) ;
#2083 = FACE_OUTER_BOUND ( 'NONE', #2275, .T. ) ;
#2084 = VECTOR ( 'NONE', #4083, 39.37007874015748854 ) ;
#2085 = CIRCLE ( 'NONE', #2285, 0.07874015748031958084 ) ;
#2086 = CARTESIAN_POINT ( 'NONE',  ( -7.355745871789685530, -19.23278567813779460, 18.08931862565909299 ) ) ;
#2087 = CARTESIAN_POINT ( 'NONE',  ( -6.545442456462145842, -18.37633733192358321, 14.98791745914688889 ) ) ;
#2088 = ORIENTED_EDGE ( 'NONE', *, *, #3410, .F. ) ;
#2089 = AXIS2_PLACEMENT_3D ( 'NONE', #3208, #2991, #335 ) ;
#2090 = DIRECTION ( 'NONE',  ( 0.4813818453556189536, 0.05406668479069660221, -0.8748418786030779382 ) ) ;
#2091 = VECTOR ( 'NONE', #729, 39.37007874015748854 ) ;
#2092 = ORIENTED_EDGE ( 'NONE', *, *, #2574, .F. ) ;
#2093 = ORIENTED_EDGE ( 'NONE', *, *, #3195, .F. ) ;
#2094 = DIRECTION ( 'NONE',  ( -0.8724479280923818081, -0.06643530534973238200, -0.4841703863005232811 ) ) ;
#2095 = CARTESIAN_POINT ( 'NONE',  ( -5.848892823929998208, -19.14412663422547212, 15.13827356556790882 ) ) ;
#2096 = VECTOR ( 'NONE', #3136, 39.37007874015748854 ) ;
#2097 = CIRCLE ( 'NONE', #1911, 0.1574803149606335273 ) ;
#2098 = EDGE_CURVE ( 'NONE', #2796, #3656, #3178, .T. ) ;
#2099 = VERTEX_POINT ( 'NONE', #2035 ) ;
#2100 = EDGE_CURVE ( 'NONE', #292, #559, #633, .T. ) ;
#2101 = DIRECTION ( 'NONE',  ( 0.8724479280923781443, 0.06643530534971589518, 0.4841703863005320518 ) ) ;
#2102 = EDGE_LOOP ( 'NONE', ( #3128, #3976, #1770, #433 ) ) ;
#2103 = CARTESIAN_POINT ( 'NONE',  ( -7.462750613079823125, -18.56531627822279518, 15.93407083923669276 ) ) ;
#2104 = ORIENTED_EDGE ( 'NONE', *, *, #1405, .T. ) ;
#2105 = FACE_OUTER_BOUND ( 'NONE', #2348, .T. ) ;
#2106 = ORIENTED_EDGE ( 'NONE', *, *, #2338, .T. ) ;
#2107 = VERTEX_POINT ( 'NONE', #2892 ) ;
#2108 = CARTESIAN_POINT ( 'NONE',  ( -6.817014431328563440, -17.69786318540870340, 15.10542832067360308 ) ) ;
#2109 = LINE ( 'NONE', #2330, #2265 ) ;
#2110 = CYLINDRICAL_SURFACE ( 'NONE', #2438, 0.1181102362204723283 ) ;
#2111 = DIRECTION ( 'NONE',  ( -0.4813818453556222843, -0.05406668479068793554, 0.8748418786030767169 ) ) ;
#2112 = ORIENTED_EDGE ( 'NONE', *, *, #1620, .F. ) ;
#2113 = ADVANCED_FACE ( 'NONE', ( #27 ), #1295, .F. ) ;
#2114 = EDGE_LOOP ( 'NONE', ( #1113, #403, #1179, #4051 ) ) ;
#2115 = LINE ( 'NONE', #533, #1690 ) ;
#2116 = DIRECTION ( 'NONE',  ( 0.4813818453556462096, 0.05406668479067362060, -0.8748418786030643934 ) ) ;
#2117 = ORIENTED_EDGE ( 'NONE', *, *, #2766, .T. ) ;
#2118 = LINE ( 'NONE', #469, #157 ) ;
#2119 = VERTEX_POINT ( 'NONE', #3674 ) ;
#2120 = ADVANCED_FACE ( 'NONE', ( #2456 ), #1448, .F. ) ;
#2121 = LINE ( 'NONE', #2762, #2752 ) ;
#2122 = EDGE_LOOP ( 'NONE', ( #1011, #3768, #1931, #3600 ) ) ;
#2123 = LINE ( 'NONE', #1522, #2073 ) ;
#2124 = ORIENTED_EDGE ( 'NONE', *, *, #2531, .T. ) ;
#2125 = CARTESIAN_POINT ( 'NONE',  ( -7.223150351539979752, -17.72536245610511685, 14.65523994239169170 ) ) ;
#2126 = EDGE_CURVE ( 'NONE', #1000, #3355, #464, .T. ) ;
#2127 = DIRECTION ( 'NONE',  ( 0.8724479280635697442, 0.06643530569020757170, 0.4841703863057227886 ) ) ;
#2128 = CYLINDRICAL_SURFACE ( 'NONE', #3226, 0.07874015748031566730 ) ;
#2129 = DIRECTION ( 'NONE',  ( -0.4813818453556411026, -0.05406668479067300997, 0.8748418786030672800 ) ) ;
#2130 = LINE ( 'NONE', #596, #3889 ) ;
#2131 = CC_DESIGN_DATE_AND_TIME_ASSIGNMENT ( #3222, #3246, ( #3420 ) ) ;
#2132 = VERTEX_POINT ( 'NONE', #2755 ) ;
#2133 = LINE ( 'NONE', #3419, #3249 ) ;
#2134 = LINE ( 'NONE', #3073, #1900 ) ;
#2135 = ORIENTED_EDGE ( 'NONE', *, *, #3440, .T. ) ;
#2136 = FACE_OUTER_BOUND ( 'NONE', #2571, .T. ) ;
#2137 = AXIS2_PLACEMENT_3D ( 'NONE', #3851, #998, #2267 ) ;
#2138 = ORIENTED_EDGE ( 'NONE', *, *, #3060, .F. ) ;
#2139 = DIRECTION ( 'NONE',  ( 0.000000000000000000, 0.01524387629982680570, -0.9998838053670814352 ) ) ;
#2140 = ORIENTED_EDGE ( 'NONE', *, *, #681, .F. ) ;
#2141 = CARTESIAN_POINT ( 'NONE',  ( -6.865087313173130035, -17.56744740377019909, 16.75305553630970579 ) ) ;
#2142 = AXIS2_PLACEMENT_3D ( 'NONE', #1116, #122, #2327 ) ;
#2143 = VERTEX_POINT ( 'NONE', #219 ) ;
#2144 = DIRECTION ( 'NONE',  ( -0.4813818453556409915, -0.05406668479067299610, 0.8748418786030671690 ) ) ;
#2145 = FACE_OUTER_BOUND ( 'NONE', #2961, .T. ) ;
#2146 = FACE_OUTER_BOUND ( 'NONE', #2050, .T. ) ;
#2147 = APPROVAL_PERSON_ORGANIZATION ( #1645, #3954, #2932 ) ;
#2148 = ADVANCED_FACE ( 'NONE', ( #2689 ), #1109, .T. ) ;
#2149 = EDGE_CURVE ( 'NONE', #3062, #3071, #2781, .T. ) ;
#2150 = DIRECTION ( 'NONE',  ( 0.8724479280923782554, 0.06643530534971581192, 0.4841703863005321073 ) ) ;
#2151 = CARTESIAN_POINT ( 'NONE',  ( -7.286505457487578497, -18.38712863564519751, 15.59203696845240117 ) ) ;
#2152 = AXIS2_PLACEMENT_3D ( 'NONE', #2705, #3430, #3129 ) ;
#2153 = EDGE_CURVE ( 'NONE', #1311, #3215, #2134, .T. ) ;
#2154 = ORIENTED_EDGE ( 'NONE', *, *, #1511, .T. ) ;
#2155 = CIRCLE ( 'NONE', #3112, 0.1309055118110285798 ) ;
#2156 = CIRCLE ( 'NONE', #2295, 0.1181102362204713846 ) ;
#2157 = DIRECTION ( 'NONE',  ( -0.4813818453556418797, -0.05406668479067248262, 0.8748418786030668359 ) ) ;
#2158 = PLANE ( 'NONE',  #304 ) ;
#2159 = ORIENTED_EDGE ( 'NONE', *, *, #3052, .T. ) ;
#2160 = AXIS2_PLACEMENT_3D ( 'NONE', #2671, #2231, #658 ) ;
#2161 = CIRCLE ( 'NONE', #3114, 0.1181102362204724948 ) ;
#2162 = EDGE_CURVE ( 'NONE', #3059, #308, #1159, .T. ) ;
#2163 = CARTESIAN_POINT ( 'NONE',  ( -7.739233398841122380, -18.28082676717059130, 16.47455570143700498 ) ) ;
#2164 = AXIS2_PLACEMENT_3D ( 'NONE', #1149, #3069, #2060 ) ;
#2165 = ORIENTED_EDGE ( 'NONE', *, *, #3052, .F. ) ;
#2166 = DIRECTION ( 'NONE',  ( -0.4813818453556409915, -0.05406668479067299610, 0.8748418786030671690 ) ) ;
#2167 = DIRECTION ( 'NONE',  ( -0.8724479280923896907, -0.06643530534971456292, -0.4841703863005117903 ) ) ;
#2168 = CIRCLE ( 'NONE', #1503, 0.1309055118110285798 ) ;
#2169 = ORIENTED_EDGE ( 'NONE', *, *, #2064, .F. ) ;
#2170 = DIRECTION ( 'NONE',  ( -0.1116138014217925439, 0.9937516587821006997, 0.000000000000000000 ) ) ;
#2171 = CARTESIAN_POINT ( 'NONE',  ( -6.363997608768818814, -18.08744754676189359, 14.98635473062980417 ) ) ;
#2172 = DIRECTION ( 'NONE',  ( -0.4813818453556411026, -0.05406668479067311406, 0.8748418786030672800 ) ) ;
#2173 = CYLINDRICAL_SURFACE ( 'NONE', #481, 0.1181102362204731610 ) ;
#2174 = EDGE_LOOP ( 'NONE', ( #854, #3671, #2602, #279 ) ) ;
#2175 = PLANE ( 'NONE',  #1767 ) ;
#2176 = CARTESIAN_POINT ( 'NONE',  ( -6.604695130688523541, -18.52778928985500073, 14.72094114422450772 ) ) ;
#2177 = ADVANCED_FACE ( 'NONE', ( #1182 ), #3936, .F. ) ;
#2178 = ORIENTED_EDGE ( 'NONE', *, *, #3317, .F. ) ;
#2179 = LINE ( 'NONE', #4045, #3247 ) ;
#2180 = CARTESIAN_POINT ( 'NONE',  ( -6.482311489415845784, -18.60431686747708824, 14.78355322533279548 ) ) ;
#2181 = DIRECTION ( 'NONE',  ( 0.000000000000000000, 0.01524387629984995211, -0.9998838053670811021 ) ) ;
#2182 = ORIENTED_EDGE ( 'NONE', *, *, #446, .F. ) ;
#2183 = LINE ( 'NONE', #3428, #2413 ) ;
#2184 = ORIENTED_EDGE ( 'NONE', *, *, #3225, .T. ) ;
#2185 = DIRECTION ( 'NONE',  ( 0.08429787530007529228, -0.9963248183966517679, -0.01518961707127049546 ) ) ;
#2186 = DIRECTION ( 'NONE',  ( -0.8724479280923781443, -0.06643530534971589518, -0.4841703863005320518 ) ) ;
#2187 = CARTESIAN_POINT ( 'NONE',  ( -8.157369499750137365, -18.33151684255141589, 17.47891250539370134 ) ) ;
#2188 = DIRECTION ( 'NONE',  ( 0.8724479280923781443, 0.06643530534971589518, 0.4841703863005320518 ) ) ;
#2189 = EDGE_CURVE ( 'NONE', #167, #2796, #97, .T. ) ;
#2190 = ORIENTED_EDGE ( 'NONE', *, *, #3752, .F. ) ;
#2191 = ORIENTED_EDGE ( 'NONE', *, *, #745, .T. ) ;
#2192 = DIRECTION ( 'NONE',  ( -0.4813818453556408805, -0.05406668479068088562, 0.8748418786030668359 ) ) ;
#2193 = FACE_OUTER_BOUND ( 'NONE', #2527, .T. ) ;
#2194 = EDGE_CURVE ( 'NONE', #644, #383, #445, .T. ) ;
#2195 = EDGE_LOOP ( 'NONE', ( #501, #1840, #1762, #1388, #4047, #3446, #3748, #511, #3268, #3276, #2784, #1819, #649, #3986, #1808, #2758 ) ) ;
#2196 = CARTESIAN_POINT ( 'NONE',  ( -6.478205851324226217, -18.09614429441109706, 14.92297415840738317 ) ) ;
#2197 = EDGE_CURVE ( 'NONE', #1924, #1285, #421, .T. ) ;
#2198 = DIRECTION ( 'NONE',  ( 0.9573022133773402276, 0.08520777437474354177, -0.2762464614233963722 ) ) ;
#2199 = ORIENTED_EDGE ( 'NONE', *, *, #3874, .F. ) ;
#2200 = EDGE_CURVE ( 'NONE', #3800, #3876, #3007, .T. ) ;
#2201 = CYLINDRICAL_SURFACE ( 'NONE', #639, 0.1309055118110285798 ) ;
#2202 = VERTEX_POINT ( 'NONE', #3700 ) ;
#2203 = DIRECTION ( 'NONE',  ( 0.4813818453556409360, 0.05406668479068086480, -0.8748418786030668359 ) ) ;
#2204 = AXIS2_PLACEMENT_3D ( 'NONE', #539, #2443, #2139 ) ;
#2205 = ORIENTED_EDGE ( 'NONE', *, *, #2082, .F. ) ;
#2206 = DIRECTION ( 'NONE',  ( -0.4813818453556411026, -0.05406668479067311406, 0.8748418786030672800 ) ) ;
#2207 = DIRECTION ( 'NONE',  ( 0.1773339250328389016, 0.000000000000000000, 0.9841507399948685730 ) ) ;
#2208 = DIRECTION ( 'NONE',  ( -0.08429787499880178614, 0.9963248184195937496, 0.01518961723843229722 ) ) ;
#2209 = CARTESIAN_POINT ( 'NONE',  ( -7.476025869032106641, -18.40841473201850675, 15.93646290491749795 ) ) ;
#2210 = ORIENTED_EDGE ( 'NONE', *, *, #2853, .F. ) ;
#2211 = CARTESIAN_POINT ( 'NONE',  ( -6.178753417998545494, -17.73223004374139222, 15.00448250721530208 ) ) ;
#2212 = DIRECTION ( 'NONE',  ( 0.08429787499881383206, -0.9963248184195924173, -0.01518961723845363258 ) ) ;
#2213 = ORIENTED_EDGE ( 'NONE', *, *, #1714, .F. ) ;
#2214 = CARTESIAN_POINT ( 'NONE',  ( -7.224732325074922024, -17.57802615596679274, 15.45101898164610255 ) ) ;
#2215 = ORIENTED_EDGE ( 'NONE', *, *, #2367, .T. ) ;
#2216 = LINE ( 'NONE', #1255, #1163 ) ;
#2217 = AXIS2_PLACEMENT_3D ( 'NONE', #797, #1379, #1727 ) ;
#2218 = CIRCLE ( 'NONE', #1829, 0.1181102362204724671 ) ;
#2219 = VECTOR ( 'NONE', #1995, 39.37007874015748854 ) ;
#2220 = DIRECTION ( 'NONE',  ( -0.4813818453556408805, -0.05406668479068088562, 0.8748418786030668359 ) ) ;
#2221 = VERTEX_POINT ( 'NONE', #2095 ) ;
#2222 = VECTOR ( 'NONE', #3978, 39.37007874015748854 ) ;
#2223 = EDGE_LOOP ( 'NONE', ( #586, #3457, #468, #806 ) ) ;
#2224 =( NAMED_UNIT ( * ) PLANE_ANGLE_UNIT ( ) SI_UNIT ( $, .RADIAN. ) );
#2225 = AXIS2_PLACEMENT_3D ( 'NONE', #3244, #2591, #3265 ) ;
#2226 = EDGE_CURVE ( 'NONE', #2877, #4028, #3384, .T. ) ;
#2227 = VERTEX_POINT ( 'NONE', #516 ) ;
#2228 = AXIS2_PLACEMENT_3D ( 'NONE', #3218, #2006, #2666 ) ;
#2229 = VECTOR ( 'NONE', #3912, 39.37007874015748854 ) ;
#2230 = CARTESIAN_POINT ( 'NONE',  ( -6.463408168257696929, -18.30203009949890003, 14.91839249966068870 ) ) ;
#2231 = DIRECTION ( 'NONE',  ( -0.4813818453556411026, -0.05406668479067311406, 0.8748418786030672800 ) ) ;
#2232 = DIRECTION ( 'NONE',  ( -0.4813818453556408805, -0.05406668479068088562, 0.8748418786030668359 ) ) ;
#2233 = DIRECTION ( 'NONE',  ( 0.4813818453556369392, 0.05406668479066899929, -0.8748418786030697225 ) ) ;
#2234 = ADVANCED_FACE ( 'NONE', ( #3636 ), #3335, .T. ) ;
#2235 = AXIS2_PLACEMENT_3D ( 'NONE', #757, #2030, #3633 ) ;
#2236 = ORIENTED_EDGE ( 'NONE', *, *, #670, .T. ) ;
#2237 = DIRECTION ( 'NONE',  ( 0.2765254789952332204, 0.008745935471210533954, 0.9609667882290158225 ) ) ;
#2238 = DIRECTION ( 'NONE',  ( 0.8303033849598177030, -0.5056565456694190885, -0.2343240208470725727 ) ) ;
#2239 = ORIENTED_EDGE ( 'NONE', *, *, #45, .T. ) ;
#2240 = CARTESIAN_POINT ( 'NONE',  ( -8.249333742964036986, -17.69683173978561186, 17.55753878226749976 ) ) ;
#2241 = ORIENTED_EDGE ( 'NONE', *, *, #1350, .F. ) ;
#2242 = DIRECTION ( 'NONE',  ( -0.4813818453556408805, -0.05406668479068088562, 0.8748418786030668359 ) ) ;
#2243 = ADVANCED_FACE ( 'NONE', ( #178 ), #1787, .F. ) ;
#2244 = ORIENTED_EDGE ( 'NONE', *, *, #413, .T. ) ;
#2245 = DIRECTION ( 'NONE',  ( -0.8724479280923818081, -0.06643530534973238200, -0.4841703863005232811 ) ) ;
#2246 = CARTESIAN_POINT ( 'NONE',  ( -6.683275230625779884, -19.20911737184239598, 14.77060274950335206 ) ) ;
#2247 = EDGE_CURVE ( 'NONE', #1309, #819, #3556, .T. ) ;
#2248 = CARTESIAN_POINT ( 'NONE',  ( -6.178637868001127131, -17.73383204422577819, 15.11020297638490106 ) ) ;
#2249 = DIRECTION ( 'NONE',  ( 0.08429787499880325718, -0.9963248184195935275, -0.01518961723843488022 ) ) ;
#2250 = DIRECTION ( 'NONE',  ( -0.8724479280923783664, -0.06643530534971342494, -0.4841703863005322184 ) ) ;
#2251 = ORIENTED_EDGE ( 'NONE', *, *, #1875, .F. ) ;
#2252 = EDGE_CURVE ( 'NONE', #3355, #2406, #371, .T. ) ;
#2253 = CYLINDRICAL_SURFACE ( 'NONE', #417, 0.1968503937007865801 ) ;
#2254 = CARTESIAN_POINT ( 'NONE',  ( -7.381265663253425480, -18.39777168383141870, 15.76424993668850583 ) ) ;
#2255 = VERTEX_POINT ( 'NONE', #1874 ) ;
#2256 = CARTESIAN_POINT ( 'NONE',  ( -6.885010398015332989, -18.37060717901353257, 16.73653214144294310 ) ) ;
#2257 = CARTESIAN_POINT ( 'NONE',  ( -8.198002476885138279, -18.30352098736200617, 17.54828941169779810 ) ) ;
#2258 = EDGE_LOOP ( 'NONE', ( #496, #2881, #1861, #3126 ) ) ;
#2259 = LINE ( 'NONE', #62, #573 ) ;
#2260 = VERTEX_POINT ( 'NONE', #3782 ) ;
#2261 = EDGE_CURVE ( 'NONE', #3876, #2488, #1903, .T. ) ;
#2262 = CARTESIAN_POINT ( 'NONE',  ( -6.784782981306173966, -17.52970456293317625, 14.72307386989240641 ) ) ;
#2263 = CARTESIAN_POINT ( 'NONE',  ( -6.495219547275866034, -18.37069651637058953, 14.89664458576100436 ) ) ;
#2264 = CARTESIAN_POINT ( 'NONE',  ( -7.537974968753661464, -17.52422875287210502, 17.95963118242610435 ) ) ;
#2265 = VECTOR ( 'NONE', #3309, 39.37007874015748854 ) ;
#2266 = CARTESIAN_POINT ( 'NONE',  ( -8.106867116197276957, -19.12952628811943967, 17.61649102860440053 ) ) ;
#2267 = DIRECTION ( 'NONE',  ( 0.000000000000000000, -0.6333441556334625799, -0.7738702607833798375 ) ) ;
#2268 = DIRECTION ( 'NONE',  ( -0.4813818453556411026, -0.05406668479067291283, 0.8748418786030672800 ) ) ;
#2269 = ORIENTED_EDGE ( 'NONE', *, *, #3143, .T. ) ;
#2270 = VECTOR ( 'NONE', #2310, 39.37007874015748854 ) ;
#2271 = EDGE_CURVE ( 'NONE', #2032, #4040, #2884, .T. ) ;
#2272 = DIRECTION ( 'NONE',  ( -0.4813818453556408805, -0.05406668479068088562, 0.8748418786030668359 ) ) ;
#2273 = CARTESIAN_POINT ( 'NONE',  ( -8.114662909432480475, -19.28851947529070898, 17.53327247170450676 ) ) ;
#2274 = VECTOR ( 'NONE', #1390, 39.37007874015748854 ) ;
#2275 = EDGE_LOOP ( 'NONE', ( #2079, #620, #3623, #3804 ) ) ;
#2276 = ORIENTED_EDGE ( 'NONE', *, *, #2827, .T. ) ;
#2277 = DIRECTION ( 'NONE',  ( 0.4813818453556409915, 0.05406668479067330141, -0.8748418786030671690 ) ) ;
#2278 = ORIENTED_EDGE ( 'NONE', *, *, #1462, .F. ) ;
#2279 = DIRECTION ( 'NONE',  ( 0.4813818453556409915, 0.05406668479067299610, -0.8748418786030671690 ) ) ;
#2280 = CIRCLE ( 'NONE', #482, 0.1181102362204713846 ) ;
#2281 = EDGE_LOOP ( 'NONE', ( #3038, #3685, #967, #2418 ) ) ;
#2282 = CARTESIAN_POINT ( 'NONE',  ( -7.686862865190228433, -18.42961043016978095, 16.15665870469798904 ) ) ;
#2283 = APPROVAL_DATE_TIME ( #3865, #3954 ) ;
#2284 = AXIS2_PLACEMENT_3D ( 'NONE', #1321, #640, #1280 ) ;
#2285 = AXIS2_PLACEMENT_3D ( 'NONE', #1364, #2318, #3646 ) ;
#2286 = ADVANCED_FACE ( 'NONE', ( #3161 ), #3444, .T. ) ;
#2287 = DIRECTION ( 'NONE',  ( -0.4813818453556411026, -0.05406668479067311406, 0.8748418786030672800 ) ) ;
#2288 = AXIS2_PLACEMENT_3D ( 'NONE', #1799, #1865, #1505 ) ;
#2289 = AXIS2_PLACEMENT_3D ( 'NONE', #1162, #3703, #2737 ) ;
#2290 = DIRECTION ( 'NONE',  ( -0.8724479280923818081, -0.06643530534973238200, -0.4841703863005232811 ) ) ;
#2291 = SPHERICAL_SURFACE ( 'NONE', #4069, 0.1181102362204724532 ) ;
#2292 = ORIENTED_EDGE ( 'NONE', *, *, #1615, .F. ) ;
#2293 = CIRCLE ( 'NONE', #2978, 0.02559055118110303492 ) ;
#2294 = ADVANCED_FACE ( 'NONE', ( #3421 ), #2867, .T. ) ;
#2295 = AXIS2_PLACEMENT_3D ( 'NONE', #3766, #1535, #3447 ) ;
#2296 = CARTESIAN_POINT ( 'NONE',  ( -7.476025869032106641, -18.40841473201850675, 15.93646290491749795 ) ) ;
#2297 = VECTOR ( 'NONE', #1912, 39.37007874015748854 ) ;
#2298 = DIRECTION ( 'NONE',  ( 0.2765254789952112380, 0.008745935471221006480, 0.9609667882290221508 ) ) ;
#2299 = AXIS2_PLACEMENT_3D ( 'NONE', #865, #1801, #912 ) ;
#2300 = ORIENTED_EDGE ( 'NONE', *, *, #384, .F. ) ;
#2301 = DIRECTION ( 'NONE',  ( 0.08429787499880304902, -0.9963248184195934165, -0.01518961723843469287 ) ) ;
#2302 = ADVANCED_FACE ( 'NONE', ( #3824 ), #2158, .T. ) ;
#2303 = EDGE_LOOP ( 'NONE', ( #344, #3224 ) ) ;
#2304 = DIMENSIONAL_EXPONENTS ( 1.000000000000000000, 0.000000000000000000, 0.000000000000000000, 0.000000000000000000, 0.000000000000000000, 0.000000000000000000, 0.000000000000000000 ) ;
#2305 = LINE ( 'NONE', #3573, #3248 ) ;
#2306 = CARTESIAN_POINT ( 'NONE',  ( -7.834750928973760686, -18.52359800658921429, 16.31698848632220589 ) ) ;
#2307 = EDGE_CURVE ( 'NONE', #1519, #1676, #623, .T. ) ;
#2308 = ORIENTED_EDGE ( 'NONE', *, *, #3002, .F. ) ;
#2309 = DIRECTION ( 'NONE',  ( -0.1771127073163157595, -0.5823694285241365343, -0.7933958265755848283 ) ) ;
#2310 = DIRECTION ( 'NONE',  ( 0.4813818453556409915, 0.05406668479067299610, -0.8748418786030671690 ) ) ;
#2311 = DIRECTION ( 'NONE',  ( -0.4813818453556411026, -0.05406668479067311406, 0.8748418786030672800 ) ) ;
#2312 = ORIENTED_EDGE ( 'NONE', *, *, #2532, .T. ) ;
#2313 = ADVANCED_FACE ( 'NONE', ( #1270 ), #581, .F. ) ;
#2314 =( BOUNDED_CURVE ( )  B_SPLINE_CURVE ( 3, ( #975, #2005, #666, #2882 ),
 .UNSPECIFIED., .F., .T. ) 
 B_SPLINE_CURVE_WITH_KNOTS ( ( 4, 4 ),
 ( 4.712388980385072479, 5.497787143782744579 ),
 .UNSPECIFIED. ) 
 CURVE ( )  GEOMETRIC_REPRESENTATION_ITEM ( )  RATIONAL_B_SPLINE_CURVE ( ( 1.000000000000000000, 0.9492530216741625892, 0.9492530216741625892, 1.000000000000000000 ) ) 
 REPRESENTATION_ITEM ( '' )  );
#2315 = CARTESIAN_POINT ( 'NONE',  ( -8.147825992283626917, -19.37624454869471435, 17.60506766187849337 ) ) ;
#2316 = ADVANCED_FACE ( 'NONE', ( #2798 ), #2545, .F. ) ;
#2317 = CARTESIAN_POINT ( 'NONE',  ( -6.828154274548091429, -18.36422135010122147, 16.63320436050549134 ) ) ;
#2318 = DIRECTION ( 'NONE',  ( -0.4813818453556411026, -0.05406668479067291283, 0.8748418786030672800 ) ) ;
#2319 = PLANE ( 'NONE',  #1430 ) ;
#2320 = DIRECTION ( 'NONE',  ( -0.4813818453556409915, -0.05406668479067299610, 0.8748418786030671690 ) ) ;
#2321 = VERTEX_POINT ( 'NONE', #1832 ) ;
#2322 = EDGE_CURVE ( 'NONE', #919, #3037, #3181, .T. ) ;
#2323 = DIRECTION ( 'NONE',  ( 0.4813818453556196197, 0.05406668479069656752, -0.8748418786030774941 ) ) ;
#2324 = EDGE_CURVE ( 'NONE', #4030, #991, #2216, .T. ) ;
#2325 = LINE ( 'NONE', #744, #2907 ) ;
#2326 = CARTESIAN_POINT ( 'NONE',  ( -6.752122491661063819, -17.52867157842869972, 14.83657388425009849 ) ) ;
#2327 = DIRECTION ( 'NONE',  ( 0.000000000000000000, 0.01524387629984995211, -0.9998838053670811021 ) ) ;
#2328 = ORIENTED_EDGE ( 'NONE', *, *, #2015, .T. ) ;
#2329 = CARTESIAN_POINT ( 'NONE',  ( -5.434334095972535472, -17.30783375135909807, 15.44032772318809066 ) ) ;
#2330 = CARTESIAN_POINT ( 'NONE',  ( -5.491190219439740616, -17.31421958027130259, 15.54365550412549446 ) ) ;
#2331 = AXIS2_PLACEMENT_3D ( 'NONE', #319, #3527, #2952 ) ;
#2332 = ADVANCED_FACE ( 'NONE', ( #1206 ), #600, .F. ) ;
#2333 = DIRECTION ( 'NONE',  ( -0.4813818453556411026, -0.05406668479067271160, 0.8748418786030672800 ) ) ;
#2334 = AXIS2_PLACEMENT_3D ( 'NONE', #3640, #2975, #2345 ) ;
#2335 = CARTESIAN_POINT ( 'NONE',  ( -7.760306486606849852, -18.44034387604500225, 16.45310180950600198 ) ) ;
#2336 = CARTESIAN_POINT ( 'NONE',  ( -6.217635362411717104, -18.14611738118944828, 14.95750878616886048 ) ) ;
#2337 = ORIENTED_EDGE ( 'NONE', *, *, #2973, .T. ) ;
#2338 = EDGE_CURVE ( 'NONE', #2665, #1098, #952, .T. ) ;
#2339 = ORIENTED_EDGE ( 'NONE', *, *, #2864, .T. ) ;
#2340 = CARTESIAN_POINT ( 'NONE',  ( -6.034225493531377715, -17.63710133839889593, 15.08988812683539571 ) ) ;
#2341 = CARTESIAN_POINT ( 'NONE',  ( -7.332052831173657914, -19.31412492262953151, 18.05778603489570600 ) ) ;
#2342 = LOCAL_TIME ( 13, 13, 13.00000000000000000, #995 ) ;
#2343 = CARTESIAN_POINT ( 'NONE',  ( -6.217635362411717104, -18.14611738118944828, 14.95750878616886048 ) ) ;
#2344 = ADVANCED_FACE ( 'NONE', ( #287 ), #1916, .F. ) ;
#2345 = DIRECTION ( 'NONE',  ( 0.08429787499880735113, -0.9963248184195931945, -0.01518961723843521155 ) ) ;
#2346 = DIRECTION ( 'NONE',  ( -0.08429787499880304902, 0.9963248184195934165, 0.01518961723843469287 ) ) ;
#2347 = AXIS2_PLACEMENT_3D ( 'NONE', #2230, #1242, #1906 ) ;
#2348 = EDGE_LOOP ( 'NONE', ( #3908, #3557, #2412, #2626, #2624, #1729, #538, #3838 ) ) ;
#2349 = CIRCLE ( 'NONE', #2631, 0.07874015748031566730 ) ;
#2350 = AXIS2_PLACEMENT_3D ( 'NONE', #245, #893, #560 ) ;
#2351 = DIRECTION ( 'NONE',  ( -0.08429787499881304103, 0.9963248184195923063, 0.01518961723845788266 ) ) ;
#2352 = CARTESIAN_POINT ( 'NONE',  ( -7.346761216932741867, -19.29312814133734122, 18.07664758761665524 ) ) ;
#2353 = VECTOR ( 'NONE', #2144, 39.37007874015748854 ) ;
#2354 = AXIS2_PLACEMENT_3D ( 'NONE', #2067, #3315, #1716 ) ;
#2355 = CYLINDRICAL_SURFACE ( 'NONE', #2632, 0.02559055118110303492 ) ;
#2356 = AXIS2_PLACEMENT_3D ( 'NONE', #799, #2090, #531 ) ;
#2357 = CIRCLE ( 'NONE', #1904, 0.1181102362204713846 ) ;
#2358 = CARTESIAN_POINT ( 'NONE',  ( -6.156426994641849504, -17.73052992765960667, 15.01687269426630067 ) ) ;
#2359 = LINE ( 'NONE', #195, #970 ) ;
#2360 = EDGE_CURVE ( 'NONE', #2665, #2260, #1558, .T. ) ;
#2361 = VECTOR ( 'NONE', #3416, 39.37007874015748143 ) ;
#2362 = ORIENTED_EDGE ( 'NONE', *, *, #2885, .F. ) ;
#2363 = ORIENTED_EDGE ( 'NONE', *, *, #3133, .T. ) ;
#2364 = LINE ( 'NONE', #3383, #3620 ) ;
#2365 = DIRECTION ( 'NONE',  ( -0.8724479280635792922, -0.06643530569022661203, -0.4841703863057030821 ) ) ;
#2366 = ORIENTED_EDGE ( 'NONE', *, *, #1978, .F. ) ;
#2367 = EDGE_CURVE ( 'NONE', #141, #2718, #2525, .T. ) ;
#2368 = EDGE_LOOP ( 'NONE', ( #2676, #3933 ) ) ;
#2369 = FACE_OUTER_BOUND ( 'NONE', #2712, .T. ) ;
#2370 = CARTESIAN_POINT ( 'NONE',  ( -6.135405445364134458, -17.63910544901200694, 15.03408998920970596 ) ) ;
#2371 = CARTESIAN_POINT ( 'NONE',  ( -6.590653684330374240, -18.57669576698559055, 14.83140084406159431 ) ) ;
#2372 = ORIENTED_EDGE ( 'NONE', *, *, #2440, .F. ) ;
#2373 = EDGE_LOOP ( 'NONE', ( #930, #1992, #3681, #3733, #949, #3675 ) ) ;
#2374 = EDGE_CURVE ( 'NONE', #2099, #3720, #168, .T. ) ;
#2375 = EDGE_CURVE ( 'NONE', #1131, #3518, #2027, .T. ) ;
#2376 = DIRECTION ( 'NONE',  ( 0.4813818453556411026, 0.05406668479067309324, -0.8748418786030671690 ) ) ;
#2377 = CARTESIAN_POINT ( 'NONE',  ( -6.705222810122855037, -17.40460958986059126, 14.73504015259289446 ) ) ;
#2378 = EDGE_CURVE ( 'NONE', #2013, #302, #4016, .T. ) ;
#2379 = DIRECTION ( 'NONE',  ( 0.08429787499879778934, -0.9963248184195937496, -0.01518961723845344697 ) ) ;
#2380 = DIRECTION ( 'NONE',  ( 0.4813818453556188981, 0.05406668479069649119, -0.8748418786030778271 ) ) ;
#2381 = CARTESIAN_POINT ( 'NONE',  ( -8.252129705383524083, -18.34215989072751896, 17.65112547370330986 ) ) ;
#2382 = VERTEX_POINT ( 'NONE', #345 ) ;
#2383 = CARTESIAN_POINT ( 'NONE',  ( -7.288933306393504452, -19.34407600888141943, 17.98419679544161554 ) ) ;
#2384 = DIRECTION ( 'NONE',  ( -0.4580992672654199405, 0.000000000000000000, 0.8889010413599959248 ) ) ;
#2385 = EDGE_LOOP ( 'NONE', ( #891, #1772 ) ) ;
#2386 = EDGE_LOOP ( 'NONE', ( #1411, #423 ) ) ;
#2387 = EDGE_CURVE ( 'NONE', #2692, #2107, #3762, .T. ) ;
#2388 = CARTESIAN_POINT ( 'NONE',  ( -8.308340772615597558, -18.34583797221395685, 17.58042522749864034 ) ) ;
#2389 = VERTEX_POINT ( 'NONE', #2625 ) ;
#2390 = DIRECTION ( 'NONE',  ( -0.8724479280923818081, -0.06643530534973238200, -0.4841703863005232811 ) ) ;
#2391 = ORIENTED_EDGE ( 'NONE', *, *, #2747, .F. ) ;
#2392 = DIRECTION ( 'NONE',  ( 0.08429787499881302715, -0.9963248184195923063, -0.01518961723845785664 ) ) ;
#2393 = EDGE_LOOP ( 'NONE', ( #3709, #2649, #594, #738 ) ) ;
#2394 = VERTEX_POINT ( 'NONE', #43 ) ;
#2395 = CARTESIAN_POINT ( 'NONE',  ( -7.476025869032106641, -18.40841473201850675, 15.93646290491749795 ) ) ;
#2396 = VERTEX_POINT ( 'NONE', #1641 ) ;
#2397 = ORIENTED_EDGE ( 'NONE', *, *, #3611, .T. ) ;
#2398 = DIRECTION ( 'NONE',  ( 0.4813818453556369392, 0.05406668479066899929, -0.8748418786030697225 ) ) ;
#2399 = CYLINDRICAL_SURFACE ( 'NONE', #972, 0.02559055118110303492 ) ;
#2400 = ORIENTED_EDGE ( 'NONE', *, *, #458, .F. ) ;
#2401 = FACE_OUTER_BOUND ( 'NONE', #69, .T. ) ;
#2402 = AXIS2_PLACEMENT_3D ( 'NONE', #415, #2939, #1322 ) ;
#2403 = EDGE_CURVE ( 'NONE', #2940, #2382, #1369, .T. ) ;
#2404 = EDGE_CURVE ( 'NONE', #4030, #3155, #2259, .T. ) ;
#2405 = VECTOR ( 'NONE', #3705, 39.37007874015748854 ) ;
#2406 = VERTEX_POINT ( 'NONE', #1382 ) ;
#2407 = DIRECTION ( 'NONE',  ( 0.8724479280635683009, 0.06643530569022530752, 0.4841703863057231216 ) ) ;
#2408 = DIRECTION ( 'NONE',  ( -0.4813818453556411026, -0.05406668479067300997, 0.8748418786030672800 ) ) ;
#2409 = VERTEX_POINT ( 'NONE', #706 ) ;
#2410 = SHAPE_DEFINITION_REPRESENTATION ( #2522, #232 ) ;
#2411 = AXIS2_PLACEMENT_3D ( 'NONE', #2209, #612, #1220 ) ;
#2412 = ORIENTED_EDGE ( 'NONE', *, *, #1634, .T. ) ;
#2413 = VECTOR ( 'NONE', #3726, 39.37007874015748854 ) ;
#2414 = FACE_OUTER_BOUND ( 'NONE', #1478, .T. ) ;
#2415 = EDGE_LOOP ( 'NONE', ( #598, #2966, #398, #1143 ) ) ;
#2416 = EDGE_CURVE ( 'NONE', #1664, #2723, #707, .T. ) ;
#2417 = LINE ( 'NONE', #1794, #1880 ) ;
#2418 = ORIENTED_EDGE ( 'NONE', *, *, #1768, .T. ) ;
#2419 = DIRECTION ( 'NONE',  ( -0.8724479280923781443, -0.06643530534971589518, -0.4841703863005320518 ) ) ;
#2420 = EDGE_CURVE ( 'NONE', #2954, #4034, #2305, .T. ) ;
#2421 = ORIENTED_EDGE ( 'NONE', *, *, #3331, .F. ) ;
#2422 = APPLICATION_CONTEXT ( 'configuration controlled 3d designs of mechanical parts and assemblies' ) ;
#2423 = CARTESIAN_POINT ( 'NONE',  ( -6.169152912339664674, -17.66686574343581029, 15.11956070323370049 ) ) ;
#2424 = CARTESIAN_POINT ( 'NONE',  ( -5.939160388853641948, -18.91405472824669332, 15.51330494713029573 ) ) ;
#2425 = EDGE_CURVE ( 'NONE', #933, #3220, #387, .T. ) ;
#2426 = AXIS2_PLACEMENT_3D ( 'NONE', #2636, #1038, #2309 ) ;
#2427 = CARTESIAN_POINT ( 'NONE',  ( -8.013182004421613769, -19.12339615190598607, 17.73432477215090586 ) ) ;
#2428 = VECTOR ( 'NONE', #253, 39.37007874015748854 ) ;
#2429 = LINE ( 'NONE', #1084, #1090 ) ;
#2430 = CIRCLE ( 'NONE', #2642, 0.1968503937007879401 ) ;
#2431 = AXIS2_PLACEMENT_3D ( 'NONE', #4111, #4092, #916 ) ;
#2432 = AXIS2_PLACEMENT_3D ( 'NONE', #112, #484, #3974 ) ;
#2433 = EDGE_CURVE ( 'NONE', #383, #505, #499, .T. ) ;
#2434 = ORIENTED_EDGE ( 'NONE', *, *, #479, .T. ) ;
#2435 = DIRECTION ( 'NONE',  ( -0.8724479280923818081, -0.06643530534973238200, -0.4841703863005232811 ) ) ;
#2436 = CARTESIAN_POINT ( 'NONE',  ( -8.114662909432480475, -19.28851947529070898, 17.53327247170450676 ) ) ;
#2437 = AXIS2_PLACEMENT_3D ( 'NONE', #885, #1969, #733 ) ;
#2438 = AXIS2_PLACEMENT_3D ( 'NONE', #931, #2150, #3473 ) ;
#2439 = VERTEX_POINT ( 'NONE', #1327 ) ;
#2440 = EDGE_CURVE ( 'NONE', #1664, #1516, #2652, .T. ) ;
#2441 = CARTESIAN_POINT ( 'NONE',  ( -6.406118755361082329, -17.96448662331011903, 14.97077675463370028 ) ) ;
#2442 = ORIENTED_EDGE ( 'NONE', *, *, #982, .F. ) ;
#2443 = DIRECTION ( 'NONE',  ( 0.08429787499880325718, -0.9963248184195935275, -0.01518961723843488022 ) ) ;
#2444 = ORIENTED_EDGE ( 'NONE', *, *, #1412, .F. ) ;
#2445 = DIRECTION ( 'NONE',  ( -0.08429787499880735113, 0.9963248184195931945, 0.01518961723843521155 ) ) ;
#2446 = EDGE_LOOP ( 'NONE', ( #1986, #3581, #3361, #420 ) ) ;
#2447 = VERTEX_POINT ( 'NONE', #1991 ) ;
#2448 = DIRECTION ( 'NONE',  ( -0.4813818453556411026, -0.05406668479067311406, 0.8748418786030672800 ) ) ;
#2449 = CARTESIAN_POINT ( 'NONE',  ( -7.257147544707500231, -18.23040788476252061, 15.84288930729929135 ) ) ;
#2450 = PLANE ( 'NONE',  #2828 ) ;
#2451 = EDGE_CURVE ( 'NONE', #4049, #1285, #3913, .T. ) ;
#2452 = CYLINDRICAL_SURFACE ( 'NONE', #699, 0.1309055118110285798 ) ;
#2453 = DIRECTION ( 'NONE',  ( 0.4813818453556411026, 0.05406668479067321120, -0.8748418786030672800 ) ) ;
#2454 = ORIENTED_EDGE ( 'NONE', *, *, #425, .T. ) ;
#2455 = LINE ( 'NONE', #950, #767 ) ;
#2456 = FACE_OUTER_BOUND ( 'NONE', #2393, .T. ) ;
#2457 = VERTEX_POINT ( 'NONE', #3590 ) ;
#2458 = DIRECTION ( 'NONE',  ( -0.8724479280923818081, -0.06643530534973238200, -0.4841703863005232811 ) ) ;
#2459 = ORIENTED_EDGE ( 'NONE', *, *, #2375, .T. ) ;
#2460 = CARTESIAN_POINT ( 'NONE',  ( -8.114662909432480475, -19.28851947529070898, 17.53327247170450676 ) ) ;
#2461 = ORIENTED_EDGE ( 'NONE', *, *, #2731, .T. ) ;
#2462 = CARTESIAN_POINT ( 'NONE',  ( -6.617451658129507308, -19.12035931393389987, 14.81230757368710726 ) ) ;
#2463 = ADVANCED_FACE ( 'NONE', ( #402 ), #2589, .T. ) ;
#2464 = ORIENTED_EDGE ( 'NONE', *, *, #332, .F. ) ;
#2465 = VERTEX_POINT ( 'NONE', #3535 ) ;
#2466 = EDGE_CURVE ( 'NONE', #1336, #4095, #2293, .T. ) ;
#2467 = ORIENTED_EDGE ( 'NONE', *, *, #3399, .T. ) ;
#2468 = CARTESIAN_POINT ( 'NONE',  ( -6.219375821525944481, -17.67250655898889988, 15.21083357661960811 ) ) ;
#2469 = CYLINDRICAL_SURFACE ( 'NONE', #1003, 0.1181102362204719813 ) ;
#2470 = CARTESIAN_POINT ( 'NONE',  ( -7.490416705321241153, -17.64109794263269748, 18.11358493622208954 ) ) ;
#2471 = EDGE_CURVE ( 'NONE', #1233, #520, #2846, .T. ) ;
#2472 = ORIENTED_EDGE ( 'NONE', *, *, #1400, .T. ) ;
#2473 = EDGE_LOOP ( 'NONE', ( #3452, #761 ) ) ;
#2474 = DIRECTION ( 'NONE',  ( -0.4813818453556409915, -0.05406668479067310712, 0.8748418786030671690 ) ) ;
#2475 = FACE_OUTER_BOUND ( 'NONE', #3104, .T. ) ;
#2476 = ADVANCED_FACE ( 'NONE', ( #1656 ), #113, .T. ) ;
#2477 = VERTEX_POINT ( 'NONE', #76 ) ;
#2478 = DIRECTION ( 'NONE',  ( -0.4813818453556409915, -0.05406668479067310712, 0.8748418786030671690 ) ) ;
#2479 = CARTESIAN_POINT ( 'NONE',  ( -6.099324947181928636, -17.85896061712098515, 15.04035587205850533 ) ) ;
#2480 = CIRCLE ( 'NONE', #3281, 0.02559055118110303492 ) ;
#2481 = ORIENTED_EDGE ( 'NONE', *, *, #380, .F. ) ;
#2482 = PLANE ( 'NONE',  #2569 ) ;
#2483 = ORIENTED_EDGE ( 'NONE', *, *, #2466, .F. ) ;
#2484 = PLANE ( 'NONE',  #2204 ) ;
#2485 = VERTEX_POINT ( 'NONE', #1345 ) ;
#2486 = CARTESIAN_POINT ( 'NONE',  ( -7.115288897309212324, -19.00018751904358538, 14.63580440852360276 ) ) ;
#2487 = AXIS2_PLACEMENT_3D ( 'NONE', #3302, #3943, #3641 ) ;
#2488 = VERTEX_POINT ( 'NONE', #2928 ) ;
#2489 = DIRECTION ( 'NONE',  ( -0.08429787499880325718, 0.9963248184195935275, 0.01518961723843489930 ) ) ;
#2490 = EDGE_CURVE ( 'NONE', #1375, #3198, #908, .T. ) ;
#2491 = LINE ( 'NONE', #1545, #1492 ) ;
#2492 = LINE ( 'NONE', #906, #3017 ) ;
#2493 = CARTESIAN_POINT ( 'NONE',  ( -6.762078933590059293, -17.41099541877289170, 14.83836793353029648 ) ) ;
#2494 = ORIENTED_EDGE ( 'NONE', *, *, #4024, .T. ) ;
#2495 = EDGE_CURVE ( 'NONE', #588, #2406, #3380, .T. ) ;
#2496 = CARTESIAN_POINT ( 'NONE',  ( -6.640876593516654047, -18.58233658253870146, 14.92267371744759785 ) ) ;
#2497 = DIRECTION ( 'NONE',  ( -0.08429787513415507028, 0.9963248184092867721, 0.01518961716331895112 ) ) ;
#2498 = AXIS2_PLACEMENT_3D ( 'NONE', #1524, #2206, #589 ) ;
#2499 = ORIENTED_EDGE ( 'NONE', *, *, #2360, .F. ) ;
#2500 = AXIS2_PLACEMENT_3D ( 'NONE', #3639, #1135, #2051 ) ;
#2501 = CARTESIAN_POINT ( 'NONE',  ( -7.144121652358464303, -18.53077157046338641, 15.43649376064960599 ) ) ;
#2502 = DIRECTION ( 'NONE',  ( 0.000000000000000000, -0.5933408921774159239, -0.8049512939738080464 ) ) ;
#2503 = CIRCLE ( 'NONE', #39, 0.02559055118110303492 ) ;
#2504 = DIRECTION ( 'NONE',  ( 0.08429787499880324331, -0.9963248184195934165, -0.01518961723843480910 ) ) ;
#2505 = ADVANCED_FACE ( 'NONE', ( #2045 ), #3089, .T. ) ;
#2506 = VECTOR ( 'NONE', #148, 39.37007874015748854 ) ;
#2507 = ORIENTED_EDGE ( 'NONE', *, *, #3792, .F. ) ;
#2508 = FACE_OUTER_BOUND ( 'NONE', #722, .T. ) ;
#2509 = CARTESIAN_POINT ( 'NONE',  ( -8.329237850669262144, -17.61917057674077469, 17.51837112690727594 ) ) ;
#2510 = EDGE_LOOP ( 'NONE', ( #78, #3278, #3497, #1468 ) ) ;
#2511 = LINE ( 'NONE', #3511, #1080 ) ;
#2512 = LINE ( 'NONE', #3710, #2353 ) ;
#2513 = LINE ( 'NONE', #2449, #542 ) ;
#2514 = CARTESIAN_POINT ( 'NONE',  ( -7.791099091546742628, -18.44131778317563786, 16.34609296974980808 ) ) ;
#2515 = EDGE_CURVE ( 'NONE', #2804, #933, #2359, .T. ) ;
#2516 = ORIENTED_EDGE ( 'NONE', *, *, #3792, .T. ) ;
#2517 = EDGE_CURVE ( 'NONE', #2937, #3955, #3397, .T. ) ;
#2518 = ORIENTED_EDGE ( 'NONE', *, *, #953, .F. ) ;
#2519 = FACE_OUTER_BOUND ( 'NONE', #3989, .T. ) ;
#2520 = DIRECTION ( 'NONE',  ( 0.4813818453556418797, 0.05406668479067338468, -0.8748418786030668359 ) ) ;
#2521 = EDGE_CURVE ( 'NONE', #2622, #2080, #2775, .T. ) ;
#2522 = PRODUCT_DEFINITION_SHAPE ( 'NONE', 'NONE',  #3420 ) ;
#2523 = ORIENTED_EDGE ( 'NONE', *, *, #2950, .T. ) ;
#2524 = CARTESIAN_POINT ( 'NONE',  ( -6.441197294898427295, -18.29872798293268943, 14.82506221754211317 ) ) ;
#2525 = LINE ( 'NONE', #327, #1693 ) ;
#2526 = EDGE_LOOP ( 'NONE', ( #3101, #434, #1344, #2199 ) ) ;
#2527 = EDGE_LOOP ( 'NONE', ( #465, #2948 ) ) ;
#2528 = DIRECTION ( 'NONE',  ( -0.9573022133569719649, -0.08520777461551430620, 0.2762464614197153168 ) ) ;
#2529 = EDGE_LOOP ( 'NONE', ( #2720, #2154, #1021, #626 ) ) ;
#2530 = LINE ( 'NONE', #227, #25 ) ;
#2531 = EDGE_CURVE ( 'NONE', #2715, #3053, #764, .T. ) ;
#2532 = EDGE_CURVE ( 'NONE', #3033, #1131, #3975, .T. ) ;
#2533 = ORIENTED_EDGE ( 'NONE', *, *, #2515, .T. ) ;
#2534 = DIRECTION ( 'NONE',  ( -0.08429787499880178614, 0.9963248184195937496, 0.01518961723843229722 ) ) ;
#2535 = DIRECTION ( 'NONE',  ( -0.8724479280923782554, -0.06643530534971590906, -0.4841703863005321073 ) ) ;
#2536 = CARTESIAN_POINT ( 'NONE',  ( -7.872655011285217164, -18.52785522586409428, 16.38587367361380132 ) ) ;
#2537 = CARTESIAN_POINT ( 'NONE',  ( -7.476025869032106641, -18.40841473201850675, 15.93646290491749795 ) ) ;
#2538 = ORIENTED_EDGE ( 'NONE', *, *, #1394, .T. ) ;
#2539 = DIRECTION ( 'NONE',  ( -0.4813818453556408805, -0.05406668479068088562, 0.8748418786030668359 ) ) ;
#2540 = LINE ( 'NONE', #1851, #2297 ) ;
#2541 = ORIENTED_EDGE ( 'NONE', *, *, #670, .F. ) ;
#2542 = ORIENTED_EDGE ( 'NONE', *, *, #1449, .F. ) ;
#2543 = CARTESIAN_POINT ( 'NONE',  ( -7.482663497008244846, -18.32996395891638741, 15.93765893775788989 ) ) ;
#2544 = ADVANCED_FACE ( 'NONE', ( #2401 ), #3003, .F. ) ;
#2545 = CYLINDRICAL_SURFACE ( 'NONE', #836, 0.02559055118110303492 ) ;
#2546 = ORIENTED_EDGE ( 'NONE', *, *, #1394, .F. ) ;
#2547 = DIRECTION ( 'NONE',  ( 0.4813818453556189536, 0.05406668479069660221, -0.8748418786030780492 ) ) ;
#2548 = VERTEX_POINT ( 'NONE', #2336 ) ;
#2549 = VECTOR ( 'NONE', #3470, 39.37007874015748854 ) ;
#2550 = ORIENTED_EDGE ( 'NONE', *, *, #2042, .F. ) ;
#2551 = VECTOR ( 'NONE', #3010, 39.37007874015748854 ) ;
#2552 = EDGE_LOOP ( 'NONE', ( #3914, #816, #268, #2210 ) ) ;
#2553 = DIRECTION ( 'NONE',  ( -0.8724479280923818081, -0.06643530534973238200, -0.4841703863005232811 ) ) ;
#2554 = CARTESIAN_POINT ( 'NONE',  ( -5.937718686573622229, -17.34822190190700653, 15.29585176310561145 ) ) ;
#2555 = EDGE_CURVE ( 'NONE', #1161, #1311, #2429, .T. ) ;
#2556 = CARTESIAN_POINT ( 'NONE',  ( -7.611528549986181780, -18.50283007686818948, 16.19358632430909495 ) ) ;
#2557 = DIRECTION ( 'NONE',  ( -0.4813818453556409915, -0.05406668479067280181, 0.8748418786030671690 ) ) ;
#2558 = VECTOR ( 'NONE', #2392, 39.37007874015748854 ) ;
#2559 = PLANE ( 'NONE',  #646 ) ;
#2560 = EDGE_CURVE ( 'NONE', #2202, #3215, #3608, .T. ) ;
#2561 = LINE ( 'NONE', #1360, #3507 ) ;
#2562 = ORIENTED_EDGE ( 'NONE', *, *, #2515, .F. ) ;
#2563 = LINE ( 'NONE', #3822, #1694 ) ;
#2564 = ORIENTED_EDGE ( 'NONE', *, *, #6, .T. ) ;
#2565 = DIRECTION ( 'NONE',  ( 0.4813818453556189536, 0.05406668479069660221, -0.8748418786030779382 ) ) ;
#2566 = AXIS2_PLACEMENT_3D ( 'NONE', #2830, #2534, #4076 ) ;
#2567 = EDGE_CURVE ( 'NONE', #991, #2119, #1170, .T. ) ;
#2568 = VECTOR ( 'NONE', #774, 39.37007874015748854 ) ;
#2569 = AXIS2_PLACEMENT_3D ( 'NONE', #4071, #3506, #4048 ) ;
#2570 = CARTESIAN_POINT ( 'NONE',  ( -6.604880166193741076, -17.67828231797320981, 14.99835281435571055 ) ) ;
#2571 = EDGE_LOOP ( 'NONE', ( #1134, #1356, #654, #2507 ) ) ;
#2572 = PERSON_AND_ORGANIZATION_ROLE ( 'creator' ) ;
#2573 = AXIS2_PLACEMENT_3D ( 'NONE', #1065, #1426, #829 ) ;
#2574 = EDGE_CURVE ( 'NONE', #2820, #766, #238, .T. ) ;
#2575 = VECTOR ( 'NONE', #1802, 39.37007874015748854 ) ;
#2576 = VECTOR ( 'NONE', #3001, 39.37007874015748854 ) ;
#2577 = DIRECTION ( 'NONE',  ( -0.4813818453556409915, -0.05406668479067299610, 0.8748418786030671690 ) ) ;
#2578 = ORIENTED_EDGE ( 'NONE', *, *, #1926, .F. ) ;
#2579 = DIRECTION ( 'NONE',  ( -0.4813818453556411581, -0.05406668479067331529, 0.8748418786030671690 ) ) ;
#2580 = PLANE ( 'NONE',  #876 ) ;
#2581 = CARTESIAN_POINT ( 'NONE',  ( -7.760306486606849852, -18.44034387604500225, 16.45310180950600198 ) ) ;
#2582 = CIRCLE ( 'NONE', #1910, 0.1574803149606293640 ) ;
#2583 = FACE_OUTER_BOUND ( 'NONE', #3485, .T. ) ;
#2584 = FACE_OUTER_BOUND ( 'NONE', #94, .T. ) ;
#2585 = EDGE_CURVE ( 'NONE', #3859, #2394, #2168, .T. ) ;
#2586 = EDGE_LOOP ( 'NONE', ( #3770, #2855, #2444, #2190, #2550, #3780, #2546, #2366 ) ) ;
#2587 = FACE_OUTER_BOUND ( 'NONE', #1498, .T. ) ;
#2588 = ORIENTED_EDGE ( 'NONE', *, *, #2738, .T. ) ;
#2589 = PLANE ( 'NONE',  #1429 ) ;
#2590 = ORIENTED_EDGE ( 'NONE', *, *, #2451, .F. ) ;
#2591 = DIRECTION ( 'NONE',  ( -0.4813818453556411026, -0.05406668479067331529, 0.8748418786030672800 ) ) ;
#2592 = DIRECTION ( 'NONE',  ( -0.4813818453556409915, -0.05406668479067299610, 0.8748418786030671690 ) ) ;
#2593 = EDGE_CURVE ( 'NONE', #2477, #1, #1637, .T. ) ;
#2594 = CARTESIAN_POINT ( 'NONE',  ( -7.379461973453563139, -19.04600805880448888, 16.17520541114850374 ) ) ;
#2595 = DIRECTION ( 'NONE',  ( -0.4813818453556409915, -0.05406668479067299610, 0.8748418786030671690 ) ) ;
#2596 = EDGE_CURVE ( 'NONE', #2389, #61, #3932, .T. ) ;
#2597 = CARTESIAN_POINT ( 'NONE',  ( -6.491978585239544408, -18.50132700138419750, 14.78459884994479800 ) ) ;
#2598 = DIRECTION ( 'NONE',  ( 0.7598216429301999364, -0.5233242676548036654, 0.3857496361870156321 ) ) ;
#2599 = ORIENTED_EDGE ( 'NONE', *, *, #3829, .F. ) ;
#2600 = CARTESIAN_POINT ( 'NONE',  ( -6.092804236605512180, -17.59319709391620279, 15.06036852206590559 ) ) ;
#2601 = CARTESIAN_POINT ( 'NONE',  ( -5.289706820511992369, -19.01719764651999967, 15.41426736334500092 ) ) ;
#2602 = ORIENTED_EDGE ( 'NONE', *, *, #311, .T. ) ;
#2603 = DIRECTION ( 'NONE',  ( 0.8724479280923782554, 0.06643530534971589518, 0.4841703863005320518 ) ) ;
#2604 = ORIENTED_EDGE ( 'NONE', *, *, #2711, .T. ) ;
#2605 = CARTESIAN_POINT ( 'NONE',  ( -5.424377654043543551, -17.42550991101490254, 15.43853367390799214 ) ) ;
#2606 = EDGE_CURVE ( 'NONE', #1233, #1193, #2062, .T. ) ;
#2607 = CARTESIAN_POINT ( 'NONE',  ( -6.096780658982795309, -17.60178039602519817, 15.05765003282840553 ) ) ;
#2608 = EDGE_CURVE ( 'NONE', #3727, #2321, #1125, .T. ) ;
#2609 = APPROVAL_STATUS ( 'not_yet_approved' ) ;
#2610 = CARTESIAN_POINT ( 'NONE',  ( -6.527030926294036028, -18.43936293324228259, 14.87489667186120101 ) ) ;
#2611 = CIRCLE ( 'NONE', #2402, 0.1181102362204713846 ) ;
#2612 = CYLINDRICAL_SURFACE ( 'NONE', #1068, 0.1181102362204723283 ) ;
#2613 = DIRECTION ( 'NONE',  ( -0.4813818453556411026, -0.05406668479067311406, 0.8748418786030672800 ) ) ;
#2614 = ORIENTED_EDGE ( 'NONE', *, *, #127, .F. ) ;
#2615 = AXIS2_PLACEMENT_3D ( 'NONE', #1435, #1680, #2993 ) ;
#2616 = EDGE_CURVE ( 'NONE', #1320, #2221, #3376, .T. ) ;
#2617 = DIRECTION ( 'NONE',  ( -0.4813818453556411026, -0.05406668479067311406, 0.8748418786030672800 ) ) ;
#2618 = DIRECTION ( 'NONE',  ( 0.3999959662423371864, -0.6662771159171884117, -0.6293473061791339251 ) ) ;
#2619 = AXIS2_PLACEMENT_3D ( 'NONE', #394, #3542, #378 ) ;
#2620 = EDGE_CURVE ( 'NONE', #1184, #559, #1305, .T. ) ;
#2621 = CC_DESIGN_APPROVAL ( #3954, ( #3929 ) ) ;
#2622 = VERTEX_POINT ( 'NONE', #3460 ) ;
#2623 = DIRECTION ( 'NONE',  ( -0.4813818453556409915, -0.05406668479067330141, 0.8748418786030671690 ) ) ;
#2624 = ORIENTED_EDGE ( 'NONE', *, *, #332, .T. ) ;
#2625 = CARTESIAN_POINT ( 'NONE',  ( -8.252129705383524083, -18.34215989072751896, 17.65112547370330986 ) ) ;
#2626 = ORIENTED_EDGE ( 'NONE', *, *, #2082, .T. ) ;
#2627 = ADVANCED_FACE ( 'NONE', ( #2193 ), #3760, .T. ) ;
#2628 = ORIENTED_EDGE ( 'NONE', *, *, #1016, .F. ) ;
#2629 = CIRCLE ( 'NONE', #823, 0.1181102362204727446 ) ;
#2630 = CARTESIAN_POINT ( 'NONE',  ( -6.296398428412322446, -17.94153141092260029, 15.03256904763460611 ) ) ;
#2631 = AXIS2_PLACEMENT_3D ( 'NONE', #2296, #3255, #1300 ) ;
#2632 = AXIS2_PLACEMENT_3D ( 'NONE', #2003, #1047, #2986 ) ;
#2633 = ORIENTED_EDGE ( 'NONE', *, *, #3264, .F. ) ;
#2634 = ORIENTED_EDGE ( 'NONE', *, *, #2194, .F. ) ;
#2635 = EDGE_CURVE ( 'NONE', #1258, #3056, #2540, .T. ) ;
#2636 = CARTESIAN_POINT ( 'NONE',  ( -6.617451658129507308, -19.12035931393389987, 14.81230757368710726 ) ) ;
#2637 = CIRCLE ( 'NONE', #2289, 0.1181102362204732720 ) ;
#2638 = DIRECTION ( 'NONE',  ( -0.7598216429302023789, 0.5233242676548148786, -0.3857496361869960921 ) ) ;
#2639 = DIRECTION ( 'NONE',  ( -0.4813818453556411026, -0.05406668479067300997, 0.8748418786030672800 ) ) ;
#2640 = ORIENTED_EDGE ( 'NONE', *, *, #2593, .T. ) ;
#2641 = AXIS2_PLACEMENT_3D ( 'NONE', #1288, #977, #2502 ) ;
#2642 = AXIS2_PLACEMENT_3D ( 'NONE', #2968, #3555, #2990 ) ;
#2643 = CARTESIAN_POINT ( 'NONE',  ( -6.599556432952486063, -18.34475770517523685, 16.62518571072973472 ) ) ;
#2644 = CIRCLE ( 'NONE', #3445, 0.1181102362204713846 ) ;
#2645 = CARTESIAN_POINT ( 'NONE',  ( -6.523789964257714402, -18.56999341825593319, 14.76285093604499465 ) ) ;
#2646 = AXIS2_PLACEMENT_3D ( 'NONE', #3463, #2866, #2780 ) ;
#2647 = EDGE_CURVE ( 'NONE', #740, #1664, #2644, .T. ) ;
#2648 = EDGE_CURVE ( 'NONE', #2227, #3037, #1225, .T. ) ;
#2649 = ORIENTED_EDGE ( 'NONE', *, *, #3583, .T. ) ;
#2650 = LINE ( 'NONE', #3630, #1152 ) ;
#2651 = EDGE_LOOP ( 'NONE', ( #785, #960, #326, #2735 ) ) ;
#2652 = LINE ( 'NONE', #2605, #3182 ) ;
#2653 = ORIENTED_EDGE ( 'NONE', *, *, #2015, .F. ) ;
#2654 = CARTESIAN_POINT ( 'NONE',  ( -8.180486481928749498, -19.37727753319921575, 17.49156764752074977 ) ) ;
#2655 = FACE_OUTER_BOUND ( 'NONE', #1431, .T. ) ;
#2656 = DIRECTION ( 'NONE',  ( -0.4813818453556408805, -0.05406668479068088562, 0.8748418786030668359 ) ) ;
#2657 = DIRECTION ( 'NONE',  ( 0.08429787499881302715, -0.9963248184195923063, -0.01518961723845790347 ) ) ;
#2658 = EDGE_CURVE ( 'NONE', #3800, #517, #2919, .T. ) ;
#2659 = EDGE_LOOP ( 'NONE', ( #3272, #3918, #1437, #231 ) ) ;
#2660 = DIRECTION ( 'NONE',  ( 0.8724479280632698730, 0.06643530569375130646, 0.4841703863057770230 ) ) ;
#2661 = CARTESIAN_POINT ( 'NONE',  ( -6.668760430175315612, -18.96618519740791342, 14.88360814954360478 ) ) ;
#2662 = EDGE_LOOP ( 'NONE', ( #1860, #220 ) ) ;
#2663 = FACE_OUTER_BOUND ( 'NONE', #1453, .T. ) ;
#2664 = FACE_OUTER_BOUND ( 'NONE', #2415, .T. ) ;
#2665 = VERTEX_POINT ( 'NONE', #4085 ) ;
#2666 = DIRECTION ( 'NONE',  ( -0.9573022133569719649, -0.08520777461551430620, 0.2762464614197153168 ) ) ;
#2667 = VERTEX_POINT ( 'NONE', #1871 ) ;
#2668 = EDGE_CURVE ( 'NONE', #1591, #2477, #2130, .T. ) ;
#2669 = ORIENTED_EDGE ( 'NONE', *, *, #18, .F. ) ;
#2670 = CARTESIAN_POINT ( 'NONE',  ( -6.560595534662303940, -19.11397348502161364, 14.70897979274970524 ) ) ;
#2671 = CARTESIAN_POINT ( 'NONE',  ( -6.319460312052854079, -18.08244531411401468, 14.90541463556220414 ) ) ;
#2672 = CARTESIAN_POINT ( 'NONE',  ( -8.298318612935275951, -18.34362075147480198, 17.49061221398779509 ) ) ;
#2673 = PERSON ( 'UNSPECIFIED', 'UNSPECIFIED', 'UNSPECIFIED', ('UNSPECIFIED'), ('UNSPECIFIED'), ('UNSPECIFIED') ) ;
#2674 = FACE_OUTER_BOUND ( 'NONE', #163, .T. ) ;
#2675 = FACE_OUTER_BOUND ( 'NONE', #3678, .T. ) ;
#2676 = ORIENTED_EDGE ( 'NONE', *, *, #3862, .T. ) ;
#2677 = EDGE_CURVE ( 'NONE', #3955, #2457, #618, .T. ) ;
#2678 = DIRECTION ( 'NONE',  ( -0.8724479280923818081, -0.06643530534973238200, -0.4841703863005232811 ) ) ;
#2679 = CARTESIAN_POINT ( 'NONE',  ( -6.433668554608258816, -18.09114206176313999, 14.84203406333979025 ) ) ;
#2680 = AXIS2_PLACEMENT_3D ( 'NONE', #1884, #4056, #941 ) ;
#2681 = DIRECTION ( 'NONE',  ( -0.8724479280923818081, -0.06643530534973238200, -0.4841703863005232811 ) ) ;
#2682 = EDGE_CURVE ( 'NONE', #3955, #2789, #4043, .T. ) ;
#2683 = CIRCLE ( 'NONE', #3481, 0.02559055118110303492 ) ;
#2684 = DIRECTION ( 'NONE',  ( -0.4813818453556411026, -0.05406668479067300997, 0.8748418786030672800 ) ) ;
#2685 = CARTESIAN_POINT ( 'NONE',  ( -6.828154274548091429, -18.36422135010122147, 16.63320436050549134 ) ) ;
#2686 = CIRCLE ( 'NONE', #2411, 0.1574803149606335273 ) ;
#2687 = EDGE_LOOP ( 'NONE', ( #1117, #2454 ) ) ;
#2688 = FACE_OUTER_BOUND ( 'NONE', #1146, .T. ) ;
#2689 = FACE_OUTER_BOUND ( 'NONE', #951, .T. ) ;
#2690 = APPROVAL_PERSON_ORGANIZATION ( #466, #888, #3959 ) ;
#2691 = EDGE_CURVE ( 'NONE', #2891, #1304, #305, .T. ) ;
#2692 = VERTEX_POINT ( 'NONE', #3157 ) ;
#2693 = DIRECTION ( 'NONE',  ( -0.08429787499879778934, 0.9963248184195937496, 0.01518961723845344697 ) ) ;
#2694 = CARTESIAN_POINT ( 'NONE',  ( -6.504820052934746855, -18.43606081667607555, 14.78156638974260417 ) ) ;
#2695 = LINE ( 'NONE', #3598, #815 ) ;
#2696 = VECTOR ( 'NONE', #2807, 39.37007874015748854 ) ;
#2697 = ADVANCED_FACE ( 'NONE', ( #323 ), #1889, .T. ) ;
#2698 = ORIENTED_EDGE ( 'NONE', *, *, #1899, .F. ) ;
#2699 = VECTOR ( 'NONE', #3847, 39.37007874015748854 ) ;
#2700 = EDGE_LOOP ( 'NONE', ( #2614, #365, #665, #1750 ) ) ;
#2701 = FACE_BOUND ( 'NONE', #3945, .T. ) ;
#2702 = DIRECTION ( 'NONE',  ( -0.4813818453556411026, -0.05406668479067311406, 0.8748418786030672800 ) ) ;
#2703 = CIRCLE ( 'NONE', #493, 0.02559055118110303492 ) ;
#2704 = AXIS2_PLACEMENT_3D ( 'NONE', #2607, #1977, #3524 ) ;
#2705 = CARTESIAN_POINT ( 'NONE',  ( -6.319460312052854079, -18.08244531411401468, 14.90541463556220414 ) ) ;
#2706 = VECTOR ( 'NONE', #3502, 39.37007874015748854 ) ;
#2707 = CIRCLE ( 'NONE', #428, 0.1574803149606293640 ) ;
#2708 = CARTESIAN_POINT ( 'NONE',  ( -6.626419107158564081, -19.20273154293011331, 14.66727496856595714 ) ) ;
#2709 = CARTESIAN_POINT ( 'NONE',  ( -7.115288897309212324, -19.00018751904358538, 14.63580440852360276 ) ) ;
#2710 = ADVANCED_FACE ( 'NONE', ( #932 ), #259, .F. ) ;
#2711 = EDGE_CURVE ( 'NONE', #3717, #1599, #306, .T. ) ;
#2712 = EDGE_LOOP ( 'NONE', ( #877, #2011, #2056, #55 ) ) ;
#2713 = CYLINDRICAL_SURFACE ( 'NONE', #2776, 0.02559055118110303492 ) ;
#2714 = DIRECTION ( 'NONE',  ( 0.08429787499881383206, -0.9963248184195924173, -0.01518961723845363258 ) ) ;
#2715 = VERTEX_POINT ( 'NONE', #1201 ) ;
#2716 = PERSON_AND_ORGANIZATION_ROLE ( 'classification_officer' ) ;
#2717 = ORIENTED_EDGE ( 'NONE', *, *, #1486, .T. ) ;
#2718 = VERTEX_POINT ( 'NONE', #1178 ) ;
#2719 = DIRECTION ( 'NONE',  ( -0.9573022133569719649, -0.08520777461551430620, 0.2762464614197153168 ) ) ;
#2720 = ORIENTED_EDGE ( 'NONE', *, *, #4077, .F. ) ;
#2721 = DIRECTION ( 'NONE',  ( 0.7598216429301999364, -0.5233242676548036654, 0.3857496361870156321 ) ) ;
#2722 = DIRECTION ( 'NONE',  ( 0.4813818453556196197, 0.05406668479069656752, -0.8748418786030774941 ) ) ;
#2723 = VERTEX_POINT ( 'NONE', #3778 ) ;
#2724 = ORIENTED_EDGE ( 'NONE', *, *, #2871, .T. ) ;
#2725 = EDGE_CURVE ( 'NONE', #2321, #564, #2582, .T. ) ;
#2726 = DIRECTION ( 'NONE',  ( -0.4813818453556188981, -0.05406668479069649119, 0.8748418786030778271 ) ) ;
#2727 = CARTESIAN_POINT ( 'NONE',  ( -7.353646936043547910, -19.31576927400523047, 18.04580225252885484 ) ) ;
#2728 = CARTESIAN_POINT ( 'NONE',  ( -6.200964291357834668, -17.73553216030752111, 15.09781278933389892 ) ) ;
#2729 = DIRECTION ( 'NONE',  ( -0.08429787499880284085, 0.9963248184195934165, 0.01518961723843498951 ) ) ;
#2730 = CARTESIAN_POINT ( 'NONE',  ( -8.301047507762186584, -18.31136767697019962, 17.49110393300090749 ) ) ;
#2731 = EDGE_CURVE ( 'NONE', #1222, #2382, #3185, .T. ) ;
#2732 = ORIENTED_EDGE ( 'NONE', *, *, #2338, .F. ) ;
#2733 = DIRECTION ( 'NONE',  ( 0.6765214452375428733, -0.6575311804459650356, 0.3316194820498970519 ) ) ;
#2734 = CARTESIAN_POINT ( 'NONE',  ( -7.760306486606849852, -18.44034387604500225, 16.45310180950600198 ) ) ;
#2735 = ORIENTED_EDGE ( 'NONE', *, *, #89, .T. ) ;
#2736 = ORIENTED_EDGE ( 'NONE', *, *, #3958, .T. ) ;
#2737 = DIRECTION ( 'NONE',  ( 0.4813818453556369392, 0.05406668479066899929, -0.8748418786030697225 ) ) ;
#2738 = EDGE_CURVE ( 'NONE', #3064, #1853, #101, .T. ) ;
#2739 = ORIENTED_EDGE ( 'NONE', *, *, #1776, .T. ) ;
#2740 = CARTESIAN_POINT ( 'NONE',  ( -7.624803805891516184, -18.34592853066039453, 16.19597839001600548 ) ) ;
#2741 = ORIENTED_EDGE ( 'NONE', *, *, #127, .T. ) ;
#2742 = CYLINDRICAL_SURFACE ( 'NONE', #3288, 0.02559055118110303492 ) ;
#2743 = ORIENTED_EDGE ( 'NONE', *, *, #1962, .F. ) ;
#2744 = ORIENTED_EDGE ( 'NONE', *, *, #2064, .T. ) ;
#2745 = CYLINDRICAL_SURFACE ( 'NONE', #363, 0.02559055118110303492 ) ;
#2746 = DIRECTION ( 'NONE',  ( -0.8724479280923818081, -0.06643530534973238200, -0.4841703863005232811 ) ) ;
#2747 = EDGE_CURVE ( 'NONE', #1250, #1998, #4061, .T. ) ;
#2748 = DIRECTION ( 'NONE',  ( -0.8724479280923818081, -0.06643530534973238200, -0.4841703863005232811 ) ) ;
#2749 = CARTESIAN_POINT ( 'NONE',  ( -6.282324648162854075, -17.61448319029049259, 15.40479445852379925 ) ) ;
#2750 = AXIS2_PLACEMENT_3D ( 'NONE', #2273, #14, #1281 ) ;
#2751 = ADVANCED_FACE ( 'NONE', ( #2475 ), #642, .T. ) ;
#2752 = VECTOR ( 'NONE', #2803, 39.37007874015748854 ) ;
#2753 = ORIENTED_EDGE ( 'NONE', *, *, #413, .F. ) ;
#2754 = CARTESIAN_POINT ( 'NONE',  ( -8.114662909432480475, -19.28851947529070898, 17.53327247170450676 ) ) ;
#2755 = CARTESIAN_POINT ( 'NONE',  ( -5.927762244644645406, -17.46589806156289626, 15.29405771382539392 ) ) ;
#2756 =( BOUNDED_CURVE ( )  B_SPLINE_CURVE ( 3, ( #3855, #3273, #1650, #322 ),
 .UNSPECIFIED., .F., .T. ) 
 B_SPLINE_CURVE_WITH_KNOTS ( ( 4, 4 ),
 ( 5.497787143782744579, 6.283185307179586232 ),
 .UNSPECIFIED. ) 
 CURVE ( )  GEOMETRIC_REPRESENTATION_ITEM ( )  RATIONAL_B_SPLINE_CURVE ( ( 1.000000000000000000, 0.9492530216742685045, 0.9492530216742685045, 1.000000000000000000 ) ) 
 REPRESENTATION_ITEM ( '' )  );
#2757 = AXIS2_PLACEMENT_3D ( 'NONE', #3271, #2613, #3869 ) ;
#2758 = ORIENTED_EDGE ( 'NONE', *, *, #2194, .T. ) ;
#2759 = ORIENTED_EDGE ( 'NONE', *, *, #3434, .T. ) ;
#2760 = DIRECTION ( 'NONE',  ( -0.4813818453556411026, -0.05406668479067311406, 0.8748418786030672800 ) ) ;
#2761 = ORIENTED_EDGE ( 'NONE', *, *, #3669, .T. ) ;
#2762 = CARTESIAN_POINT ( 'NONE',  ( -7.489301124984369729, -18.25151318581429294, 15.93885497059821077 ) ) ;
#2763 = CARTESIAN_POINT ( 'NONE',  ( -6.241702244882614714, -17.67420667507069965, 15.19844338956862195 ) ) ;
#2764 = EDGE_CURVE ( 'NONE', #2789, #2900, #645, .T. ) ;
#2765 = EDGE_CURVE ( 'NONE', #2099, #3698, #2561, .T. ) ;
#2766 = EDGE_CURVE ( 'NONE', #3236, #804, #1944, .T. ) ;
#2767 = CIRCLE ( 'NONE', #291, 0.1968503937007865801 ) ;
#2768 = DIRECTION ( 'NONE',  ( 0.000000000000000000, -0.6333441556334715727, -0.7738702607833723990 ) ) ;
#2769 = FACE_OUTER_BOUND ( 'NONE', #1613, .T. ) ;
#2770 = CIRCLE ( 'NONE', #3616, 0.07874015748031573669 ) ;
#2771 = VECTOR ( 'NONE', #3539, 39.37007874015748143 ) ;
#2772 = EDGE_LOOP ( 'NONE', ( #3028, #2633 ) ) ;
#2773 = FACE_OUTER_BOUND ( 'NONE', #453, .T. ) ;
#2774 = CIRCLE ( 'NONE', #2160, 0.1309055118110285798 ) ;
#2775 = LINE ( 'NONE', #2730, #2913 ) ;
#2776 = AXIS2_PLACEMENT_3D ( 'NONE', #3672, #3635, #3093 ) ;
#2777 = AXIS2_PLACEMENT_3D ( 'NONE', #3522, #459, #3313 ) ;
#2778 = AXIS2_PLACEMENT_3D ( 'NONE', #3996, #3695, #2987 ) ;
#2779 = ORIENTED_EDGE ( 'NONE', *, *, #2864, .F. ) ;
#2780 = DIRECTION ( 'NONE',  ( -0.8724479280923818081, -0.06643530534973238200, -0.4841703863005232811 ) ) ;
#2781 = LINE ( 'NONE', #3957, #1026 ) ;
#2782 = ORIENTED_EDGE ( 'NONE', *, *, #3801, .T. ) ;
#2783 = LINE ( 'NONE', #183, #1421 ) ;
#2784 = ORIENTED_EDGE ( 'NONE', *, *, #346, .T. ) ;
#2785 = LINE ( 'NONE', #897, #3601 ) ;
#2786 = ORIENTED_EDGE ( 'NONE', *, *, #1069, .F. ) ;
#2787 = LINE ( 'NONE', #4033, #3422 ) ;
#2788 = VERTEX_POINT ( 'NONE', #2958 ) ;
#2789 = VERTEX_POINT ( 'NONE', #3235 ) ;
#2790 = LINE ( 'NONE', #1847, #3245 ) ;
#2791 = ADVANCED_FACE ( 'NONE', ( #362 ), #1302, .T. ) ;
#2792 = CARTESIAN_POINT ( 'NONE',  ( -6.387059492523563087, -18.22836144997929253, 14.85920031849289380 ) ) ;
#2793 = FACE_OUTER_BOUND ( 'NONE', #3360, .T. ) ;
#2794 = LINE ( 'NONE', #1553, #3175 ) ;
#2795 = CARTESIAN_POINT ( 'NONE',  ( -6.030807275521692823, -17.47374475117110393, 15.23687223512850331 ) ) ;
#2796 = VERTEX_POINT ( 'NONE', #1339 ) ;
#2797 = CARTESIAN_POINT ( 'NONE',  ( -6.656412556419684989, -18.35114353408751953, 16.72851349166710477 ) ) ;
#2798 = FACE_OUTER_BOUND ( 'NONE', #3381, .T. ) ;
#2799 = ADVANCED_FACE ( 'NONE', ( #2584 ), #397, .T. ) ;
#2800 = EDGE_LOOP ( 'NONE', ( #2806, #1532, #2278 ) ) ;
#2801 = DIRECTION ( 'NONE',  ( 0.8724479280923783664, 0.06643530534971342494, 0.4841703863005322184 ) ) ;
#2802 = ORIENTED_EDGE ( 'NONE', *, *, #1192, .T. ) ;
#2803 = DIRECTION ( 'NONE',  ( 0.4813818453556409915, 0.05406668479067330141, -0.8748418786030671690 ) ) ;
#2804 = VERTEX_POINT ( 'NONE', #680 ) ;
#2805 = CARTESIAN_POINT ( 'NONE',  ( -7.712682887075827054, -18.59462985905011934, 16.46977157003139780 ) ) ;
#2806 = ORIENTED_EDGE ( 'NONE', *, *, #1423, .F. ) ;
#2807 = DIRECTION ( 'NONE',  ( -0.4813818453556409915, -0.05406668479067310712, 0.8748418786030671690 ) ) ;
#2808 = DIRECTION ( 'NONE',  ( -0.8724479280923896907, -0.06643530534971456292, -0.4841703863005117903 ) ) ;
#2809 = LINE ( 'NONE', #591, #207 ) ;
#2810 = DIRECTION ( 'NONE',  ( 0.4813818453556409915, 0.05406668479067330141, -0.8748418786030671690 ) ) ;
#2811 = ORIENTED_EDGE ( 'NONE', *, *, #1126, .F. ) ;
#2812 = VERTEX_POINT ( 'NONE', #3815 ) ;
#2813 = CC_DESIGN_PERSON_AND_ORGANIZATION_ASSIGNMENT ( #1621, #2572, ( #3420 ) ) ;
#2814 = CYLINDRICAL_SURFACE ( 'NONE', #3756, 0.1968503937007865801 ) ;
#2815 = DIRECTION ( 'NONE',  ( -0.8724479280923818081, -0.06643530534973238200, -0.4841703863005232811 ) ) ;
#2816 = EDGE_CURVE ( 'NONE', #1, #2477, #3121, .T. ) ;
#2817 = ORIENTED_EDGE ( 'NONE', *, *, #1157, .F. ) ;
#2818 = CYLINDRICAL_SURFACE ( 'NONE', #507, 0.1181102362204723283 ) ;
#2819 = DIRECTION ( 'NONE',  ( -0.4813818453556411026, -0.05406668479067300997, 0.8748418786030672800 ) ) ;
#2820 = VERTEX_POINT ( 'NONE', #3585 ) ;
#2821 = DIRECTION ( 'NONE',  ( 0.08429787499881383206, -0.9963248184195924173, -0.01518961723845363258 ) ) ;
#2822 = AXIS2_PLACEMENT_3D ( 'NONE', #2976, #3283, #1277 ) ;
#2823 = ORIENTED_EDGE ( 'NONE', *, *, #681, .T. ) ;
#2824 = ADVANCED_FACE ( 'NONE', ( #71 ), #664, .T. ) ;
#2825 = SPHERICAL_SURFACE ( 'NONE', #2955, 0.1181102362204724532 ) ;
#2826 = CARTESIAN_POINT ( 'NONE',  ( -6.871382090100806472, -17.70200318217409574, 15.07525665142318871 ) ) ;
#2827 = EDGE_CURVE ( 'NONE', #308, #4028, #1045, .T. ) ;
#2828 = AXIS2_PLACEMENT_3D ( 'NONE', #299, #4057, #1573 ) ;
#2829 = EDGE_LOOP ( 'NONE', ( #3944, #330, #2140, #3881, #3403 ) ) ;
#2830 = CARTESIAN_POINT ( 'NONE',  ( -5.896136441990141641, -19.06543248667621882, 15.21260592456549077 ) ) ;
#2831 = CARTESIAN_POINT ( 'NONE',  ( -7.373664723985708491, -17.78823233992831021, 17.94372203620381967 ) ) ;
#2832 = EDGE_CURVE ( 'NONE', #2488, #3442, #467, .T. ) ;
#2833 = DIRECTION ( 'NONE',  ( -0.08429787499880314616, 0.9963248184195934165, 0.01518961723843479175 ) ) ;
#2834 = DIRECTION ( 'NONE',  ( -0.08429787499880304902, 0.9963248184195934165, 0.01518961723843469287 ) ) ;
#2835 = APPROVAL_PERSON_ORGANIZATION ( #1014, #2922, #1918 ) ;
#2836 = EDGE_LOOP ( 'NONE', ( #2072, #3012, #1124, #3746 ) ) ;
#2837 = ORIENTED_EDGE ( 'NONE', *, *, #1870, .T. ) ;
#2838 = DIRECTION ( 'NONE',  ( 0.08429787499881304103, -0.9963248184195924173, -0.01518961723845785837 ) ) ;
#2839 = DIRECTION ( 'NONE',  ( -0.08429787499880735113, 0.9963248184195931945, 0.01518961723843521155 ) ) ;
#2840 = AXIS2_PLACEMENT_3D ( 'NONE', #794, #2660, #3066 ) ;
#2841 = ORIENTED_EDGE ( 'NONE', *, *, #3347, .T. ) ;
#2842 = AXIS2_PLACEMENT_3D ( 'NONE', #1130, #783, #134 ) ;
#2843 = VECTOR ( 'NONE', #498, 39.37007874015748854 ) ;
#2844 = FACE_OUTER_BOUND ( 'NONE', #1810, .T. ) ;
#2845 = CARTESIAN_POINT ( 'NONE',  ( -6.040763717450689185, -17.35606859151529591, 15.23866628440860183 ) ) ;
#2846 = CIRCLE ( 'NONE', #3624, 0.1968503937007869409 ) ;
#2847 = AXIS2_PLACEMENT_3D ( 'NONE', #1272, #2220, #3184 ) ;
#2848 = ORIENTED_EDGE ( 'NONE', *, *, #3434, .F. ) ;
#2849 = ORIENTED_EDGE ( 'NONE', *, *, #2425, .T. ) ;
#2850 = DIRECTION ( 'NONE',  ( -0.3702968350044038570, -0.8921078494242128398, -0.2588896270255479637 ) ) ;
#2851 = AXIS2_PLACEMENT_3D ( 'NONE', #913, #552, #3715 ) ;
#2852 = VECTOR ( 'NONE', #1888, 39.37007874015748854 ) ;
#2853 = EDGE_CURVE ( 'NONE', #3720, #3489, #2611, .T. ) ;
#2854 = FACE_OUTER_BOUND ( 'NONE', #2586, .T. ) ;
#2855 = ORIENTED_EDGE ( 'NONE', *, *, #2307, .F. ) ;
#2856 = FACE_OUTER_BOUND ( 'NONE', #1712, .T. ) ;
#2857 = CARTESIAN_POINT ( 'NONE',  ( -6.070477813248817078, -17.59149697783441724, 15.07275870911690241 ) ) ;
#2858 = DIRECTION ( 'NONE',  ( -0.8724479280923818081, -0.06643530534973238200, -0.4841703863005232811 ) ) ;
#2859 = FACE_OUTER_BOUND ( 'NONE', #1790, .T. ) ;
#2860 = ADVANCED_FACE ( 'NONE', ( #2879 ), #3873, .T. ) ;
#2861 = EDGE_CURVE ( 'NONE', #929, #1320, #3568, .T. ) ;
#2862 = CARTESIAN_POINT ( 'NONE',  ( -7.489301124984369729, -18.25151318581429294, 15.93885497059821077 ) ) ;
#2863 = DIRECTION ( 'NONE',  ( -0.4813818453556411026, -0.05406668479067311406, 0.8748418786030672800 ) ) ;
#2864 = EDGE_CURVE ( 'NONE', #1757, #1309, #3537, .T. ) ;
#2865 = ORIENTED_EDGE ( 'NONE', *, *, #1016, .T. ) ;
#2866 = DIRECTION ( 'NONE',  ( -0.4813818453556411026, -0.05406668479067311406, 0.8748418786030672800 ) ) ;
#2867 = PLANE ( 'NONE',  #2431 ) ;
#2868 = EDGE_CURVE ( 'NONE', #3819, #1142, #3546, .T. ) ;
#2869 = CARTESIAN_POINT ( 'NONE',  ( -6.491304654087306503, -18.30597079897014368, 15.02205556009768372 ) ) ;
#2870 = CARTESIAN_POINT ( 'NONE',  ( 0.000000000000000000, 0.000000000000000000, 0.000000000000000000 ) ) ;
#2871 = EDGE_CURVE ( 'NONE', #2940, #1222, #3478, .T. ) ;
#2872 = ORIENTED_EDGE ( 'NONE', *, *, #1462, .T. ) ;
#2873 = CARTESIAN_POINT ( 'NONE',  ( -6.604541610527028261, -18.59457052193629778, 14.71689842737159459 ) ) ;
#2874 = CYLINDRICAL_SURFACE ( 'NONE', #3882, 0.1574803149606335273 ) ;
#2875 = CYLINDRICAL_SURFACE ( 'NONE', #476, 0.1181102362204727169 ) ;
#2876 = CARTESIAN_POINT ( 'NONE',  ( -7.223150351539979752, -17.72536245610511685, 14.65523994239169170 ) ) ;
#2877 = VERTEX_POINT ( 'NONE', #2899 ) ;
#2878 = DIRECTION ( 'NONE',  ( 0.8724479280923895796, 0.06643530534971466006, 0.4841703863005116792 ) ) ;
#2879 = FACE_OUTER_BOUND ( 'NONE', #549, .T. ) ;
#2880 = EDGE_CURVE ( 'NONE', #1336, #2447, #1395, .T. ) ;
#2881 = ORIENTED_EDGE ( 'NONE', *, *, #1988, .T. ) ;
#2882 = CARTESIAN_POINT ( 'NONE',  ( -7.502398304784017924, -17.55766231754681428, 18.07260573191550534 ) ) ;
#2883 = VERTEX_POINT ( 'NONE', #480 ) ;
#2884 = LINE ( 'NONE', #1600, #3441 ) ;
#2885 = EDGE_CURVE ( 'NONE', #2032, #1528, #1878, .T. ) ;
#2886 = CARTESIAN_POINT ( 'NONE',  ( -8.249333742964036986, -17.69683173978561186, 17.55753878226749976 ) ) ;
#2887 = CALENDAR_DATE ( 2025, 7, 4 ) ;
#2888 = CIRCLE ( 'NONE', #1063, 0.02559055118110303492 ) ;
#2889 = VECTOR ( 'NONE', #3655, 39.37007874015748854 ) ;
#2890 = CYLINDRICAL_SURFACE ( 'NONE', #1753, 0.1574803149606293640 ) ;
#2891 = VERTEX_POINT ( 'NONE', #2041 ) ;
#2892 = CARTESIAN_POINT ( 'NONE',  ( -5.793091411113087119, -19.05758579706799338, 15.26979140326240270 ) ) ;
#2893 = DIRECTION ( 'NONE',  ( -0.4813818453556411026, -0.05406668479067311406, 0.8748418786030672800 ) ) ;
#2894 = CYLINDRICAL_SURFACE ( 'NONE', #2822, 0.02559055118110303492 ) ;
#2895 = ADVANCED_FACE ( 'NONE', ( #2999 ), #3971, .T. ) ;
#2896 = AXIS2_PLACEMENT_3D ( 'NONE', #2581, #3833, #715 ) ;
#2897 = AXIS2_PLACEMENT_3D ( 'NONE', #2462, #3466, #859 ) ;
#2898 = LINE ( 'NONE', #1002, #489 ) ;
#2899 = CARTESIAN_POINT ( 'NONE',  ( -7.609637856198778749, -18.58678316944189035, 16.52695704872840565 ) ) ;
#2900 = VERTEX_POINT ( 'NONE', #1148 ) ;
#2901 = LINE ( 'NONE', #3571, #2914 ) ;
#2902 = ORIENTED_EDGE ( 'NONE', *, *, #2620, .F. ) ;
#2903 = DIRECTION ( 'NONE',  ( -0.4813818453556409915, -0.05406668479067310712, 0.8748418786030671690 ) ) ;
#2904 = CLOSED_SHELL ( 'NONE', ( #657, #3031, #578, #1583, #2710, #1056, #894, #3888, #800, #4070, #2824, #131, #3214, #2791, #3202, #3496, #3097, #2234, #2697, #2061, #3610, #114, #1060, #1541, #3904, #1314, #3029, #1508, #1769, #1332, #3924, #3842, #77, #3779, #3812, #1844, #2316, #2113, #1570, #724, #2120, #1702, #2313, #2544, #270, #748, #3723, #3204, #1596, #50, #3339, #922, #123, #3377, #910, #2344, #786, #2332, #3837, #2177, #2956, #1804, #136, #1726, #2984, #3627, #3587, #1173, #2007, #1434, #283, #2034, #2912, #3963, #2476, #1755, #1001, #1381, #1202, #340, #1232, #1529, #776, #2286, #463, #4005, #1328, #593, #3576, #321, #3713, #190, #3326, #615, #2799, #2148, #437, #3741, #1151, #2294, #3238, #3547, #848, #289, #1890, #734, #215, #3834, #328, #3967, #636, #3969, #704, #1120, #3928, #4104, #3895, #1823, #180, #2243, #2068, #2751, #1879, #3609, #1642, #3701, #3140, #2302, #2505, #2895, #662, #2860, #1593, #2627, #3046, #3875, #2463 ) ) ;
#2905 = ORIENTED_EDGE ( 'NONE', *, *, #2574, .T. ) ;
#2906 = VECTOR ( 'NONE', #2474, 39.37007874015748854 ) ;
#2907 = VECTOR ( 'NONE', #3961, 39.37007874015748854 ) ;
#2908 = DIRECTION ( 'NONE',  ( -0.4813818453556411026, -0.05406668479067311406, 0.8748418786030672800 ) ) ;
#2909 = EDGE_CURVE ( 'NONE', #308, #3476, #3629, .T. ) ;
#2910 = VECTOR ( 'NONE', #570, 39.37007874015748854 ) ;
#2911 = CIRCLE ( 'NONE', #367, 0.07874015748031573669 ) ;
#2912 = ADVANCED_FACE ( 'NONE', ( #2083 ), #1688, .F. ) ;
#2913 = VECTOR ( 'NONE', #1464, 39.37007874015748854 ) ;
#2914 = VECTOR ( 'NONE', #325, 39.37007874015748854 ) ;
#2915 = DIRECTION ( 'NONE',  ( -0.8724479280923818081, -0.06643530534973238200, -0.4841703863005232811 ) ) ;
#2916 = DIRECTION ( 'NONE',  ( -0.08429787499881304103, 0.9963248184195923063, 0.01518961723845788266 ) ) ;
#2917 = LINE ( 'NONE', #2597, #210 ) ;
#2918 = CARTESIAN_POINT ( 'NONE',  ( -7.601649649854548052, -18.33902453509480424, 15.87162683463379942 ) ) ;
#2919 = CIRCLE ( 'NONE', #3628, 0.07874015748031644446 ) ;
#2920 = ORIENTED_EDGE ( 'NONE', *, *, #1784, .F. ) ;
#2921 = VERTEX_POINT ( 'NONE', #2661 ) ;
#2922 = APPROVAL ( #957, 'UNSPECIFIED' ) ;
#2923 = DIRECTION ( 'NONE',  ( 0.7598216429301999364, -0.5233242676548036654, 0.3857496361870156321 ) ) ;
#2924 = DIRECTION ( 'NONE',  ( -0.8724479280923782554, -0.06643530534971600621, -0.4841703863005321073 ) ) ;
#2925 = LINE ( 'NONE', #59, #1355 ) ;
#2926 = DIRECTION ( 'NONE',  ( 0.000000000000000000, 0.01524387613414885691, -0.9998838053696074146 ) ) ;
#2927 = ORIENTED_EDGE ( 'NONE', *, *, #1784, .T. ) ;
#2928 = CARTESIAN_POINT ( 'NONE',  ( -7.387903291229555691, -18.31932091072924607, 15.76544596952890487 ) ) ;
#2929 = ORIENTED_EDGE ( 'NONE', *, *, #3461, .F. ) ;
#2930 = LINE ( 'NONE', #2306, #1362 ) ;
#2931 = EDGE_LOOP ( 'NONE', ( #890, #2213, #2761, #4066 ) ) ;
#2932 = APPROVAL_ROLE ( '' ) ;
#2933 = EDGE_CURVE ( 'NONE', #302, #1055, #3690, .T. ) ;
#2934 = CARTESIAN_POINT ( 'NONE',  ( -6.314136027181023181, -17.68314960716220696, 15.38304654462399590 ) ) ;
#2935 = LINE ( 'NONE', #2556, #82 ) ;
#2936 = CYLINDRICAL_SURFACE ( 'NONE', #948, 0.02559055118110303492 ) ;
#2937 = VERTEX_POINT ( 'NONE', #795 ) ;
#2938 = CARTESIAN_POINT ( 'NONE',  ( -7.729040032248032155, -18.35763588366629762, 16.38541265506779609 ) ) ;
#2939 = DIRECTION ( 'NONE',  ( 0.8724479280923782554, 0.06643530534971590906, 0.4841703863005321073 ) ) ;
#2940 = VERTEX_POINT ( 'NONE', #1102 ) ;
#2941 = DIRECTION ( 'NONE',  ( 0.08429787529697584103, -0.9963248183968883565, -0.01518961707296211799 ) ) ;
#2942 = ORIENTED_EDGE ( 'NONE', *, *, #1183, .T. ) ;
#2943 = DIRECTION ( 'NONE',  ( -0.4813818453556411581, -0.05406668479067331529, 0.8748418786030671690 ) ) ;
#2944 = EDGE_CURVE ( 'NONE', #956, #3389, #1176, .T. ) ;
#2945 = VERTEX_POINT ( 'NONE', #3926 ) ;
#2946 = CARTESIAN_POINT ( 'NONE',  ( -8.631452189767971461, -19.17047629003779718, 17.39121190018688878 ) ) ;
#2947 = SECURITY_CLASSIFICATION_LEVEL ( 'unclassified' ) ;
#2948 = ORIENTED_EDGE ( 'NONE', *, *, #510, .F. ) ;
#2949 = LINE ( 'NONE', #3578, #2091 ) ;
#2950 = EDGE_CURVE ( 'NONE', #1127, #1161, #1942, .T. ) ;
#2951 = AXIS2_PLACEMENT_3D ( 'NONE', #3325, #2702, #2746 ) ;
#2952 = DIRECTION ( 'NONE',  ( 0.9573022133773341213, 0.08520777437476233229, -0.2762464614234120264 ) ) ;
#2953 = FACE_OUTER_BOUND ( 'NONE', #4035, .T. ) ;
#2954 = VERTEX_POINT ( 'NONE', #455 ) ;
#2955 = AXIS2_PLACEMENT_3D ( 'NONE', #4031, #1238, #1537 ) ;
#2956 = ADVANCED_FACE ( 'NONE', ( #2023 ), #509, .T. ) ;
#2957 = DIRECTION ( 'NONE',  ( -0.4813818453556408805, -0.05406668479068088562, 0.8748418786030668359 ) ) ;
#2958 = CARTESIAN_POINT ( 'NONE',  ( -6.754074521341273396, -17.69064700746968555, 14.98139909198130049 ) ) ;
#2959 = VECTOR ( 'NONE', #2657, 39.37007874015748854 ) ;
#2960 = ORIENTED_EDGE ( 'NONE', *, *, #2880, .T. ) ;
#2961 = EDGE_LOOP ( 'NONE', ( #1028, #720, #1925, #1106 ) ) ;
#2962 = CARTESIAN_POINT ( 'NONE',  ( -7.394053925830728957, -18.56008515179051344, 15.97219449170169447 ) ) ;
#2963 = ORIENTED_EDGE ( 'NONE', *, *, #3006, .T. ) ;
#2964 = DIRECTION ( 'NONE',  ( -0.08429787499880735113, 0.9963248184195931945, 0.01518961723843521155 ) ) ;
#2965 = ORIENTED_EDGE ( 'NONE', *, *, #3267, .F. ) ;
#2966 = ORIENTED_EDGE ( 'NONE', *, *, #2451, .T. ) ;
#2967 = CIRCLE ( 'NONE', #3613, 0.1181102362204732720 ) ;
#2968 = CARTESIAN_POINT ( 'NONE',  ( -7.918421798603327844, -19.11275310418740148, 17.56211180391480653 ) ) ;
#2969 = CIRCLE ( 'NONE', #294, 0.02559055118110303492 ) ;
#2970 = AXIS2_PLACEMENT_3D ( 'NONE', #1071, #1389, #2915 ) ;
#2971 = CYLINDRICAL_SURFACE ( 'NONE', #758, 0.1181102362204723283 ) ;
#2972 = AXIS2_PLACEMENT_3D ( 'NONE', #426, #1939, #3831 ) ;
#2973 = EDGE_CURVE ( 'NONE', #3389, #3236, #1601, .T. ) ;
#2974 = AXIS2_PLACEMENT_3D ( 'NONE', #3935, #782, #2094 ) ;
#2975 = DIRECTION ( 'NONE',  ( 0.8724479280923782554, 0.06643530534971581192, 0.4841703863005321073 ) ) ;
#2976 = CARTESIAN_POINT ( 'NONE',  ( -6.546116387614410392, -18.57169353433771875, 14.75046074899399784 ) ) ;
#2977 = VERTEX_POINT ( 'NONE', #2424 ) ;
#2978 = AXIS2_PLACEMENT_3D ( 'NONE', #686, #2242, #723 ) ;
#2979 = AXIS2_PLACEMENT_3D ( 'NONE', #242, #2157, #1513 ) ;
#2980 = DIRECTION ( 'NONE',  ( 0.4813818453556411026, 0.05406668479067321120, -0.8748418786030672800 ) ) ;
#2981 = AXIS2_PLACEMENT_3D ( 'NONE', #3113, #2863, #3475 ) ;
#2982 = DIRECTION ( 'NONE',  ( 0.000000000000000000, -0.9907169414002590102, 0.1359409504987943995 ) ) ;
#2983 = AXIS2_PLACEMENT_3D ( 'NONE', #2600, #1967, #1927 ) ;
#2984 = ADVANCED_FACE ( 'NONE', ( #3043 ), #3663, .T. ) ;
#2985 = ORIENTED_EDGE ( 'NONE', *, *, #1363, .F. ) ;
#2986 = DIRECTION ( 'NONE',  ( -0.8724479280923818081, -0.06643530534973238200, -0.4841703863005232811 ) ) ;
#2987 = DIRECTION ( 'NONE',  ( -0.9573022133773402276, -0.08520777437474354177, 0.2762464614233963722 ) ) ;
#2988 = CARTESIAN_POINT ( 'NONE',  ( -6.110902106942420531, -18.92713254472889872, 15.41799581596169411 ) ) ;
#2989 = ORIENTED_EDGE ( 'NONE', *, *, #2608, .F. ) ;
#2990 = DIRECTION ( 'NONE',  ( -0.9573022133773341213, -0.08520777437476233229, 0.2762464614234120264 ) ) ;
#2991 = DIRECTION ( 'NONE',  ( 0.8724479280923782554, 0.06643530534971581192, 0.4841703863005321073 ) ) ;
#2992 = DIRECTION ( 'NONE',  ( -0.08429787499880314616, 0.9963248184195934165, 0.01518961723843479175 ) ) ;
#2993 = DIRECTION ( 'NONE',  ( -0.2765254789952332204, -0.008745935471210533954, -0.9609667882290158225 ) ) ;
#2994 = DIRECTION ( 'NONE',  ( -0.8724479280923818081, -0.06643530534973238200, -0.4841703863005232811 ) ) ;
#2995 = ORIENTED_EDGE ( 'NONE', *, *, #6, .F. ) ;
#2996 = EDGE_CURVE ( 'NONE', #2457, #517, #3644, .T. ) ;
#2997 = ORIENTED_EDGE ( 'NONE', *, *, #2635, .T. ) ;
#2998 = PLANE ( 'NONE',  #35 ) ;
#2999 = FACE_OUTER_BOUND ( 'NONE', #3979, .T. ) ;
#3000 = CARTESIAN_POINT ( 'NONE',  ( -8.292785176741199749, -17.86164890544980466, 17.65845117485029547 ) ) ;
#3001 = DIRECTION ( 'NONE',  ( 0.4813818453556409915, 0.05406668479067319733, -0.8748418786030671690 ) ) ;
#3002 = EDGE_CURVE ( 'NONE', #695, #2788, #1399, .T. ) ;
#3003 = CYLINDRICAL_SURFACE ( 'NONE', #3885, 0.1309055118110285243 ) ;
#3004 = EDGE_LOOP ( 'NONE', ( #1934, #3981, #4072, #1568 ) ) ;
#3005 = DIRECTION ( 'NONE',  ( 0.9610035431789897276, 0.000000000000000000, -0.2765360555107194696 ) ) ;
#3006 = EDGE_CURVE ( 'NONE', #3698, #358, #2109, .T. ) ;
#3007 = LINE ( 'NONE', #492, #2024 ) ;
#3008 = ORIENTED_EDGE ( 'NONE', *, *, #2691, .T. ) ;
#3009 = CARTESIAN_POINT ( 'NONE',  ( -7.545406442074488851, -17.80131015641051206, 17.84841290503511857 ) ) ;
#3010 = DIRECTION ( 'NONE',  ( -0.4813818453556188981, -0.05406668479069649119, 0.8748418786030778271 ) ) ;
#3011 = CARTESIAN_POINT ( 'NONE',  ( -7.490972292705623481, -17.79958851510122031, 18.03757959563854740 ) ) ;
#3012 = ORIENTED_EDGE ( 'NONE', *, *, #2378, .F. ) ;
#3013 = ORIENTED_EDGE ( 'NONE', *, *, #535, .F. ) ;
#3014 = CARTESIAN_POINT ( 'NONE',  ( -6.752122491661063819, -17.52867157842869972, 14.83657388425009849 ) ) ;
#3015 = EDGE_CURVE ( 'NONE', #3188, #1320, #1469, .T. ) ;
#3016 = CARTESIAN_POINT ( 'NONE',  ( -7.360532655154304216, -19.33841040667319433, 18.01495691744120009 ) ) ;
#3017 = VECTOR ( 'NONE', #545, 39.37007874015748143 ) ;
#3018 = CARTESIAN_POINT ( 'NONE',  ( -7.437544987843719646, -19.07613521934889889, 17.82897737116701009 ) ) ;
#3019 = AXIS2_PLACEMENT_3D ( 'NONE', #449, #789, #746 ) ;
#3020 = CARTESIAN_POINT ( 'NONE',  ( -7.520567579534979785, -18.33422117765460868, 16.00654412496409407 ) ) ;
#3021 = DIRECTION ( 'NONE',  ( -0.8724479280923896907, -0.06643530534971456292, -0.4841703863005117903 ) ) ;
#3022 = CIRCLE ( 'NONE', #3488, 0.1968503937007869409 ) ;
#3023 = VERTEX_POINT ( 'NONE', #4100 ) ;
#3024 = CARTESIAN_POINT ( 'NONE',  ( -7.760306486606849852, -18.44034387604500225, 16.45310180950600198 ) ) ;
#3025 = CARTESIAN_POINT ( 'NONE',  ( -8.243286034184331257, -17.76831020056389931, 17.55644904683191143 ) ) ;
#3026 = VECTOR ( 'NONE', #250, 39.37007874015748854 ) ;
#3027 = ORIENTED_EDGE ( 'NONE', *, *, #45, .F. ) ;
#3028 = ORIENTED_EDGE ( 'NONE', *, *, #1485, .F. ) ;
#3029 = ADVANCED_FACE ( 'NONE', ( #2769 ), #1572, .F. ) ;
#3030 = EDGE_LOOP ( 'NONE', ( #3534, #3172, #22, #515 ) ) ;
#3031 = ADVANCED_FACE ( 'NONE', ( #1196 ), #3711, .T. ) ;
#3032 = CARTESIAN_POINT ( 'NONE',  ( -8.195273582061613382, -18.33577406182629943, 17.54779769268529677 ) ) ;
#3033 = VERTEX_POINT ( 'NONE', #611 ) ;
#3034 = CARTESIAN_POINT ( 'NONE',  ( -7.353646936043547910, -19.31576927400523047, 18.04580225252885484 ) ) ;
#3035 = FACE_OUTER_BOUND ( 'NONE', #2102, .T. ) ;
#3036 = AXIS2_PLACEMENT_3D ( 'NONE', #1544, #630, #1882 ) ;
#3037 = VERTEX_POINT ( 'NONE', #863 ) ;
#3038 = ORIENTED_EDGE ( 'NONE', *, *, #4017, .F. ) ;
#3039 = VECTOR ( 'NONE', #3849, 39.37007874015748854 ) ;
#3040 = AXIS2_PLACEMENT_3D ( 'NONE', #855, #807, #3337 ) ;
#3041 = ORIENTED_EDGE ( 'NONE', *, *, #1423, .T. ) ;
#3042 = FACE_OUTER_BOUND ( 'NONE', #2446, .T. ) ;
#3043 = FACE_OUTER_BOUND ( 'NONE', #1172, .T. ) ;
#3044 = AXIS2_PLACEMENT_3D ( 'NONE', #1387, #675, #3615 ) ;
#3045 = VECTOR ( 'NONE', #1257, 39.37007874015748854 ) ;
#3046 = ADVANCED_FACE ( 'NONE', ( #1821 ), #3107, .T. ) ;
#3047 = CARTESIAN_POINT ( 'NONE',  ( -8.198024971002144667, -17.85100585679409591, 17.48623820662850292 ) ) ;
#3048 = VECTOR ( 'NONE', #1034, 39.37007874015748854 ) ;
#3049 = CIRCLE ( 'NONE', #2432, 0.02559055118110303492 ) ;
#3050 = CARTESIAN_POINT ( 'NONE',  ( -8.090163516771378127, -19.12583091973259997, 17.46680267276039444 ) ) ;
#3051 = CARTESIAN_POINT ( 'NONE',  ( -7.743789958522558692, -18.35498910737551270, 16.12994628697720501 ) ) ;
#3052 = EDGE_CURVE ( 'NONE', #135, #2715, #342, .T. ) ;
#3053 = VERTEX_POINT ( 'NONE', #4015 ) ;
#3054 = DIRECTION ( 'NONE',  ( -0.8724479280923843616, -0.06643530534972065527, -0.4841703863005206165 ) ) ;
#3055 = DIRECTION ( 'NONE',  ( -0.9573022133773402276, -0.08520777437474354177, 0.2762464614233963722 ) ) ;
#3056 = VERTEX_POINT ( 'NONE', #2187 ) ;
#3057 = ORIENTED_EDGE ( 'NONE', *, *, #3060, .T. ) ;
#3058 = CARTESIAN_POINT ( 'NONE',  ( -6.513631077443976736, -18.30767091505200739, 15.00966537304669401 ) ) ;
#3059 = VERTEX_POINT ( 'NONE', #2536 ) ;
#3060 = EDGE_CURVE ( 'NONE', #2945, #1470, #2480, .T. ) ;
#3061 = DIRECTION ( 'NONE',  ( -0.9573022133773423370, -0.08520777437474676141, 0.2762464614233887117 ) ) ;
#3062 = VERTEX_POINT ( 'NONE', #528 ) ;
#3063 = PLANE ( 'NONE',  #2487 ) ;
#3064 = VERTEX_POINT ( 'NONE', #3455 ) ;
#3065 = EDGE_LOOP ( 'NONE', ( #608, #261, #788, #373, #1450, #614, #1891, #3254, #2920 ) ) ;
#3066 = DIRECTION ( 'NONE',  ( 0.000000000000000000, -0.9907169413056472473, 0.1359409511883102328 ) ) ;
#3067 = EDGE_CURVE ( 'NONE', #61, #3489, #1244, .T. ) ;
#3068 = DIRECTION ( 'NONE',  ( -0.4813818453556409915, -0.05406668479067299610, 0.8748418786030671690 ) ) ;
#3069 = DIRECTION ( 'NONE',  ( -0.4813818453556196197, -0.05406668479069656752, 0.8748418786030774941 ) ) ;
#3070 = DIRECTION ( 'NONE',  ( 0.4813818453556369392, 0.05406668479066899929, -0.8748418786030697225 ) ) ;
#3071 = VERTEX_POINT ( 'NONE', #1526 ) ;
#3072 = DIRECTION ( 'NONE',  ( 0.000000000000000000, 0.01524387629982680570, -0.9998838053670814352 ) ) ;
#3073 = CARTESIAN_POINT ( 'NONE',  ( -8.184923722510433208, -19.13647396838818793, 17.63901564098220476 ) ) ;
#3074 = EDGE_CURVE ( 'NONE', #1008, #461, #2492, .T. ) ;
#3075 = ORIENTED_EDGE ( 'NONE', *, *, #346, .F. ) ;
#3076 = CARTESIAN_POINT ( 'NONE',  ( -7.433560581854036009, -17.63471211372039349, 18.01025715528480475 ) ) ;
#3077 = VERTEX_POINT ( 'NONE', #3731 ) ;
#3078 = CARTESIAN_POINT ( 'NONE',  ( -6.485734591614389366, -18.30373021558064295, 14.90600231260969544 ) ) ;
#3079 = VERTEX_POINT ( 'NONE', #1800 ) ;
#3080 = DIRECTION ( 'NONE',  ( 0.2807807681398027388, 0.7427389548207093961, -0.6078659434732813782 ) ) ;
#3081 = ORIENTED_EDGE ( 'NONE', *, *, #1994, .F. ) ;
#3082 = ORIENTED_EDGE ( 'NONE', *, *, #497, .F. ) ;
#3083 = EDGE_CURVE ( 'NONE', #2900, #2485, #2513, .T. ) ;
#3084 = CYLINDRICAL_SURFACE ( 'NONE', #3759, 0.1968503937007865801 ) ;
#3085 = CARTESIAN_POINT ( 'NONE',  ( -7.545406442114134471, -17.80131015594200861, 17.84841290504228439 ) ) ;
#3086 = EDGE_CURVE ( 'NONE', #3033, #1228, #16, .T. ) ;
#3087 = ORIENTED_EDGE ( 'NONE', *, *, #1459, .T. ) ;
#3088 = LINE ( 'NONE', #595, #2906 ) ;
#3089 = PLANE ( 'NONE',  #2356 ) ;
#3090 = VECTOR ( 'NONE', #57, 39.37007874015748854 ) ;
#3091 = VECTOR ( 'NONE', #839, 39.37007874015748854 ) ;
#3092 = ORIENTED_EDGE ( 'NONE', *, *, #813, .T. ) ;
#3093 = DIRECTION ( 'NONE',  ( -0.8724479280923818081, -0.06643530534973238200, -0.4841703863005232811 ) ) ;
#3094 = DIRECTION ( 'NONE',  ( -0.8724479280923818081, -0.06643530534973238200, -0.4841703863005232811 ) ) ;
#3095 = AXIS2_PLACEMENT_3D ( 'NONE', #1354, #2639, #3893 ) ;
#3096 = ORIENTED_EDGE ( 'NONE', *, *, #1350, .T. ) ;
#3097 = ADVANCED_FACE ( 'NONE', ( #2145 ), #2469, .T. ) ;
#3098 = FACE_OUTER_BOUND ( 'NONE', #2281, .T. ) ;
#3099 = ORIENTED_EDGE ( 'NONE', *, *, #1386, .F. ) ;
#3100 = DIRECTION ( 'NONE',  ( 0.2765254789952332204, 0.008745935471210533954, 0.9609667882290158225 ) ) ;
#3101 = ORIENTED_EDGE ( 'NONE', *, *, #297, .F. ) ;
#3102 = DIRECTION ( 'NONE',  ( -0.4852424155434568731, 0.000000000000000000, 0.8743796647667139155 ) ) ;
#3103 = ORIENTED_EDGE ( 'NONE', *, *, #1768, .F. ) ;
#3104 = EDGE_LOOP ( 'NONE', ( #179, #814, #2985, #2989 ) ) ;
#3105 = CIRCLE ( 'NONE', #2347, 0.02559055118110303492 ) ;
#3106 = DIRECTION ( 'NONE',  ( -0.4813818453556411026, -0.05406668479067300997, 0.8748418786030672800 ) ) ;
#3107 = PLANE ( 'NONE',  #2680 ) ;
#3108 = FACE_OUTER_BOUND ( 'NONE', #223, .T. ) ;
#3109 = AXIS2_PLACEMENT_3D ( 'NONE', #3346, #1044, #3970 ) ;
#3110 = CIRCLE ( 'NONE', #494, 0.1968503937007879401 ) ;
#3111 = DIRECTION ( 'NONE',  ( -0.2765254789952052428, -0.008745935471215712104, -0.9609667882290238161 ) ) ;
#3112 = AXIS2_PLACEMENT_3D ( 'NONE', #2171, #1820, #233 ) ;
#3113 = CARTESIAN_POINT ( 'NONE',  ( -6.264587049394154228, -17.87286499405090723, 15.05431696153441123 ) ) ;
#3114 = AXIS2_PLACEMENT_3D ( 'NONE', #2754, #1786, #3650 ) ;
#3115 = EDGE_CURVE ( 'NONE', #3198, #1375, #3345, .T. ) ;
#3116 = EDGE_CURVE ( 'NONE', #2667, #2622, #1540, .T. ) ;
#3117 = VECTOR ( 'NONE', #2380, 39.37007874015748854 ) ;
#3118 = ORIENTED_EDGE ( 'NONE', *, *, #1634, .F. ) ;
#3119 = FACE_OUTER_BOUND ( 'NONE', #2258, .T. ) ;
#3120 = DIRECTION ( 'NONE',  ( 0.4369697618768986214, 0.8504166786953472057, 0.2929998290136380246 ) ) ;
#3121 = CIRCLE ( 'NONE', #1843, 0.1181102362204723283 ) ;
#3122 = ORIENTED_EDGE ( 'NONE', *, *, #3874, .T. ) ;
#3123 = DIRECTION ( 'NONE',  ( 0.08429787499881831458, -0.9963248184195921953, -0.01518961723843930377 ) ) ;
#3124 = ORIENTED_EDGE ( 'NONE', *, *, #2608, .T. ) ;
#3125 = SPHERICAL_SURFACE ( 'NONE', #1473, 0.1181102362204724532 ) ;
#3126 = ORIENTED_EDGE ( 'NONE', *, *, #33, .T. ) ;
#3127 = DIRECTION ( 'NONE',  ( -0.8724479280923782554, -0.06643530534971581192, -0.4841703863005321073 ) ) ;
#3128 = ORIENTED_EDGE ( 'NONE', *, *, #4041, .F. ) ;
#3129 = DIRECTION ( 'NONE',  ( -0.8724479280923778113, -0.06643530534971169021, -0.4841703863005331065 ) ) ;
#3130 = CARTESIAN_POINT ( 'NONE',  ( -6.321876462176554412, -18.21040847021382092, 15.00193270662590450 ) ) ;
#3131 = DIRECTION ( 'NONE',  ( 0.08429787529697584103, -0.9963248183968883565, -0.01518961707296210585 ) ) ;
#3132 = CARTESIAN_POINT ( 'NONE',  ( -6.570208040069363875, -19.19905346148311409, 14.73797521468951643 ) ) ;
#3133 = EDGE_CURVE ( 'NONE', #1438, #383, #2809, .T. ) ;
#3134 = ORIENTED_EDGE ( 'NONE', *, *, #3900, .F. ) ;
#3135 = CARTESIAN_POINT ( 'NONE',  ( -6.586738791141820037, -18.51197004958522285, 14.95681181839838381 ) ) ;
#3136 = DIRECTION ( 'NONE',  ( -0.4813818453556409915, -0.05406668479067310712, 0.8748418786030671690 ) ) ;
#3137 = EDGE_CURVE ( 'NONE', #3053, #3186, #1546, .T. ) ;
#3138 = EDGE_LOOP ( 'NONE', ( #928, #2841, #2092, #784 ) ) ;
#3139 = DIRECTION ( 'NONE',  ( 0.08429787529697584103, -0.9963248183968883565, -0.01518961707296211799 ) ) ;
#3140 = ADVANCED_FACE ( 'NONE', ( #298 ), #393, .T. ) ;
#3141 = CARTESIAN_POINT ( 'NONE',  ( -7.019816961551752499, -19.03542930660779575, 17.47724196581210521 ) ) ;
#3142 = ORIENTED_EDGE ( 'NONE', *, *, #2668, .F. ) ;
#3143 = EDGE_CURVE ( 'NONE', #559, #1184, #2063, .T. ) ;
#3144 = CARTESIAN_POINT ( 'NONE',  ( -7.534703530511831282, -17.77650451995259928, 16.28074742901869953 ) ) ;
#3145 = ORIENTED_EDGE ( 'NONE', *, *, #3854, .T. ) ;
#3146 = CARTESIAN_POINT ( 'NONE',  ( -6.604880166317323109, -17.67828231798710803, 14.99835281458029534 ) ) ;
#3147 = FACE_OUTER_BOUND ( 'NONE', #3846, .T. ) ;
#3148 = EDGE_CURVE ( 'NONE', #3037, #933, #278, .T. ) ;
#3149 = EDGE_LOOP ( 'NONE', ( #2467, #1324, #1043, #257 ) ) ;
#3150 = PLANE ( 'NONE',  #3036 ) ;
#3151 = LINE ( 'NONE', #2108, #1834 ) ;
#3152 = CARTESIAN_POINT ( 'NONE',  ( -8.168723070250985430, -18.64957715424188933, 17.54301356127159295 ) ) ;
#3153 = CARTESIAN_POINT ( 'NONE',  ( -6.713268679886884804, -18.35752936299980576, 16.83184127260447838 ) ) ;
#3154 = ORIENTED_EDGE ( 'NONE', *, *, #3523, .F. ) ;
#3155 = VERTEX_POINT ( 'NONE', #3209 ) ;
#3156 = FACE_OUTER_BOUND ( 'NONE', #716, .T. ) ;
#3157 = CARTESIAN_POINT ( 'NONE',  ( -5.816232334284927141, -19.14309364972106664, 15.25177357992570748 ) ) ;
#3158 = EDGE_LOOP ( 'NONE', ( #1653, #1980, #685, #2184 ) ) ;
#3159 = CIRCLE ( 'NONE', #1279, 0.07874015748031790163 ) ;
#3160 = CARTESIAN_POINT ( 'NONE',  ( -8.227730099988871615, -19.29858338564993048, 17.56590000651825534 ) ) ;
#3161 = FACE_OUTER_BOUND ( 'NONE', #2510, .T. ) ;
#3162 = AXIS2_PLACEMENT_3D ( 'NONE', #267, #4050, #3390 ) ;
#3163 = LINE ( 'NONE', #3783, #1031 ) ;
#3164 = CIRCLE ( 'NONE', #3667, 0.02559055118110303492 ) ;
#3165 = FACE_BOUND ( 'NONE', #443, .T. ) ;
#3166 = ORIENTED_EDGE ( 'NONE', *, *, #2973, .F. ) ;
#3167 = CARTESIAN_POINT ( 'NONE',  ( -7.747031230701515447, -18.59724542225291444, 16.45070974379909501 ) ) ;
#3168 = DIRECTION ( 'NONE',  ( -0.2765254789952332204, -0.008745935471210533954, -0.9609667882290158225 ) ) ;
#3169 = DIRECTION ( 'NONE',  ( -0.9573022133569719649, -0.08520777461551430620, 0.2762464614197153168 ) ) ;
#3170 = SPHERICAL_SURFACE ( 'NONE', #2071, 0.1181102362204724532 ) ;
#3171 = ORIENTED_EDGE ( 'NONE', *, *, #2853, .T. ) ;
#3172 = ORIENTED_EDGE ( 'NONE', *, *, #3317, .T. ) ;
#3173 = CARTESIAN_POINT ( 'NONE',  ( -6.030807275521692823, -17.47374475117110393, 15.23687223512850331 ) ) ;
#3174 = DIRECTION ( 'NONE',  ( -0.8724479280923843616, -0.06643530534972065527, -0.4841703863005206165 ) ) ;
#3175 = VECTOR ( 'NONE', #530, 39.37007874015748143 ) ;
#3176 = CIRCLE ( 'NONE', #301, 0.1181102362204727446 ) ;
#3177 = ORIENTED_EDGE ( 'NONE', *, *, #2322, .F. ) ;
#3178 = CIRCLE ( 'NONE', #2089, 0.1181102362204713846 ) ;
#3179 = CIRCLE ( 'NONE', #1830, 0.02559055118110303492 ) ;
#3180 = CARTESIAN_POINT ( 'NONE',  ( -6.526848786131830060, -18.60931910012511992, 14.86449332040049143 ) ) ;
#3181 = LINE ( 'NONE', #3464, #1496 ) ;
#3182 = VECTOR ( 'NONE', #3841, 39.37007874015748854 ) ;
#3183 = VECTOR ( 'NONE', #2801, 39.37007874015748143 ) ;
#3184 = DIRECTION ( 'NONE',  ( -0.8724479280923818081, -0.06643530534973238200, -0.4841703863005232811 ) ) ;
#3185 = CIRCLE ( 'NONE', #3693, 0.02559055118110303492 ) ;
#3186 = VERTEX_POINT ( 'NONE', #3492 ) ;
#3187 = APPLICATION_PROTOCOL_DEFINITION ( 'international standard', 'config_control_design', 1994, #2422 ) ;
#3188 = VERTEX_POINT ( 'NONE', #1353 ) ;
#3189 = CARTESIAN_POINT ( 'NONE',  ( -6.433668554608258816, -18.09114206176313999, 14.84203406333979025 ) ) ;
#3190 = EDGE_CURVE ( 'NONE', #3077, #1008, #3159, .T. ) ;
#3191 = CARTESIAN_POINT ( 'NONE',  ( -6.115130659962207282, -17.59489720999798834, 15.04797833501490700 ) ) ;
#3192 = CARTESIAN_POINT ( 'NONE',  ( -6.292483535223775348, -17.87680569352215443, 15.15798002197128902 ) ) ;
#3193 = CARTESIAN_POINT ( 'NONE',  ( -7.019816961551752499, -19.03542930660779575, 17.47724196581210521 ) ) ;
#3194 = EDGE_LOOP ( 'NONE', ( #1585, #3988, #488, #2397, #73, #1836, #3521, #1774, #264, #2741, #277, #1990, #132, #2372, #3743, #1167 ) ) ;
#3195 = EDGE_CURVE ( 'NONE', #588, #1000, #2888, .T. ) ;
#3196 = DIRECTION ( 'NONE',  ( -0.8724479280923818081, -0.06643530534973238200, -0.4841703863005232811 ) ) ;
#3197 = DIRECTION ( 'NONE',  ( -0.8724479280923895796, -0.06643530534971454904, -0.4841703863005116792 ) ) ;
#3198 = VERTEX_POINT ( 'NONE', #3192 ) ;
#3199 = DIRECTION ( 'NONE',  ( 0.8724479280635807354, 0.06643530569020886234, 0.4841703863057028601 ) ) ;
#3200 = ORIENTED_EDGE ( 'NONE', *, *, #2731, .F. ) ;
#3201 = DIRECTION ( 'NONE',  ( -0.4813818453556411026, -0.05406668479067300997, 0.8748418786030672800 ) ) ;
#3202 = ADVANCED_FACE ( 'NONE', ( #1317 ), #2612, .T. ) ;
#3203 = LINE ( 'NONE', #918, #700 ) ;
#3204 = ADVANCED_FACE ( 'NONE', ( #659 ), #2580, .T. ) ;
#3205 = ORIENTED_EDGE ( 'NONE', *, *, #3219, .F. ) ;
#3206 = COORDINATED_UNIVERSAL_TIME_OFFSET ( 2, 0, .AHEAD. ) ;
#3207 = DIRECTION ( 'NONE',  ( 0.000000000000000000, -0.6741386630264488700, -0.7386048084144268833 ) ) ;
#3208 = CARTESIAN_POINT ( 'NONE',  ( -6.617451658129507308, -19.12035931393389987, 14.81230757368710726 ) ) ;
#3209 = CARTESIAN_POINT ( 'NONE',  ( -6.252460410357008058, -18.06057058391389702, 15.04938912807289420 ) ) ;
#3210 = DIRECTION ( 'NONE',  ( 0.4813818453556409915, 0.05406668479067319733, -0.8748418786030671690 ) ) ;
#3211 = ORIENTED_EDGE ( 'NONE', *, *, #1307, .F. ) ;
#3212 = CARTESIAN_POINT ( 'NONE',  ( -6.577253835480314947, -18.44500374879531535, 14.96616954524710685 ) ) ;
#3213 = DIRECTION ( 'NONE',  ( -0.4813818453556408805, -0.05406668479068088562, 0.8748418786030668359 ) ) ;
#3214 = ADVANCED_FACE ( 'NONE', ( #1922 ), #2875, .T. ) ;
#3215 = VERTEX_POINT ( 'NONE', #1276 ) ;
#3216 = DIRECTION ( 'NONE',  ( -0.4813818453556411026, -0.05406668479067321120, 0.8748418786030672800 ) ) ;
#3217 = ORIENTED_EDGE ( 'NONE', *, *, #3006, .F. ) ;
#3218 = CARTESIAN_POINT ( 'NONE',  ( -8.195273582061613382, -18.33577406182629943, 17.54779769268529677 ) ) ;
#3219 = EDGE_CURVE ( 'NONE', #989, #1683, #2935, .T. ) ;
#3220 = VERTEX_POINT ( 'NONE', #3809 ) ;
#3221 = DIRECTION ( 'NONE',  ( 0.4813818453556369392, 0.05406668479066899929, -0.8748418786030697225 ) ) ;
#3222 = DATE_AND_TIME ( #2887, #2342 ) ;
#3223 = VECTOR ( 'NONE', #1709, 39.37007874015748854 ) ;
#3224 = ORIENTED_EDGE ( 'NONE', *, *, #860, .T. ) ;
#3225 = EDGE_CURVE ( 'NONE', #1401, #4040, #1669, .T. ) ;
#3226 = AXIS2_PLACEMENT_3D ( 'NONE', #2537, #1867, #1590 ) ;
#3227 = CARTESIAN_POINT ( 'NONE',  ( -5.481233777510748695, -17.43189573992720653, 15.54186145484539416 ) ) ;
#3228 = DIRECTION ( 'NONE',  ( 0.7778507431232470903, -0.4863971439747071246, 0.3979523083936821748 ) ) ;
#3229 = DIRECTION ( 'NONE',  ( 0.000000000000000000, 0.01524387629982680570, -0.9998838053670814352 ) ) ;
#3230 = FACE_OUTER_BOUND ( 'NONE', #3289, .T. ) ;
#3231 = VECTOR ( 'NONE', #2188, 39.37007874015748854 ) ;
#3232 = ORIENTED_EDGE ( 'NONE', *, *, #993, .F. ) ;
#3233 = CC_DESIGN_SECURITY_CLASSIFICATION ( #1552, ( #3929 ) ) ;
#3234 = CARTESIAN_POINT ( 'NONE',  ( -6.453923212596230030, -18.23506379870903160, 14.92775022650949879 ) ) ;
#3235 = CARTESIAN_POINT ( 'NONE',  ( -7.367990407301141964, -18.55467323003559343, 15.76185787100769709 ) ) ;
#3236 = VERTEX_POINT ( 'NONE', #336 ) ;
#3237 = CARTESIAN_POINT ( 'NONE',  ( -6.808267840999901566, -17.41245627946879893, 14.67785467389600562 ) ) ;
#3238 = ADVANCED_FACE ( 'NONE', ( #1607 ), #1626, .F. ) ;
#3239 = EDGE_LOOP ( 'NONE', ( #1778, #1203, #3632, #2312, #2459, #3363, #1638, #1033 ) ) ;
#3240 = CARTESIAN_POINT ( 'NONE',  ( -7.631441433844173616, -18.26747775755649883, 16.19717442286938791 ) ) ;
#3241 = AXIS2_PLACEMENT_3D ( 'NONE', #674, #609, #3207 ) ;
#3242 = VECTOR ( 'NONE', #3925, 39.37007874015748854 ) ;
#3243 = AXIS2_PLACEMENT_3D ( 'NONE', #2610, #1660, #3867 ) ;
#3244 = CARTESIAN_POINT ( 'NONE',  ( -6.030807275521692823, -17.47374475117110393, 15.23687223512850331 ) ) ;
#3245 = VECTOR ( 'NONE', #4037, 39.37007874015748854 ) ;
#3246 = DATE_TIME_ROLE ( 'creation_date' ) ;
#3247 = VECTOR ( 'NONE', #555, 39.37007874015748854 ) ;
#3248 = VECTOR ( 'NONE', #2903, 39.37007874015748854 ) ;
#3249 = VECTOR ( 'NONE', #262, 39.37007874015748854 ) ;
#3250 = FACE_OUTER_BOUND ( 'NONE', #2651, .T. ) ;
#3251 = CARTESIAN_POINT ( 'NONE',  ( -6.117790342445334595, -17.63776409131769896, 15.04386559977659665 ) ) ;
#3252 = CARTESIAN_POINT ( 'NONE',  ( -6.141317955698779585, -17.60678262867309130, 15.13859012789600555 ) ) ;
#3253 = LINE ( 'NONE', #1983, #284 ) ;
#3254 = ORIENTED_EDGE ( 'NONE', *, *, #2996, .F. ) ;
#3255 = DIRECTION ( 'NONE',  ( 0.4813818453556411026, 0.05406668479067321120, -0.8748418786030672800 ) ) ;
#3256 = EDGE_CURVE ( 'NONE', #3962, #1470, #2917, .T. ) ;
#3257 = DIRECTION ( 'NONE',  ( 0.2807807681398027388, 0.7427389548207093961, -0.6078659434732813782 ) ) ;
#3258 = ORIENTED_EDGE ( 'NONE', *, *, #2022, .T. ) ;
#3259 = DIRECTION ( 'NONE',  ( -0.4813818453556409915, -0.05406668479067310712, 0.8748418786030671690 ) ) ;
#3260 = ORIENTED_EDGE ( 'NONE', *, *, #726, .T. ) ;
#3261 = DIRECTION ( 'NONE',  ( 0.4813818453556369392, 0.05406668479066899929, -0.8748418786030697225 ) ) ;
#3262 = EDGE_CURVE ( 'NONE', #2221, #2107, #3737, .T. ) ;
#3263 = ORIENTED_EDGE ( 'NONE', *, *, #728, .T. ) ;
#3264 = EDGE_CURVE ( 'NONE', #1142, #3071, #4065, .T. ) ;
#3265 = DIRECTION ( 'NONE',  ( 0.8724479280923769231, 0.06643530534972112711, 0.4841703863005333841 ) ) ;
#3266 =( CONVERSION_BASED_UNIT ( 'INCH', #3845 ) LENGTH_UNIT ( ) NAMED_UNIT ( #2304 ) );
#3267 = EDGE_CURVE ( 'NONE', #2715, #520, #3563, .T. ) ;
#3268 = ORIENTED_EDGE ( 'NONE', *, *, #2677, .T. ) ;
#3269 = CARTESIAN_POINT ( 'NONE',  ( -7.885930267190551568, -18.37095367965629933, 16.38826573932061237 ) ) ;
#3270 = DIRECTION ( 'NONE',  ( -0.9573022133773335662, -0.08520777437476277638, 0.2762464614234134697 ) ) ;
#3271 = CARTESIAN_POINT ( 'NONE',  ( -6.387059492523563087, -18.22836144997929253, 14.85920031849289380 ) ) ;
#3272 = ORIENTED_EDGE ( 'NONE', *, *, #2567, .F. ) ;
#3273 = CARTESIAN_POINT ( 'NONE',  ( -7.491728285512831320, -17.57974819810705824, 18.10276917471403380 ) ) ;
#3274 = DIRECTION ( 'NONE',  ( -0.08429787529695621784, 0.9963248183968897997, 0.01518961707297469994 ) ) ;
#3275 = EDGE_LOOP ( 'NONE', ( #624, #3775 ) ) ;
#3276 = ORIENTED_EDGE ( 'NONE', *, *, #2996, .T. ) ;
#3277 = LINE ( 'NONE', #1007, #1839 ) ;
#3278 = ORIENTED_EDGE ( 'NONE', *, *, #1449, .T. ) ;
#3279 = DIRECTION ( 'NONE',  ( -0.4813818453556411026, -0.05406668479067311406, 0.8748418786030672800 ) ) ;
#3280 = CYLINDRICAL_SURFACE ( 'NONE', #1299, 0.1181102362204719813 ) ;
#3281 = AXIS2_PLACEMENT_3D ( 'NONE', #1175, #3412, #1482 ) ;
#3282 = FACE_OUTER_BOUND ( 'NONE', #1797, .T. ) ;
#3283 = DIRECTION ( 'NONE',  ( -0.4813818453556411026, -0.05406668479067300997, 0.8748418786030672800 ) ) ;
#3284 = ORIENTED_EDGE ( 'NONE', *, *, #1899, .T. ) ;
#3285 = AXIS2_PLACEMENT_3D ( 'NONE', #4006, #1815, #3100 ) ;
#3286 = DIRECTION ( 'NONE',  ( 0.000000000000000000, -0.9980957303041232409, -0.06168397805491212388 ) ) ;
#3287 = DIRECTION ( 'NONE',  ( -0.4813818453556411026, -0.05406668479067321120, 0.8748418786030672800 ) ) ;
#3288 = AXIS2_PLACEMENT_3D ( 'NONE', #2017, #165, #3965 ) ;
#3289 = EDGE_LOOP ( 'NONE', ( #3509, #3008, #2872, #2724, #3505 ) ) ;
#3290 = DIRECTION ( 'NONE',  ( 0.6765214452375478693, -0.6575311804459644804, 0.3316194820498880036 ) ) ;
#3291 = CARTESIAN_POINT ( 'NONE',  ( -6.230165651266397653, -17.64974849721298966, 15.20630295766330775 ) ) ;
#3292 = DIRECTION ( 'NONE',  ( 0.08429787499880735113, -0.9963248184195931945, -0.01518961723843521155 ) ) ;
#3293 = ORIENTED_EDGE ( 'NONE', *, *, #477, .F. ) ;
#3294 = CARTESIAN_POINT ( 'NONE',  ( -5.997644192670542829, -17.38601967776710211, 15.16507704495451136 ) ) ;
#3295 = EDGE_CURVE ( 'NONE', #1798, #1250, #347, .T. ) ;
#3296 = CIRCLE ( 'NONE', #1488, 0.07874015748031566730 ) ;
#3297 = CIRCLE ( 'NONE', #828, 0.1181102362204727446 ) ;
#3298 = CARTESIAN_POINT ( 'NONE',  ( -7.290803043411949069, -17.92775305847708722, 15.61806239687019904 ) ) ;
#3299 = AXIS2_PLACEMENT_3D ( 'NONE', #1717, #2069, #3359 ) ;
#3300 = AXIS2_PLACEMENT_3D ( 'NONE', #424, #3575, #1312 ) ;
#3301 = DIRECTION ( 'NONE',  ( 0.9573022133773423370, 0.08520777437474665039, -0.2762464614233885452 ) ) ;
#3302 = CARTESIAN_POINT ( 'NONE',  ( -7.760306486606849852, -18.44034387604500225, 16.45310180950600198 ) ) ;
#3303 = ORIENTED_EDGE ( 'NONE', *, *, #175, .F. ) ;
#3304 = AXIS2_PLACEMENT_3D ( 'NONE', #3025, #153, #3055 ) ;
#3305 = VECTOR ( 'NONE', #1286, 39.37007874015748854 ) ;
#3306 = EDGE_CURVE ( 'NONE', #804, #2692, #1741, .T. ) ;
#3307 = FACE_BOUND ( 'NONE', #395, .T. ) ;
#3308 = VECTOR ( 'NONE', #1510, 39.37007874015748854 ) ;
#3309 = DIRECTION ( 'NONE',  ( 0.8724479280923781443, 0.06643530534971589518, 0.4841703863005320518 ) ) ;
#3310 = EDGE_CURVE ( 'NONE', #1198, #1336, #121, .T. ) ;
#3311 = DIRECTION ( 'NONE',  ( 0.9573022133773423370, 0.08520777437474665039, -0.2762464614233885452 ) ) ;
#3312 = CARTESIAN_POINT ( 'NONE',  ( -5.279750378583000447, -19.13487380617590716, 15.41247331406480292 ) ) ;
#3313 = DIRECTION ( 'NONE',  ( -0.8724479280923818081, -0.06643530534973238200, -0.4841703863005232811 ) ) ;
#3314 = EDGE_LOOP ( 'NONE', ( #1181, #1335, #2337, #2117 ) ) ;
#3315 = DIRECTION ( 'NONE',  ( -0.08429787499880304902, 0.9963248184195935275, 0.01518961723843441705 ) ) ;
#3316 = CYLINDRICAL_SURFACE ( 'NONE', #1422, 0.1181102362204735634 ) ;
#3317 = EDGE_CURVE ( 'NONE', #3369, #669, #472, .T. ) ;
#3318 = EDGE_CURVE ( 'NONE', #1228, #1699, #2037, .T. ) ;
#3319 = DIRECTION ( 'NONE',  ( -0.9573022133773341213, -0.08520777437476233229, 0.2762464614234120264 ) ) ;
#3320 = SPHERICAL_SURFACE ( 'NONE', #1611, 0.1181102362204724532 ) ;
#3321 = DIRECTION ( 'NONE',  ( -0.4813818453556411026, -0.05406668479067311406, 0.8748418786030672800 ) ) ;
#3322 = ORIENTED_EDGE ( 'NONE', *, *, #1789, .T. ) ;
#3323 = ORIENTED_EDGE ( 'NONE', *, *, #246, .T. ) ;
#3324 = FACE_BOUND ( 'NONE', #3589, .T. ) ;
#3325 = CARTESIAN_POINT ( 'NONE',  ( -6.200964291357834668, -17.73553216030752111, 15.09781278933389892 ) ) ;
#3326 = ADVANCED_FACE ( 'NONE', ( #2674 ), #3320, .T. ) ;
#3327 = CARTESIAN_POINT ( 'NONE',  ( -6.542139965237126376, -18.56311023222870205, 14.75317923823149791 ) ) ;
#3328 = CARTESIAN_POINT ( 'NONE',  ( -5.448070694659590707, -17.34417066652318695, 15.47006626467138446 ) ) ;
#3329 = CARTESIAN_POINT ( 'NONE',  ( -7.611528549986181780, -18.50283007686818948, 16.19358632430909495 ) ) ;
#3330 = EDGE_CURVE ( 'NONE', #1591, #2812, #3664, .T. ) ;
#3331 = EDGE_CURVE ( 'NONE', #3656, #929, #21, .T. ) ;
#3332 = EDGE_LOOP ( 'NONE', ( #341, #3391, #525, #2927, #1480, #3548, #3902, #348 ) ) ;
#3333 = EDGE_LOOP ( 'NONE', ( #2169, #647, #791, #2905 ) ) ;
#3334 = CARTESIAN_POINT ( 'NONE',  ( -7.502398304784017924, -17.55766231754681428, 18.07260573191550534 ) ) ;
#3335 = CYLINDRICAL_SURFACE ( 'NONE', #3304, 0.1181102362204731610 ) ;
#3336 = ORIENTED_EDGE ( 'NONE', *, *, #3716, .T. ) ;
#3337 = DIRECTION ( 'NONE',  ( -0.8724479280923818081, -0.06643530534973238200, -0.4841703863005232811 ) ) ;
#3338 = ORIENTED_EDGE ( 'NONE', *, *, #1458, .T. ) ;
#3339 = ADVANCED_FACE ( 'NONE', ( #3282 ), #3621, .F. ) ;
#3340 = CARTESIAN_POINT ( 'NONE',  ( -6.369596769553129256, -17.67545985817220355, 16.11897375384850406 ) ) ;
#3341 = DIRECTION ( 'NONE',  ( -0.8724479280923898017, -0.06643530534971456292, -0.4841703863005116792 ) ) ;
#3342 = EDGE_CURVE ( 'NONE', #2075, #3717, #185, .T. ) ;
#3343 = ORIENTED_EDGE ( 'NONE', *, *, #825, .T. ) ;
#3344 = ORIENTED_EDGE ( 'NONE', *, *, #1307, .T. ) ;
#3345 = CIRCLE ( 'NONE', #3920, 0.02559055118110303492 ) ;
#3346 = CARTESIAN_POINT ( 'NONE',  ( -6.251187200544114475, -17.74117297586058939, 15.18908566271990068 ) ) ;
#3347 = EDGE_CURVE ( 'NONE', #3698, #766, #2065, .T. ) ;
#3348 = AXIS2_PLACEMENT_3D ( 'NONE', #714, #1982, #3270 ) ;
#3349 = ORIENTED_EDGE ( 'NONE', *, *, #2055, .F. ) ;
#3350 = DIRECTION ( 'NONE',  ( 0.7598216429301999364, -0.5233242676548036654, 0.3857496361870156321 ) ) ;
#3351 = AXIS2_PLACEMENT_3D ( 'NONE', #1318, #2268, #2598 ) ;
#3352 = CARTESIAN_POINT ( 'NONE',  ( -8.104706467503504541, -19.40619563494649569, 17.53147842242439225 ) ) ;
#3353 = DIRECTION ( 'NONE',  ( -0.4813818453556409915, -0.05406668479067330141, 0.8748418786030671690 ) ) ;
#3354 =( GEOMETRIC_REPRESENTATION_CONTEXT ( 3 ) GLOBAL_UNCERTAINTY_ASSIGNED_CONTEXT ( ( #108 ) ) GLOBAL_UNIT_ASSIGNED_CONTEXT ( ( #3266, #2224, #1351 ) ) REPRESENTATION_CONTEXT ( 'NONE', 'WORKASPACE' ) );
#3355 = VERTEX_POINT ( 'NONE', #139 ) ;
#3356 = EDGE_CURVE ( 'NONE', #1193, #3186, #1409, .T. ) ;
#3357 = ORIENTED_EDGE ( 'NONE', *, *, #2560, .F. ) ;
#3358 = CARTESIAN_POINT ( 'NONE',  ( -8.249333742964036986, -17.69683173978561186, 17.55753878226749976 ) ) ;
#3359 = DIRECTION ( 'NONE',  ( -0.8724479280923818081, -0.06643530534973238200, -0.4841703863005232811 ) ) ;
#3360 = EDGE_LOOP ( 'NONE', ( #2391, #3448, #200, #652, #366, #1474 ) ) ;
#3361 = ORIENTED_EDGE ( 'NONE', *, *, #1652, .T. ) ;
#3362 = CARTESIAN_POINT ( 'NONE',  ( -6.047021843084409376, -17.63922966530820702, 15.53274048099840599 ) ) ;
#3363 = ORIENTED_EDGE ( 'NONE', *, *, #825, .F. ) ;
#3364 = AXIS2_PLACEMENT_3D ( 'NONE', #2395, #2980, #109 ) ;
#3365 = CARTESIAN_POINT ( 'NONE',  ( -6.752122491661063819, -17.52867157842869972, 14.83657388425009849 ) ) ;
#3366 = ORIENTED_EDGE ( 'NONE', *, *, #765, .F. ) ;
#3367 = DIRECTION ( 'NONE',  ( -0.08429787529695621784, 0.9963248183968897997, 0.01518961707297469994 ) ) ;
#3368 = ORIENTED_EDGE ( 'NONE', *, *, #1875, .T. ) ;
#3369 = VERTEX_POINT ( 'NONE', #2052 ) ;
#3370 = AXIS2_PLACEMENT_3D ( 'NONE', #2734, #4027, #2714 ) ;
#3371 = CIRCLE ( 'NONE', #3243, 0.02559055118110303492 ) ;
#3372 = CARTESIAN_POINT ( 'NONE',  ( -7.722402404295374723, -18.43608665677019687, 16.38421662221441011 ) ) ;
#3373 = CARTESIAN_POINT ( 'NONE',  ( -8.631452189767971461, -19.17047629003779718, 17.39121190018688878 ) ) ;
#3374 = AXIS2_PLACEMENT_3D ( 'NONE', #370, #2943, #1974 ) ;
#3375 = CIRCLE ( 'NONE', #2847, 0.02559055118110303492 ) ;
#3376 = CIRCLE ( 'NONE', #429, 0.1181102362204732720 ) ;
#3377 = ADVANCED_FACE ( 'NONE', ( #3906 ), #1746, .F. ) ;
#3378 = VECTOR ( 'NONE', #2277, 39.37007874015748854 ) ;
#3379 = DIRECTION ( 'NONE',  ( 0.08429787499881383206, -0.9963248184195924173, -0.01518961723845363258 ) ) ;
#3380 = LINE ( 'NONE', #3648, #1968 ) ;
#3381 = EDGE_LOOP ( 'NONE', ( #1512, #2328, #276, #861 ) ) ;
#3382 = ORIENTED_EDGE ( 'NONE', *, *, #1074, .T. ) ;
#3383 = CARTESIAN_POINT ( 'NONE',  ( -7.462750613079823125, -18.56531627822279518, 15.93407083923669276 ) ) ;
#3384 = LINE ( 'NONE', #1764, #229 ) ;
#3385 = ORIENTED_EDGE ( 'NONE', *, *, #3958, .F. ) ;
#3386 = EDGE_CURVE ( 'NONE', #3186, #135, #3985, .T. ) ;
#3387 = ORIENTED_EDGE ( 'NONE', *, *, #3941, .F. ) ;
#3388 = DIRECTION ( 'NONE',  ( -0.3999959662423371864, 0.6662771159171884117, 0.6293473061791339251 ) ) ;
#3389 = VERTEX_POINT ( 'NONE', #3034 ) ;
#3390 = DIRECTION ( 'NONE',  ( -0.4813818453556369392, -0.05406668479066899929, 0.8748418786030697225 ) ) ;
#3391 = ORIENTED_EDGE ( 'NONE', *, *, #2261, .T. ) ;
#3392 = DIRECTION ( 'NONE',  ( 0.3702968348257021924, 0.8921078495251143492, 0.2588896269334530764 ) ) ;
#3393 = ORIENTED_EDGE ( 'NONE', *, *, #3927, .F. ) ;
#3394 = DIRECTION ( 'NONE',  ( -0.8724479280923818081, -0.06643530534973238200, -0.4841703863005232811 ) ) ;
#3395 = CARTESIAN_POINT ( 'NONE',  ( -7.383391251364134433, -19.35126880768889635, 17.93177677330279707 ) ) ;
#3396 = CARTESIAN_POINT ( 'NONE',  ( -7.490972292665984078, -17.79958851556972377, 18.03757959563140290 ) ) ;
#3397 = LINE ( 'NONE', #214, #2575 ) ;
#3398 = EDGE_CURVE ( 'NONE', #159, #2665, #282, .T. ) ;
#3399 = EDGE_CURVE ( 'NONE', #1739, #3079, #408, .T. ) ;
#3400 = VERTEX_POINT ( 'NONE', #3597 ) ;
#3401 = DIRECTION ( 'NONE',  ( -0.7329645833144711187, -0.6448002585603016534, 0.2167845616440707834 ) ) ;
#3402 = DIRECTION ( 'NONE',  ( 0.08429787499880735113, -0.9963248184195931945, -0.01518961723843521155 ) ) ;
#3403 = ORIENTED_EDGE ( 'NONE', *, *, #1734, .F. ) ;
#3404 = CARTESIAN_POINT ( 'NONE',  ( -6.363997608768818814, -18.08744754676189359, 14.98635473062980417 ) ) ;
#3405 = ORIENTED_EDGE ( 'NONE', *, *, #265, .T. ) ;
#3406 = CARTESIAN_POINT ( 'NONE',  ( -7.385563249191180901, -17.93839610665759920, 15.79027536509919294 ) ) ;
#3407 = ORIENTED_EDGE ( 'NONE', *, *, #765, .T. ) ;
#3408 = FACE_BOUND ( 'NONE', #2046, .T. ) ;
#3409 = ORIENTED_EDGE ( 'NONE', *, *, #460, .T. ) ;
#3410 = EDGE_CURVE ( 'NONE', #1470, #2945, #808, .T. ) ;
#3411 = CARTESIAN_POINT ( 'NONE',  ( -6.734371723100216478, -18.19071891773468508, 14.89543063529499989 ) ) ;
#3412 = DIRECTION ( 'NONE',  ( -0.4813818453556408805, -0.05406668479068088562, 0.8748418786030668359 ) ) ;
#3413 = LINE ( 'NONE', #3153, #1404 ) ;
#3414 = ORIENTED_EDGE ( 'NONE', *, *, #603, .F. ) ;
#3415 = DIRECTION ( 'NONE',  ( -0.8724479280923818081, -0.06643530534973238200, -0.4841703863005232811 ) ) ;
#3416 = DIRECTION ( 'NONE',  ( -0.8724479280635683009, -0.06643530569022530752, -0.4841703863057231216 ) ) ;
#3417 = AXIS2_PLACEMENT_3D ( 'NONE', #1415, #1058, #846 ) ;
#3418 = ORIENTED_EDGE ( 'NONE', *, *, #1095, .F. ) ;
#3419 = CARTESIAN_POINT ( 'NONE',  ( -6.014250778897637595, -17.28352044762740292, 15.12273110367840623 ) ) ;
#3420 = PRODUCT_DEFINITION ( 'UNKNOWN', '', #3929, #1194 ) ;
#3421 = FACE_OUTER_BOUND ( 'NONE', #750, .T. ) ;
#3422 = VECTOR ( 'NONE', #1168, 39.37007874015748854 ) ;
#3423 = ORIENTED_EDGE ( 'NONE', *, *, #1046, .F. ) ;
#3424 = CARTESIAN_POINT ( 'NONE',  ( -7.469388241213523294, -18.48686550457948741, 15.93526687202380110 ) ) ;
#3425 = EDGE_CURVE ( 'NONE', #159, #2804, #3964, .T. ) ;
#3426 = ORIENTED_EDGE ( 'NONE', *, *, #2816, .T. ) ;
#3427 = ORIENTED_EDGE ( 'NONE', *, *, #3410, .T. ) ;
#3428 = CARTESIAN_POINT ( 'NONE',  ( -7.469388241055968436, -18.48686550512062254, 15.93526687207710779 ) ) ;
#3429 = ORIENTED_EDGE ( 'NONE', *, *, #3143, .F. ) ;
#3430 = DIRECTION ( 'NONE',  ( -0.4813818453556411026, -0.05406668479067311406, 0.8748418786030672800 ) ) ;
#3431 = FACE_OUTER_BOUND ( 'NONE', #2019, .T. ) ;
#3432 = CARTESIAN_POINT ( 'NONE',  ( -6.314809958580453575, -17.87850580960401814, 15.14558983492029576 ) ) ;
#3433 = DIRECTION ( 'NONE',  ( 0.08429787499880325718, -0.9963248184195936386, -0.01518961723843476053 ) ) ;
#3434 = EDGE_CURVE ( 'NONE', #61, #3532, #810, .T. ) ;
#3435 = AXIS2_PLACEMENT_3D ( 'NONE', #3014, #143, #3991 ) ;
#3436 = AXIS2_PLACEMENT_3D ( 'NONE', #3404, #4003, #448 ) ;
#3437 = LINE ( 'NONE', #1850, #2852 ) ;
#3438 = VECTOR ( 'NONE', #2595, 39.37007874015748854 ) ;
#3439 = CARTESIAN_POINT ( 'NONE',  ( -7.367990407301141964, -18.55467323003559343, 15.76185787100769709 ) ) ;
#3440 = EDGE_CURVE ( 'NONE', #1749, #1438, #548, .T. ) ;
#3441 = VECTOR ( 'NONE', #650, 39.37007874015748854 ) ;
#3442 = VERTEX_POINT ( 'NONE', #1138 ) ;
#3443 = DIRECTION ( 'NONE',  ( -0.8724479280923843616, -0.06643530534972065527, -0.4841703863005206165 ) ) ;
#3444 = CYLINDRICAL_SURFACE ( 'NONE', #1246, 0.1181102362204731610 ) ;
#3445 = AXIS2_PLACEMENT_3D ( 'NONE', #2795, #866, #2839 ) ;
#3446 = ORIENTED_EDGE ( 'NONE', *, *, #3730, .T. ) ;
#3447 = DIRECTION ( 'NONE',  ( -0.08429787499880735113, 0.9963248184195931945, 0.01518961723843521155 ) ) ;
#3448 = ORIENTED_EDGE ( 'NONE', *, *, #3295, .F. ) ;
#3449 = FACE_OUTER_BOUND ( 'NONE', #3065, .T. ) ;
#3450 = ORIENTED_EDGE ( 'NONE', *, *, #202, .T. ) ;
#3451 = DIRECTION ( 'NONE',  ( 0.5573062471350025415, 0.7514848902919353257, 0.3531008447557403285 ) ) ;
#3452 = ORIENTED_EDGE ( 'NONE', *, *, #2490, .F. ) ;
#3453 = CARTESIAN_POINT ( 'NONE',  ( -6.762078933590059293, -17.41099541877289170, 14.83836793353029648 ) ) ;
#3454 = LINE ( 'NONE', #3130, #2428 ) ;
#3455 = CARTESIAN_POINT ( 'NONE',  ( -6.242260626037514193, -17.87116487796909325, 15.06670714858538140 ) ) ;
#3456 = DIRECTION ( 'NONE',  ( -0.8724479280923895796, -0.06643530534971454904, -0.4841703863005116792 ) ) ;
#3457 = ORIENTED_EDGE ( 'NONE', *, *, #1703, .T. ) ;
#3458 = ORIENTED_EDGE ( 'NONE', *, *, #945, .T. ) ;
#3459 = LINE ( 'NONE', #3793, #2084 ) ;
#3460 = CARTESIAN_POINT ( 'NONE',  ( -8.271768101124626682, -18.65742384389039188, 17.48582808257409482 ) ) ;
#3461 = EDGE_CURVE ( 'NONE', #1161, #1757, #1342, .T. ) ;
#3462 = ORIENTED_EDGE ( 'NONE', *, *, #878, .F. ) ;
#3463 = CARTESIAN_POINT ( 'NONE',  ( -6.527030926294036028, -18.43936293324228259, 14.87489667186120101 ) ) ;
#3464 = CARTESIAN_POINT ( 'NONE',  ( -6.649232427404507817, -18.53279152250299333, 14.80188123929210775 ) ) ;
#3465 = PLANE ( 'NONE',  #36 ) ;
#3466 = DIRECTION ( 'NONE',  ( -0.4813818453556411026, -0.05406668479067251037, 0.8748418786030672800 ) ) ;
#3467 = ORIENTED_EDGE ( 'NONE', *, *, #2725, .F. ) ;
#3468 = CARTESIAN_POINT ( 'NONE',  ( -6.473008673916596400, -18.36739439980438249, 14.80331430364240930 ) ) ;
#3469 = DIRECTION ( 'NONE',  ( -0.8724479280923818081, -0.06643530534973238200, -0.4841703863005232811 ) ) ;
#3470 = DIRECTION ( 'NONE',  ( 0.8724479280923781443, 0.06643530534971589518, 0.4841703863005320518 ) ) ;
#3471 = FACE_OUTER_BOUND ( 'NONE', #115, .T. ) ;
#3472 = EDGE_LOOP ( 'NONE', ( #1643, #2077, #4053, #1735 ) ) ;
#3473 = DIRECTION ( 'NONE',  ( -0.2807807681398010180, -0.7427389548207067316, 0.6078659434732853750 ) ) ;
#3474 = EDGE_CURVE ( 'NONE', #3876, #2485, #1187, .T. ) ;
#3475 = DIRECTION ( 'NONE',  ( -0.8724479280923818081, -0.06643530534973238200, -0.4841703863005232811 ) ) ;
#3476 = VERTEX_POINT ( 'NONE', #2103 ) ;
#3477 = ORIENTED_EDGE ( 'NONE', *, *, #726, .F. ) ;
#3478 = CIRCLE ( 'NONE', #4062, 0.02559055118110303492 ) ;
#3479 = CARTESIAN_POINT ( 'NONE',  ( -8.171519032899684731, -19.29490530420299166, 17.63660025264191233 ) ) ;
#3480 = CARTESIAN_POINT ( 'NONE',  ( -6.251861131696357710, -17.93652917827460769, 14.95162895256700786 ) ) ;
#3481 = AXIS2_PLACEMENT_3D ( 'NONE', #204, #1520, #1475 ) ;
#3482 = EDGE_CURVE ( 'NONE', #2260, #3859, #2417, .T. ) ;
#3483 = CARTESIAN_POINT ( 'NONE',  ( -6.319460312052854079, -18.08244531411401468, 14.90541463556220414 ) ) ;
#3484 = AXIS2_PLACEMENT_3D ( 'NONE', #3755, #4080, #907 ) ;
#3485 = EDGE_LOOP ( 'NONE', ( #182, #1368, #2732, #1248 ) ) ;
#3486 = ORIENTED_EDGE ( 'NONE', *, *, #2725, .T. ) ;
#3487 = DIRECTION ( 'NONE',  ( 0.08429787499881302715, -0.9963248184195923063, -0.01518961723845790347 ) ) ;
#3488 = AXIS2_PLACEMENT_3D ( 'NONE', #1189, #565, #1213 ) ;
#3489 = VERTEX_POINT ( 'NONE', #1166 ) ;
#3490 = CARTESIAN_POINT ( 'NONE',  ( -7.415614006863188834, -18.40038724701940964, 15.74518811046590727 ) ) ;
#3491 = LINE ( 'NONE', #3251, #3553 ) ;
#3492 = CARTESIAN_POINT ( 'NONE',  ( -5.952261637389645088, -17.62858661760350643, 15.36052751298700869 ) ) ;
#3493 = CC_DESIGN_PERSON_AND_ORGANIZATION_ASSIGNMENT ( #389, #1658, ( #3929 ) ) ;
#3494 = LINE ( 'NONE', #2938, #1154 ) ;
#3495 = CARTESIAN_POINT ( 'NONE',  ( -7.513929951582323241, -18.41267195075850438, 16.00534809211071163 ) ) ;
#3496 = ADVANCED_FACE ( 'NONE', ( #873 ), #2825, .T. ) ;
#3497 = ORIENTED_EDGE ( 'NONE', *, *, #2042, .T. ) ;
#3498 = VECTOR ( 'NONE', #1606, 39.37007874015748854 ) ;
#3499 = VECTOR ( 'NONE', #852, 39.37007874015748854 ) ;
#3500 = DIRECTION ( 'NONE',  ( 0.4813818453556409915, 0.05406668479067319733, -0.8748418786030671690 ) ) ;
#3501 = EDGE_LOOP ( 'NONE', ( #3393, #317, #1668, #451 ) ) ;
#3502 = DIRECTION ( 'NONE',  ( -0.4813818453556409915, -0.05406668479067299610, 0.8748418786030671690 ) ) ;
#3503 = VECTOR ( 'NONE', #3120, 39.37007874015748854 ) ;
#3504 = AXIS2_PLACEMENT_3D ( 'NONE', #4026, #286, #3443 ) ;
#3505 = ORIENTED_EDGE ( 'NONE', *, *, #246, .F. ) ;
#3506 = DIRECTION ( 'NONE',  ( 0.8724479280923895796, 0.06643530534971457679, 0.4841703863005118458 ) ) ;
#3507 = VECTOR ( 'NONE', #1024, 39.37007874015748854 ) ;
#3508 = CIRCLE ( 'NONE', #4021, 0.1309055118110285798 ) ;
#3509 = ORIENTED_EDGE ( 'NONE', *, *, #959, .F. ) ;
#3510 = PERSON_AND_ORGANIZATION_ROLE ( 'design_owner' ) ;
#3511 = CARTESIAN_POINT ( 'NONE',  ( -7.360563475494015684, -19.07370045152240223, 18.09649947055751795 ) ) ;
#3512 = LINE ( 'NONE', #1625, #1240 ) ;
#3513 = DIRECTION ( 'NONE',  ( -0.8724479280923818081, -0.06643530534973238200, -0.4841703863005232811 ) ) ;
#3514 = DIRECTION ( 'NONE',  ( -0.4526867939414780384, 0.000000000000000000, 0.8916695949683300926 ) ) ;
#3515 = VERTEX_POINT ( 'NONE', #3078 ) ;
#3516 = DIRECTION ( 'NONE',  ( 0.08429787499880304902, -0.9963248184195934165, -0.01518961723843469287 ) ) ;
#3517 = DIRECTION ( 'NONE',  ( 0.000000000000000000, -0.9980957303041215756, -0.06168397805493808228 ) ) ;
#3518 = VERTEX_POINT ( 'NONE', #3724 ) ;
#3519 = ORIENTED_EDGE ( 'NONE', *, *, #1855, .F. ) ;
#3520 = DIRECTION ( 'NONE',  ( 0.4813818453556411026, 0.05406668479067331529, -0.8748418786030672800 ) ) ;
#3521 = ORIENTED_EDGE ( 'NONE', *, *, #2567, .T. ) ;
#3522 = CARTESIAN_POINT ( 'NONE',  ( -6.314809958580453575, -17.87850580960401814, 15.14558983492029576 ) ) ;
#3523 = EDGE_CURVE ( 'NONE', #695, #2940, #3680, .T. ) ;
#3524 = DIRECTION ( 'NONE',  ( -0.7598216429302023789, 0.5233242676548148786, -0.3857496361869960921 ) ) ;
#3525 = LINE ( 'NONE', #3468, #2696 ) ;
#3526 = DIRECTION ( 'NONE',  ( -0.4813818453556411026, -0.05406668479067291283, 0.8748418786030672800 ) ) ;
#3527 = DIRECTION ( 'NONE',  ( 0.08429787499881304103, -0.9963248184195924173, -0.01518961723845790694 ) ) ;
#3528 = DIRECTION ( 'NONE',  ( -0.7598216542755998892, 0.5233242455747519895, -0.3857496437944013534 ) ) ;
#3529 = EDGE_CURVE ( 'NONE', #3612, #669, #2683, .T. ) ;
#3530 = DIRECTION ( 'NONE',  ( -0.4813818453556409915, -0.05406668479067299610, 0.8748418786030671690 ) ) ;
#3531 = DIRECTION ( 'NONE',  ( 0.4813818453556189536, 0.05406668479069660221, -0.8748418786030779382 ) ) ;
#3532 = VERTEX_POINT ( 'NONE', #4073 ) ;
#3533 = LINE ( 'NONE', #1048, #1970 ) ;
#3534 = ORIENTED_EDGE ( 'NONE', *, *, #521, .F. ) ;
#3535 = CARTESIAN_POINT ( 'NONE',  ( -7.691609799355474841, -18.43511274963951863, 16.49122546197061467 ) ) ;
#3536 = PLANE ( 'NONE',  #3692 ) ;
#3537 = CIRCLE ( 'NONE', #2750, 0.1181102362204732720 ) ;
#3538 = VECTOR ( 'NONE', #3579, 39.37007874015748854 ) ;
#3539 = DIRECTION ( 'NONE',  ( 0.08429787450284483008, -0.9963248184573594290, -0.01518961751369850462 ) ) ;
#3540 = CARTESIAN_POINT ( 'NONE',  ( -6.361581458645118481, -17.95948439066220459, 14.88983665956610203 ) ) ;
#3541 = CARTESIAN_POINT ( 'NONE',  ( -6.640876593516654047, -18.58233658253870146, 14.92267371744759785 ) ) ;
#3542 = DIRECTION ( 'NONE',  ( 0.8724479280923782554, 0.06643530534971589518, 0.4841703863005320518 ) ) ;
#3543 = VECTOR ( 'NONE', #1197, 39.37007874015748854 ) ;
#3544 = ORIENTED_EDGE ( 'NONE', *, *, #2403, .T. ) ;
#3545 = CARTESIAN_POINT ( 'NONE',  ( -5.299319325919070067, -19.10227762298156051, 15.44326278528476770 ) ) ;
#3546 = LINE ( 'NONE', #2645, #1733 ) ;
#3547 = ADVANCED_FACE ( 'NONE', ( #2508 ), #2484, .F. ) ;
#3548 = ORIENTED_EDGE ( 'NONE', *, *, #2682, .T. ) ;
#3549 = CARTESIAN_POINT ( 'NONE',  ( -8.214728570428034615, -17.85470122518105285, 17.63592656247250545 ) ) ;
#3550 = ORIENTED_EDGE ( 'NONE', *, *, #3295, .T. ) ;
#3551 = DIRECTION ( 'NONE',  ( 0.08429787499881831458, -0.9963248184195921953, -0.01518961723843930377 ) ) ;
#3552 = ORIENTED_EDGE ( 'NONE', *, *, #211, .T. ) ;
#3553 = VECTOR ( 'NONE', #52, 39.37007874015748854 ) ;
#3554 = AXIS2_PLACEMENT_3D ( 'NONE', #3919, #3891, #1981 ) ;
#3555 = DIRECTION ( 'NONE',  ( 0.08429787499881831458, -0.9963248184195921953, -0.01518961723843930377 ) ) ;
#3556 = CIRCLE ( 'NONE', #1633, 0.1181102362204713846 ) ;
#3557 = ORIENTED_EDGE ( 'NONE', *, *, #1348, .T. ) ;
#3558 = PERSON_AND_ORGANIZATION ( #2673, #1951 ) ;
#3559 = AXIS2_PLACEMENT_3D ( 'NONE', #2630, #1644, #1349 ) ;
#3560 = AXIS2_PLACEMENT_3D ( 'NONE', #3879, #990, #3292 ) ;
#3561 = AXIS2_PLACEMENT_3D ( 'NONE', #2087, #513, #194 ) ;
#3562 = DIRECTION ( 'NONE',  ( 0.2807807681398010180, 0.7427389548207067316, -0.6078659434732853750 ) ) ;
#3563 = LINE ( 'NONE', #1647, #470 ) ;
#3564 = CARTESIAN_POINT ( 'NONE',  ( -7.257905468479193267, -18.31657270988330666, 15.61213458942179244 ) ) ;
#3565 = EDGE_CURVE ( 'NONE', #3023, #2900, #2121, .T. ) ;
#3566 = ORIENTED_EDGE ( 'NONE', *, *, #1857, .F. ) ;
#3567 = DIRECTION ( 'NONE',  ( 0.4813818453556189536, 0.05406668479069660221, -0.8748418786030779382 ) ) ;
#3568 = LINE ( 'NONE', #2601, #1340 ) ;
#3569 = EDGE_CURVE ( 'NONE', #1676, #1845, #947, .T. ) ;
#3570 = VERTEX_POINT ( 'NONE', #225 ) ;
#3571 = CARTESIAN_POINT ( 'NONE',  ( -6.224091445932337763, -19.18890258547798666, 15.99299852407662215 ) ) ;
#3572 = VERTEX_POINT ( 'NONE', #1499 ) ;
#3573 = CARTESIAN_POINT ( 'NONE',  ( -7.201591401903096212, -17.49251830331380475, 15.46903680498277112 ) ) ;
#3574 = ORIENTED_EDGE ( 'NONE', *, *, #2126, .F. ) ;
#3575 = DIRECTION ( 'NONE',  ( 0.08429787499880178614, -0.9963248184195937496, -0.01518961723843554636 ) ) ;
#3576 = ADVANCED_FACE ( 'NONE', ( #3747 ), #3125, .T. ) ;
#3577 =( LENGTH_UNIT ( ) NAMED_UNIT ( * ) SI_UNIT ( $, .METRE. ) );
#3578 = CARTESIAN_POINT ( 'NONE',  ( -7.351907750486161852, -18.24105093294968682, 16.01510227552830656 ) ) ;
#3579 = DIRECTION ( 'NONE',  ( -0.4813818453556409915, -0.05406668479067330141, 0.8748418786030671690 ) ) ;
#3580 = CARTESIAN_POINT ( 'NONE',  ( -8.296577361024187525, -17.61813759223630882, 17.63187114126509059 ) ) ;
#3581 = ORIENTED_EDGE ( 'NONE', *, *, #4094, .T. ) ;
#3582 = ORIENTED_EDGE ( 'NONE', *, *, #3659, .T. ) ;
#3583 = EDGE_CURVE ( 'NONE', #3572, #919, #2785, .T. ) ;
#3584 = LINE ( 'NONE', #2040, #3679 ) ;
#3585 = CARTESIAN_POINT ( 'NONE',  ( -6.855167522538110347, -17.53651826803700686, 14.77938840555320787 ) ) ;
#3586 = DIRECTION ( 'NONE',  ( -0.8724479280923769231, -0.06643530534972112711, -0.4841703863005333841 ) ) ;
#3587 = ADVANCED_FACE ( 'NONE', ( #3449 ), #2128, .F. ) ;
#3588 = CARTESIAN_POINT ( 'NONE',  ( -6.762042282296063078, -17.55960071416190971, 16.81024101500659640 ) ) ;
#3589 = EDGE_LOOP ( 'NONE', ( #3284, #3263 ) ) ;
#3590 = CARTESIAN_POINT ( 'NONE',  ( -7.341168965381397626, -18.46309648322448638, 15.78227596797740340 ) ) ;
#3591 = CARTESIAN_POINT ( 'NONE',  ( -7.766944114559508172, -18.36189310294110300, 16.45429784235939152 ) ) ;
#3592 = COORDINATED_UNIVERSAL_TIME_OFFSET ( 2, 0, .AHEAD. ) ;
#3593 = EDGE_CURVE ( 'NONE', #3023, #1576, #1822, .T. ) ;
#3594 = ORIENTED_EDGE ( 'NONE', *, *, #4064, .T. ) ;
#3595 = CARTESIAN_POINT ( 'NONE',  ( -7.115288897309212324, -19.00018751904358538, 14.63580440852360276 ) ) ;
#3596 = AXIS2_PLACEMENT_3D ( 'NONE', #2792, #2172, #2858 ) ;
#3597 = CARTESIAN_POINT ( 'NONE',  ( -7.848026184879074663, -18.36669646038141934, 16.31938055202899562 ) ) ;
#3598 = CARTESIAN_POINT ( 'NONE',  ( -5.927696526894309592, -17.34600468115607441, 15.20603874959481416 ) ) ;
#3599 = EDGE_CURVE ( 'NONE', #2812, #1, #3413, .T. ) ;
#3600 = ORIENTED_EDGE ( 'NONE', *, *, #2944, .T. ) ;
#3601 = VECTOR ( 'NONE', #2166, 39.37007874015748854 ) ;
#3602 = DIRECTION ( 'NONE',  ( -0.4813818453556196197, -0.05406668479069656752, 0.8748418786030774941 ) ) ;
#3603 = CARTESIAN_POINT ( 'NONE',  ( -6.776621884322165279, -17.69136013398700769, 14.90304368319419304 ) ) ;
#3604 = AXIS2_PLACEMENT_3D ( 'NONE', #2486, #2203, #937 ) ;
#3605 = CC_DESIGN_APPROVAL ( #888, ( #1552 ) ) ;
#3606 = CYLINDRICAL_SURFACE ( 'NONE', #2217, 0.02559055118110303492 ) ;
#3607 = PLANE ( 'NONE',  #909 ) ;
#3608 = LINE ( 'NONE', #1444, #4088 ) ;
#3609 = ADVANCED_FACE ( 'NONE', ( #2793 ), #11, .T. ) ;
#3610 = ADVANCED_FACE ( 'NONE', ( #2146 ), #2173, .T. ) ;
#3611 = EDGE_CURVE ( 'NONE', #2260, #2548, #1479, .T. ) ;
#3612 = VERTEX_POINT ( 'NONE', #320 ) ;
#3613 = AXIS2_PLACEMENT_3D ( 'NONE', #3898, #1417, #2398 ) ;
#3614 = FACE_OUTER_BOUND ( 'NONE', #3004, .T. ) ;
#3615 = DIRECTION ( 'NONE',  ( -0.8724479280923818081, -0.06643530534973238200, -0.4841703863005232811 ) ) ;
#3616 = AXIS2_PLACEMENT_3D ( 'NONE', #3372, #3602, #1393 ) ;
#3617 = AXIS2_PLACEMENT_3D ( 'NONE', #3032, #1432, #2719 ) ;
#3618 = FACE_BOUND ( 'NONE', #1965, .T. ) ;
#3619 = AXIS2_PLACEMENT_3D ( 'NONE', #2125, #273, #590 ) ;
#3620 = VECTOR ( 'NONE', #2407, 39.37007874015748143 ) ;
#3621 = CYLINDRICAL_SURFACE ( 'NONE', #3019, 0.02559055118110303492 ) ;
#3622 = LINE ( 'NONE', #3011, #2558 ) ;
#3623 = ORIENTED_EDGE ( 'NONE', *, *, #3689, .T. ) ;
#3624 = AXIS2_PLACEMENT_3D ( 'NONE', #2988, #3551, #737 ) ;
#3625 = AXIS2_PLACEMENT_3D ( 'NONE', #1854, #3139, #1533 ) ;
#3626 = DIRECTION ( 'NONE',  ( -0.08429787529695621784, 0.9963248183968897997, 0.01518961707297469994 ) ) ;
#3627 = ADVANCED_FACE ( 'NONE', ( #3108 ), #2450, .T. ) ;
#3628 = AXIS2_PLACEMENT_3D ( 'NONE', #2151, #2453, #2497 ) ;
#3629 = LINE ( 'NONE', #2058, #3223 ) ;
#3630 = CARTESIAN_POINT ( 'NONE',  ( -6.242376176034884594, -17.86956287748470018, 14.96098667941569538 ) ) ;
#3631 = DIRECTION ( 'NONE',  ( -0.4813818453556411026, -0.05406668479067300997, 0.8748418786030672800 ) ) ;
#3632 = ORIENTED_EDGE ( 'NONE', *, *, #1691, .T. ) ;
#3633 = DIRECTION ( 'NONE',  ( -0.7598216429302023789, 0.5233242676548148786, -0.3857496361869960921 ) ) ;
#3634 = ORIENTED_EDGE ( 'NONE', *, *, #2226, .T. ) ;
#3635 = DIRECTION ( 'NONE',  ( -0.4813818453556411026, -0.05406668479067300997, 0.8748418786030672800 ) ) ;
#3636 = FACE_OUTER_BOUND ( 'NONE', #994, .T. ) ;
#3637 = DATE_TIME_ROLE ( 'classification_date' ) ;
#3638 = EDGE_LOOP ( 'NONE', ( #2533, #1953, #3177, #1128, #2112, #3706, #3840, #3385, #605, #870, #1465, #3795 ) ) ;
#3639 = CARTESIAN_POINT ( 'NONE',  ( -7.121687294197873719, -17.57017946635860284, 15.50820446034299493 ) ) ;
#3640 = CARTESIAN_POINT ( 'NONE',  ( -6.617451658129507308, -19.12035931393389987, 14.81230757368710726 ) ) ;
#3641 = DIRECTION ( 'NONE',  ( 0.000000000000000000, -0.9980957303041215756, -0.06168397805493808228 ) ) ;
#3642 = ORIENTED_EDGE ( 'NONE', *, *, #477, .T. ) ;
#3643 = CARTESIAN_POINT ( 'NONE',  ( -8.362400933520415691, -17.70689565014483335, 17.59016631708131229 ) ) ;
#3644 = LINE ( 'NONE', #144, #138 ) ;
#3645 = EDGE_CURVE ( 'NONE', #749, #2820, #235, .T. ) ;
#3646 = DIRECTION ( 'NONE',  ( 0.7598216429301999364, -0.5233242676548036654, 0.3857496361870156321 ) ) ;
#3647 = FACE_OUTER_BOUND ( 'NONE', #3501, .T. ) ;
#3648 = CARTESIAN_POINT ( 'NONE',  ( -6.165911950303324396, -17.79749622844951773, 15.00751496741749413 ) ) ;
#3649 = ORIENTED_EDGE ( 'NONE', *, *, #65, .T. ) ;
#3650 = DIRECTION ( 'NONE',  ( -0.6969704905527744909, -0.7170998084636648340, 0.000000000000000000 ) ) ;
#3651 = CARTESIAN_POINT ( 'NONE',  ( -6.156426994641849504, -17.73052992765960667, 15.01687269426630067 ) ) ;
#3652 = ORIENTED_EDGE ( 'NONE', *, *, #384, .T. ) ;
#3653 = CARTESIAN_POINT ( 'NONE',  ( -6.752122491661063819, -17.52867157842869972, 14.83657388425009849 ) ) ;
#3654 = VERTEX_POINT ( 'NONE', #1849 ) ;
#3655 = DIRECTION ( 'NONE',  ( -0.4813818453556409915, -0.05406668479067299610, 0.8748418786030671690 ) ) ;
#3656 = VERTEX_POINT ( 'NONE', #3132 ) ;
#3657 = PLANE ( 'NONE',  #1145 ) ;
#3658 = EDGE_LOOP ( 'NONE', ( #399, #1521 ) ) ;
#3659 = EDGE_CURVE ( 'NONE', #2718, #695, #1507, .T. ) ;
#3660 = AXIS2_PLACEMENT_3D ( 'NONE', #1119, #1725, #110 ) ;
#3661 = VERTEX_POINT ( 'NONE', #2514 ) ;
#3662 = FACE_BOUND ( 'NONE', #2303, .T. ) ;
#3663 = PLANE ( 'NONE',  #4058 ) ;
#3664 = CIRCLE ( 'NONE', #1542, 0.1181102362204723283 ) ;
#3665 = ORIENTED_EDGE ( 'NONE', *, *, #3569, .T. ) ;
#3666 = LINE ( 'NONE', #2086, #1622 ) ;
#3667 = AXIS2_PLACEMENT_3D ( 'NONE', #2371, #3321, #2994 ) ;
#3668 = DIRECTION ( 'NONE',  ( -0.4813818453556409915, -0.05406668479067299610, 0.8748418786030671690 ) ) ;
#3669 = EDGE_CURVE ( 'NONE', #1671, #682, #4039, .T. ) ;
#3670 = DIRECTION ( 'NONE',  ( 0.7778507431232470903, -0.4863971439747071246, 0.3979523083936821748 ) ) ;
#3671 = ORIENTED_EDGE ( 'NONE', *, *, #651, .T. ) ;
#3672 = CARTESIAN_POINT ( 'NONE',  ( -6.546116387614410392, -18.57169353433771875, 14.75046074899399784 ) ) ;
#3673 = EDGE_CURVE ( 'NONE', #3489, #3704, #942, .T. ) ;
#3674 = CARTESIAN_POINT ( 'NONE',  ( -6.156609134804075012, -17.56057376077679066, 15.02727604572700848 ) ) ;
#3675 = ORIENTED_EDGE ( 'NONE', *, *, #3696, .F. ) ;
#3676 = CIRCLE ( 'NONE', #490, 0.02559055118110303492 ) ;
#3677 = CARTESIAN_POINT ( 'NONE',  ( -7.626278476260689665, -18.50018330057752181, 15.93811995621850386 ) ) ;
#3678 = EDGE_LOOP ( 'NONE', ( #217, #19, #2276, #447, #1064, #1212, #1919, #1384, #379, #1732, #2782 ) ) ;
#3679 = VECTOR ( 'NONE', #2726, 39.37007874015748854 ) ;
#3680 = LINE ( 'NONE', #3146, #1136 ) ;
#3681 = ORIENTED_EDGE ( 'NONE', *, *, #2764, .F. ) ;
#3682 = LINE ( 'NONE', #3987, #212 ) ;
#3683 = CIRCLE ( 'NONE', #1027, 0.02559055118110303492 ) ;
#3684 = ORIENTED_EDGE ( 'NONE', *, *, #3848, .F. ) ;
#3685 = ORIENTED_EDGE ( 'NONE', *, *, #2747, .T. ) ;
#3686 = AXIS2_PLACEMENT_3D ( 'NONE', #845, #2808, #526 ) ;
#3687 = CIRCLE ( 'NONE', #3559, 0.02559055118110303492 ) ;
#3688 = CARTESIAN_POINT ( 'NONE',  ( -6.368947760955276927, -17.94887234255740793, 15.11145173396950270 ) ) ;
#3689 = EDGE_CURVE ( 'NONE', #2977, #1193, #1909, .T. ) ;
#3690 = LINE ( 'NONE', #2679, #1133 ) ;
#3691 = AXIS2_PLACEMENT_3D ( 'NONE', #534, #1807, #3094 ) ;
#3692 = AXIS2_PLACEMENT_3D ( 'NONE', #3884, #727, #688 ) ;
#3693 = AXIS2_PLACEMENT_3D ( 'NONE', #1826, #1531, #2815 ) ;
#3694 = VECTOR ( 'NONE', #3797, 39.37007874015748854 ) ;
#3695 = DIRECTION ( 'NONE',  ( 0.08429787499880325718, -0.9963248184195936386, -0.01518961723843481083 ) ) ;
#3696 = EDGE_CURVE ( 'NONE', #3727, #3722, #2686, .T. ) ;
#3697 = DIRECTION ( 'NONE',  ( -0.4813818453556411026, -0.05406668479067311406, 0.8748418786030672800 ) ) ;
#3698 = VERTEX_POINT ( 'NONE', #2493 ) ;
#3699 = FACE_OUTER_BOUND ( 'NONE', #661, .T. ) ;
#3700 = CARTESIAN_POINT ( 'NONE',  ( -8.130818987939488096, -18.64531993496708751, 17.47412837398000107 ) ) ;
#3701 = ADVANCED_FACE ( 'NONE', ( #2859 ), #3774, .F. ) ;
#3702 = ORIENTED_EDGE ( 'NONE', *, *, #3310, .F. ) ;
#3703 = DIRECTION ( 'NONE',  ( -0.08429787499880325718, 0.9963248184195936386, 0.01518961723843481083 ) ) ;
#3704 = VERTEX_POINT ( 'NONE', #4101 ) ;
#3705 = DIRECTION ( 'NONE',  ( 0.8724479280923781443, 0.06643530534971599233, 0.4841703863005320518 ) ) ;
#3706 = ORIENTED_EDGE ( 'NONE', *, *, #3074, .F. ) ;
#3707 = DIRECTION ( 'NONE',  ( -0.08429787529695505210, 0.9963248183968897997, 0.01518961707297448831 ) ) ;
#3708 = VERTEX_POINT ( 'NONE', #592 ) ;
#3709 = ORIENTED_EDGE ( 'NONE', *, *, #718, .F. ) ;
#3710 = CARTESIAN_POINT ( 'NONE',  ( -6.361581458645118481, -17.95948439066220459, 14.88983665956610203 ) ) ;
#3711 = CYLINDRICAL_SURFACE ( 'NONE', #79, 0.1968503937007865801 ) ;
#3712 = CARTESIAN_POINT ( 'NONE',  ( -7.631441433844173616, -18.26747775755649883, 16.19717442286938791 ) ) ;
#3713 = ADVANCED_FACE ( 'NONE', ( #3471 ), #3170, .T. ) ;
#3714 = CARTESIAN_POINT ( 'NONE',  ( -6.319460312052854079, -18.08244531411401468, 14.90541463556220414 ) ) ;
#3715 = DIRECTION ( 'NONE',  ( 0.000000000000000000, -0.9980957303041215756, -0.06168397805493808228 ) ) ;
#3716 = EDGE_CURVE ( 'NONE', #1228, #3727, #1885, .T. ) ;
#3717 = VERTEX_POINT ( 'NONE', #3810 ) ;
#3718 = LINE ( 'NONE', #2501, #1966 ) ;
#3719 = CARTESIAN_POINT ( 'NONE',  ( -6.210564797016715488, -17.80089646061308528, 14.98273459331549695 ) ) ;
#3720 = VERTEX_POINT ( 'NONE', #3580 ) ;
#3721 = LINE ( 'NONE', #1719, #3757 ) ;
#3722 = VERTEX_POINT ( 'NONE', #29 ) ;
#3723 = ADVANCED_FACE ( 'NONE', ( #1997 ), #1020, .F. ) ;
#3724 = CARTESIAN_POINT ( 'NONE',  ( -7.582626638833680488, -18.41790307716392050, 15.96722443964611315 ) ) ;
#3725 = EDGE_LOOP ( 'NONE', ( #709, #2135, #2363, #584 ) ) ;
#3726 = DIRECTION ( 'NONE',  ( 0.4813818453556409915, 0.05406668479067319733, -0.8748418786030671690 ) ) ;
#3727 = VERTEX_POINT ( 'NONE', #2918 ) ;
#3728 = ORIENTED_EDGE ( 'NONE', *, *, #1902, .F. ) ;
#3729 = DIRECTION ( 'NONE',  ( 0.08429787499881304103, -0.9963248184195924173, -0.01518961723845785837 ) ) ;
#3730 = EDGE_CURVE ( 'NONE', #2622, #4028, #1297, .T. ) ;
#3731 = CARTESIAN_POINT ( 'NONE',  ( -6.078762790247362879, -17.64210357104678906, 15.17082822190299396 ) ) ;
#3732 = DIRECTION ( 'NONE',  ( -0.8724479280923778113, -0.06643530534971169021, -0.4841703863005331065 ) ) ;
#3733 = ORIENTED_EDGE ( 'NONE', *, *, #1192, .F. ) ;
#3734 = CYLINDRICAL_SURFACE ( 'NONE', #156, 0.02559055118110303492 ) ;
#3735 = CARTESIAN_POINT ( 'NONE',  ( -6.428355827203205308, -18.36399416764081494, 14.82809467774440471 ) ) ;
#3736 = AXIS2_PLACEMENT_3D ( 'NONE', #193, #775, #1752 ) ;
#3737 = CIRCLE ( 'NONE', #2137, 0.1181102362204734108 ) ;
#3738 = ORIENTED_EDGE ( 'NONE', *, *, #2871, .F. ) ;
#3739 = LINE ( 'NONE', #2214, #3761 ) ;
#3740 = DIRECTION ( 'NONE',  ( 0.4813818453556409915, 0.05406668479067330141, -0.8748418786030671690 ) ) ;
#3741 = ADVANCED_FACE ( 'NONE', ( #660 ), #2291, .T. ) ;
#3742 = VECTOR ( 'NONE', #3392, 39.37007874015748854 ) ;
#3743 = ORIENTED_EDGE ( 'NONE', *, *, #3854, .F. ) ;
#3744 = AXIS2_PLACEMENT_3D ( 'NONE', #1584, #81, #3886 ) ;
#3745 = DIRECTION ( 'NONE',  ( -0.9573022133773341213, -0.08520777437476233229, 0.2762464614234120264 ) ) ;
#3746 = ORIENTED_EDGE ( 'NONE', *, *, #1620, .T. ) ;
#3747 = FACE_OUTER_BOUND ( 'NONE', #1793, .T. ) ;
#3748 = ORIENTED_EDGE ( 'NONE', *, *, #1046, .T. ) ;
#3749 = PLANE ( 'NONE',  #689 ) ;
#3750 = VERTEX_POINT ( 'NONE', #68 ) ;
#3751 = PLANE ( 'NONE',  #3241 ) ;
#3752 = EDGE_CURVE ( 'NONE', #2107, #956, #3253, .T. ) ;
#3753 = DIRECTION ( 'NONE',  ( -0.4813818453556408805, -0.05406668479068088562, 0.8748418786030668359 ) ) ;
#3754 = DIRECTION ( 'NONE',  ( -0.08429787529695621784, 0.9963248183968897997, 0.01518961707297469994 ) ) ;
#3755 = CARTESIAN_POINT ( 'NONE',  ( -7.122523407043267696, -17.74511776105122252, 16.50948934381350242 ) ) ;
#3756 = AXIS2_PLACEMENT_3D ( 'NONE', #4060, #2838, #3814 ) ;
#3757 = VECTOR ( 'NONE', #137, 39.37007874015748854 ) ;
#3758 = DIRECTION ( 'NONE',  ( -0.08429787529696036730, 0.9963248183968894667, 0.01518961707297073263 ) ) ;
#3759 = AXIS2_PLACEMENT_3D ( 'NONE', #610, #3729, #3168 ) ;
#3760 = PLANE ( 'NONE',  #2851 ) ;
#3761 = VECTOR ( 'NONE', #4067, 39.37007874015748854 ) ;
#3762 = CIRCLE ( 'NONE', #3560, 0.1181102362204713846 ) ;
#3763 = ORIENTED_EDGE ( 'NONE', *, *, #752, .T. ) ;
#3764 = FACE_OUTER_BOUND ( 'NONE', #978, .T. ) ;
#3765 = DIRECTION ( 'NONE',  ( 0.4813818453556409915, 0.05406668479067330141, -0.8748418786030671690 ) ) ;
#3766 = CARTESIAN_POINT ( 'NONE',  ( -6.752122491661063819, -17.52867157842869972, 14.83657388425009849 ) ) ;
#3767 = ORIENTED_EDGE ( 'NONE', *, *, #3440, .F. ) ;
#3768 = ORIENTED_EDGE ( 'NONE', *, *, #2387, .T. ) ;
#3769 = CARTESIAN_POINT ( 'NONE',  ( -6.536515881955512697, -18.50632923403215457, 14.86553894501239093 ) ) ;
#3770 = ORIENTED_EDGE ( 'NONE', *, *, #1976, .F. ) ;
#3771 = CARTESIAN_POINT ( 'NONE',  ( -6.159667956678180900, -17.59989944264594186, 15.12891843008251236 ) ) ;
#3772 = LINE ( 'NONE', #2341, #702 ) ;
#3773 = DIRECTION ( 'NONE',  ( -0.4813818453556411026, -0.05406668479067311406, 0.8748418786030672800 ) ) ;
#3774 = PLANE ( 'NONE',  #3484 ) ;
#3775 = ORIENTED_EDGE ( 'NONE', *, *, #1095, .T. ) ;
#3776 = ORIENTED_EDGE ( 'NONE', *, *, #2252, .T. ) ;
#3777 = LINE ( 'NONE', #1825, #1575 ) ;
#3778 = CARTESIAN_POINT ( 'NONE',  ( -5.917740084965321223, -17.46368084081188243, 15.20424470031468367 ) ) ;
#3779 = ADVANCED_FACE ( 'NONE', ( #1608 ), #2894, .F. ) ;
#3780 = ORIENTED_EDGE ( 'NONE', *, *, #1199, .F. ) ;
#3781 = CYLINDRICAL_SURFACE ( 'NONE', #307, 0.1181102362204723283 ) ;
#3782 = CARTESIAN_POINT ( 'NONE',  ( -6.277339165460571024, -18.20540623756578924, 14.92099261155821033 ) ) ;
#3783 = CARTESIAN_POINT ( 'NONE',  ( -6.201621225161849438, -17.55671592106929069, 15.00274655869499796 ) ) ;
#3784 = ORIENTED_EDGE ( 'NONE', *, *, #3982, .T. ) ;
#3785 = ORIENTED_EDGE ( 'NONE', *, *, #616, .F. ) ;
#3786 = CARTESIAN_POINT ( 'NONE',  ( -6.460167206221355762, -18.43266058451250800, 14.80634676384459958 ) ) ;
#3787 = ORIENTED_EDGE ( 'NONE', *, *, #1278, .T. ) ;
#3788 = CARTESIAN_POINT ( 'NONE',  ( -7.753668858654173768, -18.51879464914889795, 16.45190577665259823 ) ) ;
#3789 = PLANE ( 'NONE',  #1237 ) ;
#3790 = DIRECTION ( 'NONE',  ( 0.8724479280923769231, 0.06643530534972112711, 0.4841703863005333841 ) ) ;
#3791 = CARTESIAN_POINT ( 'NONE',  ( -6.040763717450689185, -17.35606859151529591, 15.23866628440860183 ) ) ;
#3792 = EDGE_CURVE ( 'NONE', #3053, #1233, #965, .T. ) ;
#3793 = CARTESIAN_POINT ( 'NONE',  ( -7.649878475661791022, -18.11117535749940899, 16.53420799790220386 ) ) ;
#3794 = DIRECTION ( 'NONE',  ( -0.4813818453556409915, -0.05406668479067299610, 0.8748418786030671690 ) ) ;
#3795 = ORIENTED_EDGE ( 'NONE', *, *, #58, .F. ) ;
#3796 = AXIS2_PLACEMENT_3D ( 'NONE', #255, #1506, #3754 ) ;
#3797 = DIRECTION ( 'NONE',  ( 0.4813818453556409915, 0.05406668479067319733, -0.8748418786030671690 ) ) ;
#3798 = EDGE_CURVE ( 'NONE', #3750, #749, #1818, .T. ) ;
#3799 = DIRECTION ( 'NONE',  ( 0.3702968348257021924, 0.8921078495251143492, 0.2588896269334530764 ) ) ;
#3800 = VERTEX_POINT ( 'NONE', #3564 ) ;
#3801 = EDGE_CURVE ( 'NONE', #2465, #1683, #1675, .T. ) ;
#3802 = LINE ( 'NONE', #3424, #3183 ) ;
#3803 = VECTOR ( 'NONE', #2053, 39.37007874015748854 ) ;
#3804 = ORIENTED_EDGE ( 'NONE', *, *, #2606, .F. ) ;
#3805 = APPLICATION_PROTOCOL_DEFINITION ( 'international standard', 'config_control_design', 1994, #3972 ) ;
#3806 = ORIENTED_EDGE ( 'NONE', *, *, #1559, .F. ) ;
#3807 = DIRECTION ( 'NONE',  ( 0.08429787499881383206, -0.9963248184195924173, -0.01518961723845363258 ) ) ;
#3808 = CARTESIAN_POINT ( 'NONE',  ( -7.476025869032106641, -18.40841473201850675, 15.93646290491749795 ) ) ;
#3809 = CARTESIAN_POINT ( 'NONE',  ( -6.609032231324448503, -18.54149543610940754, 14.71770759143509899 ) ) ;
#3810 = CARTESIAN_POINT ( 'NONE',  ( -6.599580258836985180, -18.44670386487709379, 14.95377935819612247 ) ) ;
#3811 = ORIENTED_EDGE ( 'NONE', *, *, #2153, .T. ) ;
#3812 = ADVANCED_FACE ( 'NONE', ( #3230 ), #2936, .F. ) ;
#3813 = CIRCLE ( 'NONE', #696, 0.02559055118110303492 ) ;
#3814 = DIRECTION ( 'NONE',  ( -0.2765254789952332204, -0.008745935471210533954, -0.9609667882290158225 ) ) ;
#3815 = CARTESIAN_POINT ( 'NONE',  ( -6.713268679886884804, -18.35752936299980576, 16.83184127260447838 ) ) ;
#3816 = CIRCLE ( 'NONE', #3364, 0.07874015748031566730 ) ;
#3817 = CIRCLE ( 'NONE', #900, 0.02559055118110303492 ) ;
#3818 = MANIFOLD_SOLID_BREP ( 'End_effector.stp<1>', #2904 ) ;
#3819 = VERTEX_POINT ( 'NONE', #54 ) ;
#3820 = AXIS2_PLACEMENT_3D ( 'NONE', #9, #2579, #1275 ) ;
#3821 = AXIS2_PLACEMENT_3D ( 'NONE', #3024, #197, #1466 ) ;
#3822 = CARTESIAN_POINT ( 'NONE',  ( -6.663640565539349581, -19.12182017462980355, 14.65179431405279686 ) ) ;
#3823 = ORIENTED_EDGE ( 'NONE', *, *, #2022, .F. ) ;
#3824 = FACE_OUTER_BOUND ( 'NONE', #1824, .T. ) ;
#3825 = AXIS2_PLACEMENT_3D ( 'NONE', #198, #1467, #1158 ) ;
#3826 = CIRCLE ( 'NONE', #44, 0.02559055118110303492 ) ;
#3827 = DIRECTION ( 'NONE',  ( -0.8724479280923895796, -0.06643530534971466006, -0.4841703863005116792 ) ) ;
#3828 = VECTOR ( 'NONE', #3856, 39.37007874015748854 ) ;
#3829 = EDGE_CURVE ( 'NONE', #2227, #3220, #1407, .T. ) ;
#3830 = DIRECTION ( 'NONE',  ( -0.08429787499880304902, 0.9963248184195936386, 0.01518961723843481083 ) ) ;
#3831 = DIRECTION ( 'NONE',  ( -0.8724479280923818081, -0.06643530534973238200, -0.4841703863005232811 ) ) ;
#3832 = CARTESIAN_POINT ( 'NONE',  ( -5.481233777510748695, -17.43189573992720653, 15.54186145484539416 ) ) ;
#3833 = DIRECTION ( 'NONE',  ( 0.4813818453556189536, 0.05406668479069660221, -0.8748418786030780492 ) ) ;
#3834 = ADVANCED_FACE ( 'NONE', ( #694 ), #999, .T. ) ;
#3835 = DIRECTION ( 'NONE',  ( 0.000000000000000000, -0.9980957303041215756, -0.06168397805493808228 ) ) ;
#3836 = CARTESIAN_POINT ( 'NONE',  ( -6.776621884322165279, -17.69136013398700769, 14.90304368319419304 ) ) ;
#3837 = ADVANCED_FACE ( 'NONE', ( #1648 ), #1334, .F. ) ;
#3838 = ORIENTED_EDGE ( 'NONE', *, *, #265, .F. ) ;
#3839 = CARTESIAN_POINT ( 'NONE',  ( -6.259998224806153644, -17.61278307420869993, 15.41718464557480139 ) ) ;
#3840 = ORIENTED_EDGE ( 'NONE', *, *, #3190, .F. ) ;
#3841 = DIRECTION ( 'NONE',  ( -0.8724479280923781443, -0.06643530534971589518, -0.4841703863005320518 ) ) ;
#3842 = ADVANCED_FACE ( 'NONE', ( #2953 ), #87, .F. ) ;
#3843 = ORIENTED_EDGE ( 'NONE', *, *, #1703, .F. ) ;
#3844 = FACE_OUTER_BOUND ( 'NONE', #2659, .T. ) ;
#3845 = LENGTH_MEASURE_WITH_UNIT ( LENGTH_MEASURE( 0.02539999999999999897 ), #3577 );
#3846 = EDGE_LOOP ( 'NONE', ( #2516, #2066, #92, #30 ) ) ;
#3847 = DIRECTION ( 'NONE',  ( -0.4813818453556409915, -0.05406668479067330141, 0.8748418786030671690 ) ) ;
#3848 = EDGE_CURVE ( 'NONE', #2382, #826, #1721, .T. ) ;
#3849 = DIRECTION ( 'NONE',  ( -0.08429787499880303514, 0.9963248184195934165, 0.01518961723843480910 ) ) ;
#3850 = EDGE_CURVE ( 'NONE', #2723, #3188, #2695, .T. ) ;
#3851 = CARTESIAN_POINT ( 'NONE',  ( -5.896136441990141641, -19.06543248667621882, 15.21260592456549077 ) ) ;
#3852 = DIRECTION ( 'NONE',  ( -0.08429787499880325718, 0.9963248184195936386, 0.01518961723843481083 ) ) ;
#3853 = ORIENTED_EDGE ( 'NONE', *, *, #1405, .F. ) ;
#3854 = EDGE_CURVE ( 'NONE', #1320, #1664, #524, .T. ) ;
#3855 = CARTESIAN_POINT ( 'NONE',  ( -7.502398304784017924, -17.55766231754681428, 18.07260573191550534 ) ) ;
#3856 = DIRECTION ( 'NONE',  ( 0.4813818453556409915, 0.05406668479067280181, -0.8748418786030671690 ) ) ;
#3857 = ORIENTED_EDGE ( 'NONE', *, *, #1674, .T. ) ;
#3858 = PLANE ( 'NONE',  #643 ) ;
#3859 = VERTEX_POINT ( 'NONE', #790 ) ;
#3860 = CARTESIAN_POINT ( 'NONE',  ( -7.513929951582323241, -18.41267195075850438, 16.00534809211071163 ) ) ;
#3861 = ORIENTED_EDGE ( 'NONE', *, *, #3425, .F. ) ;
#3862 = EDGE_CURVE ( 'NONE', #3062, #3819, #3164, .T. ) ;
#3863 = CARTESIAN_POINT ( 'NONE',  ( -6.482493629578051753, -18.43436070059428999, 14.79395657679360276 ) ) ;
#3864 = EDGE_CURVE ( 'NONE', #1538, #1845, #3622, .T. ) ;
#3865 = DATE_AND_TIME ( #1330, #3998 ) ;
#3866 = VECTOR ( 'NONE', #1720, 39.37007874015748854 ) ;
#3867 = DIRECTION ( 'NONE',  ( -0.8724479280923818081, -0.06643530534973238200, -0.4841703863005232811 ) ) ;
#3868 = DIRECTION ( 'NONE',  ( -0.8724479280923818081, -0.06643530534973238200, -0.4841703863005232811 ) ) ;
#3869 = DIRECTION ( 'NONE',  ( -0.8724479280923818081, -0.06643530534973238200, -0.4841703863005232811 ) ) ;
#3870 = LOCAL_TIME ( 13, 13, 13.00000000000000000, #3592 ) ;
#3871 = ORIENTED_EDGE ( 'NONE', *, *, #3115, .T. ) ;
#3872 = DIRECTION ( 'NONE',  ( -0.8724479280923818081, -0.06643530534973238200, -0.4841703863005232811 ) ) ;
#3873 = PLANE ( 'NONE',  #683 ) ;
#3874 = EDGE_CURVE ( 'NONE', #3056, #2389, #1053, .T. ) ;
#3875 = ADVANCED_FACE ( 'NONE', ( #106 ), #3657, .T. ) ;
#3876 = VERTEX_POINT ( 'NONE', #1796 ) ;
#3877 = DIRECTION ( 'NONE',  ( 0.08429787499880325718, -0.9963248184195936386, -0.01518961723843481083 ) ) ;
#3878 = EDGE_LOOP ( 'NONE', ( #3552, #1536 ) ) ;
#3879 = CARTESIAN_POINT ( 'NONE',  ( -5.896136441990141641, -19.06543248667621882, 15.21260592456549077 ) ) ;
#3880 = ORIENTED_EDGE ( 'NONE', *, *, #1559, .T. ) ;
#3881 = ORIENTED_EDGE ( 'NONE', *, *, #752, .F. ) ;
#3882 = AXIS2_PLACEMENT_3D ( 'NONE', #3808, #997, #318 ) ;
#3883 = AXIS2_PLACEMENT_3D ( 'NONE', #222, #2760, #1408 ) ;
#3884 = CARTESIAN_POINT ( 'NONE',  ( -7.223150351539979752, -17.72536245610511685, 14.65523994239169170 ) ) ;
#3885 = AXIS2_PLACEMENT_3D ( 'NONE', #149, #1105, #3670 ) ;
#3886 = DIRECTION ( 'NONE',  ( -0.1116138014218449742, 0.9937516587820948155, 0.000000000000000000 ) ) ;
#3887 = CIRCLE ( 'NONE', #3300, 0.1181102362204732720 ) ;
#3888 = ADVANCED_FACE ( 'NONE', ( #3035 ), #841, .T. ) ;
#3889 = VECTOR ( 'NONE', #3197, 39.37007874015748854 ) ;
#3890 = AXIS2_PLACEMENT_3D ( 'NONE', #2257, #3877, #1989 ) ;
#3891 = DIRECTION ( 'NONE',  ( -0.08429787499879778934, 0.9963248184195937496, 0.01518961723845344697 ) ) ;
#3892 = DIRECTION ( 'NONE',  ( -0.4813818453556411026, -0.05406668479067311406, 0.8748418786030672800 ) ) ;
#3893 = DIRECTION ( 'NONE',  ( -0.8724479280923818081, -0.06643530534973238200, -0.4841703863005232811 ) ) ;
#3894 = ORIENTED_EDGE ( 'NONE', *, *, #2555, .F. ) ;
#3895 = ADVANCED_FACE ( 'NONE', ( #1436 ), #2078, .F. ) ;
#3896 = CARTESIAN_POINT ( 'NONE',  ( -6.482493629578051753, -18.43436070059428999, 14.79395657679360276 ) ) ;
#3897 = DIRECTION ( 'NONE',  ( -0.4813818453556409915, -0.05406668479067299610, 0.8748418786030671690 ) ) ;
#3898 = CARTESIAN_POINT ( 'NONE',  ( -6.752122491661063819, -17.52867157842869972, 14.83657388425009849 ) ) ;
#3899 = DIRECTION ( 'NONE',  ( 0.4813818453556409915, 0.05406668479067280181, -0.8748418786030671690 ) ) ;
#3900 = EDGE_CURVE ( 'NONE', #2465, #1587, #1410, .T. ) ;
#3901 = CARTESIAN_POINT ( 'NONE',  ( -6.229534708339662608, -17.93482906219282214, 14.96401913961800645 ) ) ;
#3902 = ORIENTED_EDGE ( 'NONE', *, *, #2764, .T. ) ;
#3903 = CARTESIAN_POINT ( 'NONE',  ( -7.545406442074488851, -17.80131015641051206, 17.84841290503511857 ) ) ;
#3904 = ADVANCED_FACE ( 'NONE', ( #1073 ), #2038, .F. ) ;
#3905 = CARTESIAN_POINT ( 'NONE',  ( -7.631441433652381257, -18.26747775809500141, 16.19717442294169274 ) ) ;
#3906 = FACE_OUTER_BOUND ( 'NONE', #15, .T. ) ;
#3907 = DIRECTION ( 'NONE',  ( 0.2807807681397954669, 0.7427389548207027348, -0.6078659434732929245 ) ) ;
#3908 = ORIENTED_EDGE ( 'NONE', *, *, #860, .F. ) ;
#3909 = FACE_OUTER_BOUND ( 'NONE', #3194, .T. ) ;
#3910 = CARTESIAN_POINT ( 'NONE',  ( -7.353646936043547910, -19.31576927400523047, 18.04580225252885484 ) ) ;
#3911 = CARTESIAN_POINT ( 'NONE',  ( -6.346621337598602253, -17.94717222647559041, 15.12384192102049063 ) ) ;
#3912 = DIRECTION ( 'NONE',  ( 0.8724479280923895796, 0.06643530534971466006, 0.4841703863005116792 ) ) ;
#3913 = LINE ( 'NONE', #3901, #427 ) ;
#3914 = ORIENTED_EDGE ( 'NONE', *, *, #2374, .F. ) ;
#3915 = ORIENTED_EDGE ( 'NONE', *, *, #452, .T. ) ;
#3916 = CARTESIAN_POINT ( 'NONE',  ( -7.347158785883267207, -19.23213178733708872, 18.09408408221720421 ) ) ;
#3917 = CARTESIAN_POINT ( 'NONE',  ( -7.433560581854036009, -17.63471211372039349, 18.01025715528480475 ) ) ;
#3918 = ORIENTED_EDGE ( 'NONE', *, *, #982, .T. ) ;
#3919 = CARTESIAN_POINT ( 'NONE',  ( -6.699640371932775729, -17.68892536662889725, 15.17056578257749955 ) ) ;
#3920 = AXIS2_PLACEMENT_3D ( 'NONE', #3432, #571, #1848 ) ;
#3921 = ORIENTED_EDGE ( 'NONE', *, *, #2490, .T. ) ;
#3922 = CARTESIAN_POINT ( 'NONE',  ( -6.550639092733326230, -19.23164964467752114, 14.70718574346960494 ) ) ;
#3923 = ORIENTED_EDGE ( 'NONE', *, *, #1372, .T. ) ;
#3924 = ADVANCED_FACE ( 'NONE', ( #2105 ), #2742, .F. ) ;
#3925 = DIRECTION ( 'NONE',  ( -0.08429787499881302715, 0.9963248184195923063, 0.01518961723845790347 ) ) ;
#3926 = CARTESIAN_POINT ( 'NONE',  ( -6.631391637855211130, -18.51537028174879040, 14.93203144429638662 ) ) ;
#3927 = EDGE_CURVE ( 'NONE', #2796, #1309, #1775, .T. ) ;
#3928 = ADVANCED_FACE ( 'NONE', ( #2675 ), #3063, .F. ) ;
#3929 = PRODUCT_DEFINITION_FORMATION_WITH_SPECIFIED_SOURCE ( 'ANY', '', #547, .NOT_KNOWN. ) ;
#3930 = FACE_OUTER_BOUND ( 'NONE', #1655, .T. ) ;
#3931 = DIRECTION ( 'NONE',  ( -0.4813818453556189536, -0.05406668479069660221, 0.8748418786030780492 ) ) ;
#3932 = LINE ( 'NONE', #2381, #3949 ) ;
#3933 = ORIENTED_EDGE ( 'NONE', *, *, #356, .T. ) ;
#3934 = CIRCLE ( 'NONE', #2498, 0.02559055118110303492 ) ;
#3935 = CARTESIAN_POINT ( 'NONE',  ( -6.169152912339664674, -17.66686574343581029, 15.11956070323370049 ) ) ;
#3936 = CYLINDRICAL_SURFACE ( 'NONE', #966, 0.02559055118110303492 ) ;
#3937 = AXIS2_PLACEMENT_3D ( 'NONE', #2, #583, #2528 ) ;
#3938 = EDGE_LOOP ( 'NONE', ( #2434, #2744, #4002, #1445, #3880, #2942 ) ) ;
#3939 = DIRECTION ( 'NONE',  ( 0.08429787499881304103, -0.9963248184195924173, -0.01518961723845790694 ) ) ;
#3940 = CIRCLE ( 'NONE', #2972, 0.02559055118110303492 ) ;
#3941 = EDGE_CURVE ( 'NONE', #923, #3720, #3682, .T. ) ;
#3942 = DIRECTION ( 'NONE',  ( -0.4813818453556222843, -0.05406668479068793554, 0.8748418786030767169 ) ) ;
#3943 = DIRECTION ( 'NONE',  ( 0.4813818453556189536, 0.05406668479069660221, -0.8748418786030779382 ) ) ;
#3944 = ORIENTED_EDGE ( 'NONE', *, *, #1337, .F. ) ;
#3945 = EDGE_LOOP ( 'NONE', ( #4097, #3642 ) ) ;
#3946 = VECTOR ( 'NONE', #2279, 39.37007874015748854 ) ;
#3947 = CIRCLE ( 'NONE', #2164, 0.07874015748031573669 ) ;
#3948 = PLANE ( 'NONE',  #1357 ) ;
#3949 = VECTOR ( 'NONE', #1420, 39.37007874015748854 ) ;
#3950 = DIRECTION ( 'NONE',  ( 0.000000000000000000, 0.01524387629982680570, -0.9998838053670814352 ) ) ;
#3951 = DIRECTION ( 'NONE',  ( -0.2744515089616597625, 0.5680873757055917572, -0.7758563673725967780 ) ) ;
#3952 = CARTESIAN_POINT ( 'NONE',  ( -7.730514702617224287, -18.51189065358338581, 16.12755422127029448 ) ) ;
#3953 = CARTESIAN_POINT ( 'NONE',  ( -6.363997608768818814, -18.08744754676189359, 14.98635473062980417 ) ) ;
#3954 = APPROVAL ( #2609, 'UNSPECIFIED' ) ;
#3955 = VERTEX_POINT ( 'NONE', #771 ) ;
#3956 = DIRECTION ( 'NONE',  ( -0.4813818453556409915, -0.05406668479067299610, 0.8748418786030671690 ) ) ;
#3957 = CARTESIAN_POINT ( 'NONE',  ( -6.568442810971105494, -18.57339365041950074, 14.73807056194299925 ) ) ;
#3958 = EDGE_CURVE ( 'NONE', #3155, #3077, #432, .T. ) ;
#3959 = APPROVAL_ROLE ( '' ) ;
#3960 = ORIENTED_EDGE ( 'NONE', *, *, #3015, .F. ) ;
#3961 = DIRECTION ( 'NONE',  ( -0.4813818453556409915, -0.05406668479067319733, 0.8748418786030671690 ) ) ;
#3962 = VERTEX_POINT ( 'NONE', #3769 ) ;
#3963 = ADVANCED_FACE ( 'NONE', ( #3165, #3408, #2854 ), #3749, .F. ) ;
#3964 = LINE ( 'NONE', #1114, #2889 ) ;
#3965 = DIRECTION ( 'NONE',  ( -0.8724479280923818081, -0.06643530534973238200, -0.4841703863005232811 ) ) ;
#3966 = ORIENTED_EDGE ( 'NONE', *, *, #1783, .T. ) ;
#3967 = ADVANCED_FACE ( 'NONE', ( #3147 ), #290, .F. ) ;
#3968 = ORIENTED_EDGE ( 'NONE', *, *, #3262, .F. ) ;
#3969 = ADVANCED_FACE ( 'NONE', ( #4096 ), #4008, .F. ) ;
#3970 = DIRECTION ( 'NONE',  ( -0.8724479280923818081, -0.06643530534973238200, -0.4841703863005232811 ) ) ;
#3971 = PLANE ( 'NONE',  #943 ) ;
#3972 = APPLICATION_CONTEXT ( 'configuration controlled 3d designs of mechanical parts and assemblies' ) ;
#3973 = DIRECTION ( 'NONE',  ( -0.4813818453556411026, -0.05406668479067311406, 0.8748418786030672800 ) ) ;
#3974 = DIRECTION ( 'NONE',  ( -0.8724479280923818081, -0.06643530534973238200, -0.4841703863005232811 ) ) ;
#3975 = LINE ( 'NONE', #3329, #1838 ) ;
#3976 = ORIENTED_EDGE ( 'NONE', *, *, #1959, .T. ) ;
#3977 = FACE_OUTER_BOUND ( 'NONE', #249, .T. ) ;
#3978 = DIRECTION ( 'NONE',  ( -0.4813818453556409915, -0.05406668479067319733, 0.8748418786030671690 ) ) ;
#3979 = EDGE_LOOP ( 'NONE', ( #1640, #251 ) ) ;
#3980 = PERSON_AND_ORGANIZATION ( #2673, #1951 ) ;
#3981 = ORIENTED_EDGE ( 'NONE', *, *, #3862, .F. ) ;
#3982 = EDGE_CURVE ( 'NONE', #3023, #3727, #1284, .T. ) ;
#3983 = CYLINDRICAL_SURFACE ( 'NONE', #2500, 0.1181102362204719813 ) ;
#3984 = ORIENTED_EDGE ( 'NONE', *, *, #2197, .T. ) ;
#3985 = LINE ( 'NONE', #3340, #3538 ) ;
#3986 = ORIENTED_EDGE ( 'NONE', *, *, #1812, .T. ) ;
#3987 = CARTESIAN_POINT ( 'NONE',  ( -7.480804199914155461, -17.55601796617111887, 18.08458951428233874 ) ) ;
#3988 = ORIENTED_EDGE ( 'NONE', *, *, #3398, .T. ) ;
#3989 = EDGE_LOOP ( 'NONE', ( #474, #518, #903, #2182 ) ) ;
#3990 = AXIS2_PLACEMENT_3D ( 'NONE', #436, #2208, #3790 ) ;
#3991 = DIRECTION ( 'NONE',  ( 0.4813818453556369392, 0.05406668479066899929, -0.8748418786030697225 ) ) ;
#3992 = DIRECTION ( 'NONE',  ( 0.8724479280923895796, 0.06643530534971466006, 0.4841703863005116792 ) ) ;
#3993 = AXIS2_PLACEMENT_3D ( 'NONE', #105, #2656, #1052 ) ;
#3994 = ORIENTED_EDGE ( 'NONE', *, *, #3386, .F. ) ;
#3995 = AXIS2_PLACEMENT_3D ( 'NONE', #473, #3907, #1455 ) ;
#3996 = CARTESIAN_POINT ( 'NONE',  ( -8.243286034184331257, -17.76831020056389931, 17.55644904683191143 ) ) ;
#3997 = DIRECTION ( 'NONE',  ( -0.8724479280923818081, -0.06643530534973238200, -0.4841703863005232811 ) ) ;
#3998 = LOCAL_TIME ( 13, 13, 13.00000000000000000, #64 ) ;
#3999 = ORIENTED_EDGE ( 'NONE', *, *, #2738, .F. ) ;
#4000 = DIRECTION ( 'NONE',  ( -0.4813818453556188981, -0.05406668479069649119, 0.8748418786030778271 ) ) ;
#4001 = DIRECTION ( 'NONE',  ( -0.4813818453556409915, -0.05406668479067299610, 0.8748418786030671690 ) ) ;
#4002 = ORIENTED_EDGE ( 'NONE', *, *, #512, .T. ) ;
#4003 = DIRECTION ( 'NONE',  ( -0.4813818453556411026, -0.05406668479067311406, 0.8748418786030672800 ) ) ;
#4004 = ORIENTED_EDGE ( 'NONE', *, *, #3116, .T. ) ;
#4005 = ADVANCED_FACE ( 'NONE', ( #4052 ), #541, .T. ) ;
#4006 = CARTESIAN_POINT ( 'NONE',  ( -7.437544987843719646, -19.07613521934889889, 17.82897737116701009 ) ) ;
#4007 = ORIENTED_EDGE ( 'NONE', *, *, #3137, .T. ) ;
#4008 = CYLINDRICAL_SURFACE ( 'NONE', #145, 0.1181102362204723283 ) ;
#4009 = AXIS2_PLACEMENT_3D ( 'NONE', #2886, #604, #1602 ) ;
#4010 = EDGE_CURVE ( 'NONE', #391, #834, #2787, .T. ) ;
#4011 = ORIENTED_EDGE ( 'NONE', *, *, #911, .T. ) ;
#4012 = AXIS2_PLACEMENT_3D ( 'NONE', #869, #1737, #803 ) ;
#4013 = EDGE_LOOP ( 'NONE', ( #3477, #3853, #1451, #831 ) ) ;
#4014 = DIRECTION ( 'NONE',  ( -0.8724479280923818081, -0.06643530534973238200, -0.4841703863005232811 ) ) ;
#4015 = CARTESIAN_POINT ( 'NONE',  ( -6.124003355434154194, -17.64166443313480315, 15.26521838160799405 ) ) ;
#4016 = CIRCLE ( 'NONE', #4084, 0.1309055118110285798 ) ;
#4017 = EDGE_CURVE ( 'NONE', #1250, #3532, #3022, .T. ) ;
#4018 = AXIS2_PLACEMENT_3D ( 'NONE', #2358, #3631, #2748 ) ;
#4019 = ORIENTED_EDGE ( 'NONE', *, *, #2517, .F. ) ;
#4020 = AXIS2_PLACEMENT_3D ( 'NONE', #2254, #971, #34 ) ;
#4021 = AXIS2_PLACEMENT_3D ( 'NONE', #985, #1665, #338 ) ;
#4022 = DIRECTION ( 'NONE',  ( 0.08429787499880325718, -0.9963248184195936386, -0.01518961723843481083 ) ) ;
#4023 = CARTESIAN_POINT ( 'NONE',  ( -7.618166177938858752, -18.42437930376429023, 16.19478235716259817 ) ) ;
#4024 = EDGE_CURVE ( 'NONE', #358, #401, #2530, .T. ) ;
#4025 = ORIENTED_EDGE ( 'NONE', *, *, #2648, .T. ) ;
#4026 = CARTESIAN_POINT ( 'NONE',  ( -7.618166177938858752, -18.42437930376429023, 16.19478235716259817 ) ) ;
#4027 = DIRECTION ( 'NONE',  ( -0.4813818453556189536, -0.05406668479069660221, 0.8748418786030780492 ) ) ;
#4028 = VERTEX_POINT ( 'NONE', #2805 ) ;
#4029 = DIRECTION ( 'NONE',  ( -0.4813818453556408805, -0.05406668479068088562, 0.8748418786030668359 ) ) ;
#4030 = VERTEX_POINT ( 'NONE', #1501 ) ;
#4031 = CARTESIAN_POINT ( 'NONE',  ( -8.249333742964036986, -17.69683173978561186, 17.55753878226749976 ) ) ;
#4032 = ORIENTED_EDGE ( 'NONE', *, *, #1978, .T. ) ;
#4033 = CARTESIAN_POINT ( 'NONE',  ( -7.826437190875039640, -18.36642339129869939, 16.42128179083999839 ) ) ;
#4034 = VERTEX_POINT ( 'NONE', #2509 ) ;
#4035 = EDGE_LOOP ( 'NONE', ( #2093, #475, #3096, #3574 ) ) ;
#4036 = EDGE_LOOP ( 'NONE', ( #2400, #1433, #1504, #3082 ) ) ;
#4037 = DIRECTION ( 'NONE',  ( -0.08429787499881302715, 0.9963248184195923063, 0.01518961723845790347 ) ) ;
#4038 = DIRECTION ( 'NONE',  ( -0.08429787499881831458, 0.9963248184195921953, 0.01518961723843930377 ) ) ;
#4039 = LINE ( 'NONE', #1527, #3543 ) ;
#4040 = VERTEX_POINT ( 'NONE', #587 ) ;
#4041 = EDGE_CURVE ( 'NONE', #749, #167, #1555, .T. ) ;
#4042 = DIRECTION ( 'NONE',  ( -0.9610035431789897276, 0.000000000000000000, 0.2765360555107194696 ) ) ;
#4043 = LINE ( 'NONE', #3439, #2361 ) ;
#4044 = EDGE_LOOP ( 'NONE', ( #1929, #3728, #2717, #3057 ) ) ;
#4045 = CARTESIAN_POINT ( 'NONE',  ( -8.356353224740709962, -17.77837411092312081, 17.58907658164569909 ) ) ;
#4046 = DIRECTION ( 'NONE',  ( -0.8724479280923818081, -0.06643530534973238200, -0.4841703863005232811 ) ) ;
#4047 = ORIENTED_EDGE ( 'NONE', *, *, #2521, .F. ) ;
#4048 = DIRECTION ( 'NONE',  ( 0.000000000000000000, -0.9907169414002586771, 0.1359409504987973416 ) ) ;
#4049 = VERTEX_POINT ( 'NONE', #1539 ) ;
#4050 = DIRECTION ( 'NONE',  ( 0.08429787499880178614, -0.9963248184195937496, -0.01518961723843554636 ) ) ;
#4051 = ORIENTED_EDGE ( 'NONE', *, *, #1945, .F. ) ;
#4052 = FACE_OUTER_BOUND ( 'NONE', #334, .T. ) ;
#4053 = ORIENTED_EDGE ( 'NONE', *, *, #2387, .F. ) ;
#4054 = FACE_OUTER_BOUND ( 'NONE', #3333, .T. ) ;
#4055 = DIRECTION ( 'NONE',  ( -0.8724479280923818081, -0.06643530534973238200, -0.4841703863005232811 ) ) ;
#4056 = DIRECTION ( 'NONE',  ( 0.4813818453556189536, 0.05406668479069660221, -0.8748418786030779382 ) ) ;
#4057 = DIRECTION ( 'NONE',  ( -0.4813818453556411581, -0.05406668479067331529, 0.8748418786030671690 ) ) ;
#4058 = AXIS2_PLACEMENT_3D ( 'NONE', #2377, #1440, #2982 ) ;
#4059 = ORIENTED_EDGE ( 'NONE', *, *, #745, .F. ) ;
#4060 = CARTESIAN_POINT ( 'NONE',  ( -6.699640371972401809, -17.68892536616039379, 15.17056578258470445 ) ) ;
#4061 = LINE ( 'NONE', #240, #3308 ) ;
#4062 = AXIS2_PLACEMENT_3D ( 'NONE', #1928, #3213, #339 ) ;
#4063 = EDGE_CURVE ( 'NONE', #3033, #3442, #2183, .T. ) ;
#4064 = EDGE_CURVE ( 'NONE', #141, #1739, #875, .T. ) ;
#4065 = CIRCLE ( 'NONE', #142, 0.02559055118110303492 ) ;
#4066 = ORIENTED_EDGE ( 'NONE', *, *, #711, .T. ) ;
#4067 = DIRECTION ( 'NONE',  ( -0.4813818453556409915, -0.05406668479067270466, 0.8748418786030671690 ) ) ;
#4068 = DIRECTION ( 'NONE',  ( -0.3702968350044038570, -0.8921078494242128398, -0.2588896270255479637 ) ) ;
#4069 = AXIS2_PLACEMENT_3D ( 'NONE', #677, #1941, #337 ) ;
#4070 = ADVANCED_FACE ( 'NONE', ( #1842 ), #627, .T. ) ;
#4071 = CARTESIAN_POINT ( 'NONE',  ( -6.828154274548091429, -18.36422135010122147, 16.63320436050549134 ) ) ;
#4072 = ORIENTED_EDGE ( 'NONE', *, *, #2149, .T. ) ;
#4073 = CARTESIAN_POINT ( 'NONE',  ( -8.121043458652382085, -17.84857108896759925, 17.75376030601901789 ) ) ;
#4074 = DIRECTION ( 'NONE',  ( -0.8724479280923781443, -0.06643530534971590906, -0.4841703863005322184 ) ) ;
#4075 = EDGE_LOOP ( 'NONE', ( #3232, #1383, #2779, #2929 ) ) ;
#4076 = DIRECTION ( 'NONE',  ( 0.8724479280923769231, 0.06643530534972112711, 0.4841703863005333841 ) ) ;
#4077 = EDGE_CURVE ( 'NONE', #358, #740, #2280, .T. ) ;
#4078 = DIRECTION ( 'NONE',  ( -0.4813818453556409915, -0.05406668479067330141, 0.8748418786030671690 ) ) ;
#4079 = CARTESIAN_POINT ( 'NONE',  ( -6.218763561173189736, -17.65230748179049414, 15.43743134982980258 ) ) ;
#4080 = DIRECTION ( 'NONE',  ( 0.08429787499881304103, -0.9963248184195923063, -0.01518961723845793123 ) ) ;
#4081 = CIRCLE ( 'NONE', #3436, 0.1309055118110285798 ) ;
#4082 = ORIENTED_EDGE ( 'NONE', *, *, #89, .F. ) ;
#4083 = DIRECTION ( 'NONE',  ( 0.08429787499881302715, -0.9963248184195923063, -0.01518961723845790347 ) ) ;
#4084 = AXIS2_PLACEMENT_3D ( 'NONE', #95, #3279, #1049 ) ;
#4085 = CARTESIAN_POINT ( 'NONE',  ( -6.482311489415845784, -18.60431686747708824, 14.78355322533279548 ) ) ;
#4086 = CIRCLE ( 'NONE', #968, 0.1968503937007865801 ) ;
#4087 = EDGE_LOOP ( 'NONE', ( #2590, #2698, #46, #3984 ) ) ;
#4088 = VECTOR ( 'NONE', #3353, 39.37007874015748854 ) ;
#4089 = CIRCLE ( 'NONE', #2299, 0.1181102362204732720 ) ;
#4090 = ORIENTED_EDGE ( 'NONE', *, *, #3399, .F. ) ;
#4091 = CARTESIAN_POINT ( 'NONE',  ( -7.360563475494015684, -19.07370045152240223, 18.09649947055751795 ) ) ;
#4092 = DIRECTION ( 'NONE',  ( 0.8724479281403000330, 0.06643530478332365652, 0.4841703862918970147 ) ) ;
#4093 = FACE_OUTER_BOUND ( 'NONE', #2385, .T. ) ;
#4094 = EDGE_CURVE ( 'NONE', #1054, #1599, #1477, .T. ) ;
#4095 = VERTEX_POINT ( 'NONE', #2763 ) ;
#4096 = FACE_OUTER_BOUND ( 'NONE', #1089, .T. ) ;
#4097 = ORIENTED_EDGE ( 'NONE', *, *, #1902, .T. ) ;
#4098 = CARTESIAN_POINT ( 'NONE',  ( -7.426842076281083393, -19.05132958289110334, 16.26131189515060882 ) ) ;
#4099 = FACE_OUTER_BOUND ( 'NONE', #954, .T. ) ;
#4100 = CARTESIAN_POINT ( 'NONE',  ( -7.489301124984369729, -18.25151318581429294, 15.93885497059821077 ) ) ;
#4101 = CARTESIAN_POINT ( 'NONE',  ( -7.481829619414822830, -17.64044405183200936, 18.11835039278019721 ) ) ;
#4102 = EDGE_CURVE ( 'NONE', #3064, #3198, #2123, .T. ) ;
#4103 = ORIENTED_EDGE ( 'NONE', *, *, #1959, .F. ) ;
#4104 = ADVANCED_FACE ( 'NONE', ( #1604 ), #351, .T. ) ;
#4105 = CARTESIAN_POINT ( 'NONE',  ( -8.352378773841081738, -17.70467842939379821, 17.50035330357059138 ) ) ;
#4106 = DIRECTION ( 'NONE',  ( -0.4813818453556408805, -0.05406668479068088562, 0.8748418786030668359 ) ) ;
#4107 = EDGE_CURVE ( 'NONE', #485, #2891, #1618, .T. ) ;
#4108 = ORIENTED_EDGE ( 'NONE', *, *, #3599, .F. ) ;
#4109 = ORIENTED_EDGE ( 'NONE', *, *, #2100, .T. ) ;
#4110 = CYLINDRICAL_SURFACE ( 'NONE', #3504, 0.07874015748031573669 ) ;
#4111 = CARTESIAN_POINT ( 'NONE',  ( -7.426842076281083393, -19.05132958289110334, 16.26131189515060882 ) ) ;
ENDSEC;
END-ISO-10303-21;
